customer_id,sessions_count,total_events,total_time_spent,average_session_duration,page_views_count,days_since_last_activity,products_viewed,unique_products_viewed,product_interactions,search_count,form_submit_count,high_intent_page_visits,cart_item_count,cart_value,wishlist_item_count,checkout_attempts,orders_count,total_order_value,average_order_value,cart_to_session_ratio,checkout_to_cart_ratio,high_intent_ratio,product_interaction_density,converted_in_window
cust_0001,4,48,1325.7,331.43,29,0.77,8,6,12,2,0,2,1,70.59,1,1,0,0.0,0.0,0.25,1.0,0.069,3.0,1
cust_0002,3,35,675.11,225.04,16,13.43,5,5,9,1,0,0,2,337.39,1,1,1,71.51,71.51,0.667,0.5,0.0,3.0,1
cust_0003,3,38,265.62,88.54,17,4.93,4,1,5,0,0,2,3,376.18,1,0,2,656.51,328.26,1.0,0.0,0.118,1.667,1
cust_0004,3,18,859.02,286.34,12,1.38,6,2,7,0,1,0,2,332.2,1,1,0,0.0,0.0,0.667,0.5,0.0,2.333,1
cust_0005,2,29,701.11,350.55,14,4.89,3,3,6,2,0,0,0,0.0,0,0,1,135.3,135.3,0.0,0.0,0.0,3.0,0
cust_0006,1,9,159.23,159.23,5,1.03,1,1,2,1,0,0,6,791.03,1,1,1,558.11,558.11,6.0,0.167,0.0,2.0,1
cust_0007,4,47,480.26,120.06,30,21.89,11,3,14,3,0,1,1,182.53,1,0,1,222.14,222.14,0.25,0.0,0.033,3.5,0
cust_0008,5,57,494.27,98.85,28,6.1,7,6,11,3,0,0,3,39.65,3,1,0,0.0,0.0,0.6,0.333,0.0,2.2,1
cust_0009,4,40,412.19,103.05,20,1.49,7,4,10,1,0,3,0,0.0,1,0,1,162.01,162.01,0.0,0.0,0.15,2.5,0
cust_0010,8,119,1649.27,206.16,75,2.9,27,9,30,3,0,2,0,0.0,0,0,2,224.36,112.18,0.0,0.0,0.027,3.75,1
cust_0011,3,19,377.31,125.77,11,12.9,3,1,7,2,0,2,2,236.48,1,0,2,226.67,113.34,0.667,0.0,0.182,2.333,0
cust_0012,1,8,64.44,64.44,4,15.42,1,1,3,1,0,0,1,101.71,1,1,0,0.0,0.0,1.0,1.0,0.0,3.0,0
cust_0013,4,21,241.97,60.49,13,0.42,2,2,3,2,1,0,0,0.0,0,0,0,0.0,0.0,0.0,0.0,0.0,0.75,0
cust_0014,7,42,1932.58,276.08,27,0.62,7,6,7,1,0,1,4,783.49,0,2,0,0.0,0.0,0.571,0.5,0.037,1.0,1
cust_0015,8,94,1707.4,213.43,44,24.91,19,6,23,1,1,1,0,0.0,0,0,1,211.29,211.29,0.0,0.0,0.023,2.875,0
cust_0016,7,28,2338.07,334.01,11,4.02,4,1,7,2,0,1,3,261.37,0,1,0,0.0,0.0,0.429,0.333,0.091,1.0,1
cust_0017,2,27,431.95,215.98,13,2.15,3,2,3,0,0,0,0,0.0,1,0,1,116.37,116.37,0.0,0.0,0.0,1.5,0
cust_0018,11,120,792.53,72.05,72,1.31,34,7,35,1,0,0,0,0.0,1,0,2,319.19,159.6,0.0,0.0,0.0,3.182,1
cust_0019,2,17,232.54,116.27,11,6.46,4,4,4,0,0,0,3,362.93,1,1,2,275.83,137.92,1.5,0.333,0.0,2.0,1
cust_0020,2,15,558.66,279.33,9,14.74,3,3,3,1,0,0,2,134.94,1,0,0,0.0,0.0,1.0,0.0,0.0,1.5,0
cust_0021,4,21,259.29,64.82,9,7.36,2,1,3,3,0,2,1,107.73,1,1,2,105.68,52.84,0.25,1.0,0.222,0.75,0
cust_0022,3,42,141.57,47.19,27,0.21,16,10,19,1,0,0,0,0.0,0,0,0,0.0,0.0,0.0,0.0,0.0,6.333,0
cust_0023,3,35,1053.07,351.02,22,6.61,10,8,13,3,0,0,3,207.36,2,0,0,0.0,0.0,1.0,0.0,0.0,4.333,0
cust_0024,3,23,1022.04,340.68,14,3.73,4,1,6,2,0,2,3,373.07,1,1,0,0.0,0.0,1.0,0.333,0.143,2.0,1
cust_0025,9,43,2600.08,288.9,26,11.48,7,1,10,3,0,0,4,247.42,1,1,1,181.35,181.35,0.444,0.25,0.0,1.111,1
cust_0026,3,22,826.9,275.63,14,7.41,7,3,9,0,0,0,4,132.69,2,0,0,0.0,0.0,1.333,0.0,0.0,3.0,0
cust_0027,13,78,3042.17,234.01,51,33.62,18,15,22,1,0,0,1,87.14,2,0,0,0.0,0.0,0.077,0.0,0.0,1.692,0
cust_0028,7,88,2045.68,292.24,56,9.12,13,10,14,0,0,2,2,242.22,1,1,0,0.0,0.0,0.286,0.5,0.036,2.0,1
cust_0029,9,107,700.91,77.88,46,10.01,9,1,11,0,0,1,0,0.0,2,0,0,0.0,0.0,0.0,0.0,0.022,1.222,0
cust_0030,5,47,567.61,113.52,28,7.34,10,10,11,2,1,1,0,0.0,1,0,2,230.35,115.18,0.0,0.0,0.036,2.2,0
cust_0031,6,82,575.65,95.94,53,3.73,19,16,19,1,1,0,1,85.85,0,0,1,136.57,136.57,0.167,0.0,0.0,3.167,0
cust_0032,5,29,880.04,176.01,13,9.96,6,4,7,1,0,1,0,0.0,0,0,0,0.0,0.0,0.0,0.0,0.077,1.4,0
cust_0033,2,17,92.79,46.4,7,4.05,3,1,4,1,0,1,1,55.31,0,0,1,236.07,236.07,0.5,0.0,0.143,2.0,0
cust_0034,8,94,2336.32,292.04,59,12.64,29,11,30,1,0,1,1,93.85,0,0,0,0.0,0.0,0.125,0.0,0.017,3.75,0
cust_0035,2,9,95.91,47.95,4,2.7,1,1,1,2,0,1,1,51.5,2,1,1,124.83,124.83,0.5,1.0,0.25,0.5,1
cust_0036,10,80,2353.5,235.35,41,4.58,18,5,21,0,0,2,0,0.0,0,0,2,294.11,147.06,0.0,0.0,0.049,2.1,0
cust_0037,9,92,815.55,90.62,47,8.76,26,6,28,1,2,0,1,34.28,1,0,1,175.77,175.77,0.111,0.0,0.0,3.111,0
cust_0038,6,48,1039.61,173.27,22,9.9,5,1,9,3,0,0,1,112.05,1,0,0,0.0,0.0,0.167,0.0,0.0,1.5,0
cust_0039,11,102,1686.3,153.3,69,11.04,33,2,34,1,1,0,1,105.06,0,3,0,0.0,0.0,0.091,3.0,0.0,3.091,1
cust_0040,4,42,143.98,36.0,26,12.05,12,6,13,1,1,1,0,0.0,1,0,0,0.0,0.0,0.0,0.0,0.038,3.25,0
cust_0041,3,24,471.94,157.31,11,3.83,5,2,7,1,0,0,3,310.12,2,1,0,0.0,0.0,1.0,0.333,0.0,2.333,0
cust_0042,4,20,280.1,70.03,8,22.31,2,1,4,2,0,1,1,171.34,0,1,0,0.0,0.0,0.25,1.0,0.125,1.0,0
cust_0043,7,38,259.15,37.02,19,0.3,6,4,6,0,0,0,2,70.16,0,2,1,276.93,276.93,0.286,1.0,0.0,0.857,0
cust_0044,1,9,144.03,144.03,4,2.09,1,1,3,2,1,0,0,0.0,0,0,0,0.0,0.0,0.0,0.0,0.0,3.0,0
cust_0045,5,29,215.27,43.05,11,0.73,3,1,3,1,1,3,0,0.0,1,0,3,849.17,283.06,0.0,0.0,0.273,0.6,0
cust_0046,10,137,3379.58,337.96,91,11.13,53,16,56,1,0,0,2,156.45,1,1,1,170.77,170.77,0.2,0.5,0.0,5.6,1
cust_0047,4,52,281.96,70.49,34,3.2,12,8,12,0,0,1,0,0.0,0,0,0,0.0,0.0,0.0,0.0,0.029,3.0,0
cust_0048,15,117,2251.05,150.07,76,2.22,40,19,41,2,0,1,0,0.0,0,0,0,0.0,0.0,0.0,0.0,0.013,2.733,1
cust_0049,5,65,692.84,138.57,41,6.55,21,15,25,0,0,2,1,90.03,3,0,1,202.2,202.2,0.2,0.0,0.049,5.0,1
cust_0050,1,9,237.35,237.35,5,9.65,1,1,2,1,1,0,0,0.0,2,0,0,0.0,0.0,0.0,0.0,0.0,2.0,0
cust_0051,10,57,880.1,88.01,33,9.66,19,19,19,4,0,0,3,157.52,4,1,0,0.0,0.0,0.3,0.333,0.0,1.9,1
cust_0052,2,21,190.9,95.45,14,8.15,7,1,8,0,0,1,2,89.54,0,1,0,0.0,0.0,1.0,0.5,0.071,4.0,0
cust_0053,2,22,281.08,140.54,13,48.27,5,4,8,4,1,1,1,60.85,0,1,0,0.0,0.0,0.5,1.0,0.077,4.0,0
cust_0054,6,29,441.7,73.62,17,19.68,5,1,8,1,0,2,1,99.27,1,0,1,143.01,143.01,0.167,0.0,0.118,1.333,0
cust_0055,5,37,495.11,99.02,23,2.73,5,2,9,2,1,0,4,420.58,2,0,0,0.0,0.0,0.8,0.0,0.0,1.8,1
cust_0056,12,48,943.52,78.63,22,14.22,8,8,12,2,0,0,1,53.7,1,2,1,119.64,119.64,0.083,2.0,0.0,1.0,1
cust_0057,8,59,1295.25,161.91,40,8.42,13,5,16,1,0,0,1,45.03,2,1,1,167.88,167.88,0.125,1.0,0.0,2.0,0
cust_0058,3,23,620.03,206.68,9,0.73,4,3,7,0,0,0,2,243.53,1,2,0,0.0,0.0,0.667,1.0,0.0,2.333,1
cust_0059,8,87,2032.46,254.06,51,0.51,10,7,11,0,0,0,0,0.0,1,0,0,0.0,0.0,0.0,0.0,0.0,1.375,0
cust_0060,6,37,1461.51,243.59,15,16.08,7,4,10,1,0,1,1,326.52,3,0,0,0.0,0.0,0.167,0.0,0.067,1.667,0
cust_0061,14,60,2493.76,178.13,39,7.87,14,6,14,1,0,0,1,123.9,0,1,1,262.76,262.76,0.071,1.0,0.0,1.0,1
cust_0062,2,14,353.18,176.59,9,8.47,3,1,4,3,1,0,4,563.95,1,1,2,407.82,203.91,2.0,0.25,0.0,2.0,1
cust_0063,8,104,1391.81,173.98,54,4.1,14,5,16,0,0,0,2,188.46,0,0,0,0.0,0.0,0.25,0.0,0.0,2.0,1
cust_0064,5,41,637.87,127.57,26,26.64,14,14,18,1,0,0,0,0.0,1,0,1,248.89,248.89,0.0,0.0,0.0,3.6,0
cust_0065,10,85,621.44,62.14,42,12.49,15,7,19,1,0,0,2,195.25,0,1,1,239.74,239.74,0.2,0.5,0.0,1.9,1
cust_0066,3,27,898.85,299.62,12,26.28,6,4,10,0,0,1,1,76.59,2,1,0,0.0,0.0,0.333,1.0,0.083,3.333,0
cust_0067,5,61,866.85,173.37,29,1.05,8,8,9,2,0,2,1,81.27,2,0,1,189.39,189.39,0.2,0.0,0.069,1.8,0
cust_0068,5,46,1053.86,210.77,22,8.76,5,4,8,1,1,0,2,107.9,0,1,0,0.0,0.0,0.4,0.5,0.0,1.6,0
cust_0069,3,15,280.95,93.65,8,10.15,3,3,3,1,0,0,1,127.71,1,0,0,0.0,0.0,0.333,0.0,0.0,1.0,0
cust_0070,10,62,4183.59,418.36,39,1.35,23,19,25,1,0,0,1,79.5,1,2,1,179.59,179.59,0.1,2.0,0.0,2.5,1
cust_0071,8,48,2208.73,276.09,22,4.25,10,5,14,2,0,1,0,0.0,1,0,0,0.0,0.0,0.0,0.0,0.045,1.75,0
cust_0072,2,19,207.8,103.9,8,2.42,3,2,4,0,0,0,0,0.0,0,0,1,32.41,32.41,0.0,0.0,0.0,2.0,0
cust_0073,3,12,268.79,89.6,5,41.64,1,1,1,2,0,0,1,35.23,1,1,1,201.18,201.18,0.333,1.0,0.0,0.333,0
cust_0074,7,49,1462.84,208.98,23,7.84,7,2,10,1,0,0,0,0.0,1,0,0,0.0,0.0,0.0,0.0,0.0,1.429,0
cust_0075,18,192,2286.24,127.01,92,3.79,34,9,36,1,0,2,0,0.0,1,0,3,529.82,176.61,0.0,0.0,0.022,2.0,1
cust_0076,1,7,160.89,160.89,3,10.92,0,0,4,0,1,0,0,0.0,2,0,0,0.0,0.0,0.0,0.0,0.0,4.0,0
cust_0077,12,141,3473.94,289.49,76,10.77,23,10,26,3,0,1,0,0.0,1,0,1,189.14,189.14,0.0,0.0,0.013,2.167,0
cust_0078,6,49,953.09,158.85,32,4.27,12,4,13,3,0,0,1,280.1,0,1,0,0.0,0.0,0.167,1.0,0.0,2.167,1
cust_0079,4,59,489.45,122.36,25,51.03,6,1,10,1,0,0,0,0.0,0,0,1,236.15,236.15,0.0,0.0,0.0,2.5,0
cust_0080,4,58,715.75,178.94,38,16.55,19,1,20,1,0,1,0,0.0,2,0,0,0.0,0.0,0.0,0.0,0.026,5.0,0
cust_0081,3,38,148.52,49.51,20,5.11,4,2,7,2,1,1,1,192.76,0,0,0,0.0,0.0,0.333,0.0,0.05,2.333,0
cust_0082,4,57,616.76,154.19,34,10.79,11,5,13,1,0,2,0,0.0,4,0,1,131.23,131.23,0.0,0.0,0.059,3.25,0
cust_0083,2,12,109.67,54.84,7,12.4,2,1,6,1,0,0,4,318.07,1,3,1,55.8,55.8,2.0,0.75,0.0,3.0,1
cust_0084,4,49,794.72,198.68,24,1.91,13,1,17,0,0,1,2,208.39,1,0,1,198.32,198.32,0.5,0.0,0.042,4.25,1
cust_0085,5,37,126.18,25.24,25,21.05,10,5,10,0,0,0,0,0.0,1,0,0,0.0,0.0,0.0,0.0,0.0,2.0,0
cust_0086,7,83,883.11,126.16,35,17.49,11,1,15,4,0,1,1,198.84,1,1,0,0.0,0.0,0.143,1.0,0.029,2.143,0
cust_0087,1,8,332.92,332.92,4,14.09,1,1,1,1,0,1,0,0.0,0,0,0,0.0,0.0,0.0,0.0,0.25,1.0,0
cust_0088,1,7,263.32,263.32,3,2.52,1,1,4,0,0,0,1,99.93,1,1,0,0.0,0.0,1.0,1.0,0.0,4.0,0
cust_0089,5,72,797.64,159.53,37,1.46,10,6,13,0,0,1,2,323.57,1,1,1,135.93,135.93,0.4,0.5,0.027,2.6,1
cust_0090,16,100,5630.48,351.91,53,1.99,13,3,15,3,0,0,3,171.14,1,0,1,174.36,174.36,0.188,0.0,0.0,0.938,0
cust_0091,9,111,898.77,99.86,74,0.98,29,3,32,0,0,1,3,300.68,2,3,1,301.26,301.26,0.333,1.0,0.014,3.556,1
cust_0092,2,22,142.73,71.37,11,28.18,3,3,5,0,1,0,3,41.09,1,1,2,234.62,117.31,1.5,0.333,0.0,2.5,0
cust_0093,2,14,240.02,120.01,8,19.07,1,1,2,1,0,2,4,161.23,0,0,0,0.0,0.0,2.0,0.0,0.25,1.0,0
cust_0094,7,63,831.09,118.73,43,0.95,12,12,12,1,0,1,2,141.83,1,0,0,0.0,0.0,0.286,0.0,0.023,1.714,0
cust_0095,5,27,619.52,123.9,14,11.33,5,3,6,0,0,1,0,0.0,0,0,0,0.0,0.0,0.0,0.0,0.071,1.2,0
cust_0096,2,28,283.77,141.89,14,2.82,4,3,6,0,0,2,1,53.29,2,2,0,0.0,0.0,0.5,2.0,0.143,3.0,0
cust_0097,1,14,44.02,44.02,9,0.17,2,1,6,0,0,0,1,69.35,1,1,0,0.0,0.0,1.0,1.0,0.0,6.0,0
cust_0098,2,24,168.58,84.29,15,3.46,6,2,6,1,0,2,2,162.19,2,1,0,0.0,0.0,1.0,0.5,0.133,3.0,1
cust_0099,2,26,198.86,99.43,17,5.8,8,4,9,1,0,1,0,0.0,1,0,0,0.0,0.0,0.0,0.0,0.059,4.5,0
cust_0100,4,19,1389.26,347.31,9,0.2,2,2,3,2,1,1,2,93.67,2,0,0,0.0,0.0,0.5,0.0,0.111,0.75,0
cust_0101,8,65,787.22,98.4,39,3.91,15,3,16,0,0,0,2,229.71,1,2,0,0.0,0.0,0.25,1.0,0.0,2.0,1
cust_0102,4,30,417.11,104.28,14,12.05,7,2,10,1,0,1,2,193.72,0,1,0,0.0,0.0,0.5,0.5,0.071,2.5,0
cust_0103,15,153,3077.7,205.18,100,2.59,47,5,51,1,0,1,1,99.78,0,2,0,0.0,0.0,0.067,2.0,0.01,3.4,1
cust_0104,8,48,967.13,120.89,32,6.63,7,6,8,2,2,0,3,398.74,4,0,1,138.72,138.72,0.375,0.0,0.0,1.0,1
cust_0105,5,50,2004.91,400.98,24,21.86,8,6,9,1,1,1,1,65.71,2,1,1,98.31,98.31,0.2,1.0,0.042,1.8,0
cust_0106,9,100,1952.02,216.89,43,0.29,21,18,22,0,0,1,1,338.66,2,1,0,0.0,0.0,0.111,1.0,0.023,2.444,1
cust_0107,10,54,1977.1,197.71,24,15.4,6,5,10,0,0,1,4,671.13,1,1,1,107.6,107.6,0.4,0.25,0.042,1.0,1
cust_0108,5,27,241.76,48.35,15,4.84,4,1,5,0,0,0,2,141.36,3,0,2,562.59,281.3,0.4,0.0,0.0,1.0,0
cust_0109,9,39,1483.1,164.79,18,7.79,8,4,8,1,0,1,2,92.1,0,0,1,211.71,211.71,0.222,0.0,0.056,0.889,0
cust_0110,2,24,296.73,148.37,14,2.62,4,2,7,0,0,0,1,209.8,1,0,1,241.73,241.73,0.5,0.0,0.0,3.5,0
cust_0111,4,30,968.87,242.22,15,8.65,4,2,7,0,0,0,0,0.0,1,0,0,0.0,0.0,0.0,0.0,0.0,1.75,0
cust_0112,27,174,5421.38,200.79,117,13.12,47,16,48,0,0,0,2,55.66,0,1,0,0.0,0.0,0.074,0.5,0.0,1.778,1
cust_0113,9,113,1637.54,181.95,60,2.25,30,16,34,2,0,0,2,429.92,0,0,1,70.23,70.23,0.222,0.0,0.0,3.778,1
cust_0114,4,22,678.98,169.75,12,4.2,4,4,8,1,0,3,2,67.62,2,2,0,0.0,0.0,0.5,1.0,0.25,2.0,1
cust_0115,1,8,98.59,98.59,4,8.38,2,1,4,0,0,3,1,90.36,2,2,0,0.0,0.0,1.0,2.0,0.75,4.0,0
cust_0116,5,60,357.99,71.6,25,5.39,6,3,8,4,0,3,1,19.96,2,0,1,123.27,123.27,0.2,0.0,0.12,1.6,0
cust_0117,3,30,520.0,173.33,16,3.47,8,7,8,1,0,1,1,86.8,0,1,2,759.64,379.82,0.333,1.0,0.062,2.667,0
cust_0118,11,111,813.91,73.99,70,6.01,29,8,29,2,0,1,2,596.8,0,0,1,162.19,162.19,0.182,0.0,0.014,2.636,1
cust_0119,5,28,706.19,141.24,19,3.44,10,2,14,2,0,1,2,74.72,1,0,0,0.0,0.0,0.4,0.0,0.053,2.8,0
cust_0120,1,5,312.8,312.8,2,3.59,0,0,0,2,0,0,0,0.0,0,0,0,0.0,0.0,0.0,0.0,0.0,0.0,0
cust_0121,3,31,1050.02,350.01,19,9.43,7,1,9,0,0,1,0,0.0,1,0,1,135.4,135.4,0.0,0.0,0.053,3.0,0
cust_0122,3,12,361.52,120.51,5,6.48,2,2,6,1,0,1,0,0.0,3,0,2,247.92,123.96,0.0,0.0,0.2,2.0,0
cust_0123,23,311,5852.92,254.47,201,11.3,107,9,109,4,0,2,4,542.37,1,1,0,0.0,0.0,0.174,0.25,0.01,4.739,1
cust_0124,2,15,279.36,139.68,7,18.17,2,2,3,0,0,0,1,132.62,0,2,0,0.0,0.0,0.5,2.0,0.0,1.5,0
cust_0125,4,34,286.89,71.72,14,28.64,7,3,8,0,3,0,0,0.0,0,0,0,0.0,0.0,0.0,0.0,0.0,2.0,0
cust_0126,2,13,281.71,140.86,7,1.64,3,2,3,2,0,2,2,519.05,0,0,0,0.0,0.0,1.0,0.0,0.286,1.5,1
cust_0127,3,40,1458.5,486.17,26,9.84,9,2,11,1,0,0,4,541.55,1,1,0,0.0,0.0,1.333,0.25,0.0,3.667,1
cust_0128,1,11,192.77,192.77,4,8.73,2,1,6,1,1,1,1,88.5,0,0,0,0.0,0.0,1.0,0.0,0.25,6.0,0
cust_0129,4,35,322.23,80.56,14,20.17,2,2,6,0,0,0,2,477.79,2,0,1,41.37,41.37,0.5,0.0,0.0,1.5,1
cust_0130,6,62,1031.03,171.84,41,22.62,14,6,14,3,0,3,2,265.67,2,1,0,0.0,0.0,0.333,0.5,0.073,2.333,1
cust_0131,2,16,444.88,222.44,9,14.29,2,1,4,2,0,0,0,0.0,4,0,0,0.0,0.0,0.0,0.0,0.0,2.0,0
cust_0132,12,109,3031.93,252.66,70,9.05,40,2,40,1,0,0,0,0.0,0,0,0,0.0,0.0,0.0,0.0,0.0,3.333,0
cust_0133,11,87,1313.46,119.41,36,2.22,8,7,12,2,0,0,3,89.75,0,0,1,85.55,85.55,0.273,0.0,0.0,1.091,0
cust_0134,1,8,355.37,355.37,5,3.24,2,2,3,1,0,1,1,97.5,2,0,0,0.0,0.0,1.0,0.0,0.2,3.0,0
cust_0135,11,82,1442.47,131.13,43,9.23,20,10,22,1,0,0,0,0.0,0,0,0,0.0,0.0,0.0,0.0,0.0,2.0,0
cust_0136,4,19,692.31,173.08,12,1.5,3,3,3,0,0,1,3,585.71,2,3,0,0.0,0.0,0.75,1.0,0.083,0.75,1
cust_0137,3,13,148.29,49.43,5,2.03,1,1,2,2,0,0,3,182.83,0,0,0,0.0,0.0,1.0,0.0,0.0,0.667,0
cust_0138,9,53,2678.29,297.59,35,24.24,7,4,10,1,0,0,1,190.22,1,0,0,0.0,0.0,0.111,0.0,0.0,1.111,0
cust_0139,5,33,316.24,63.25,19,31.31,5,3,7,1,0,0,0,0.0,1,0,2,653.58,326.79,0.0,0.0,0.0,1.4,0
cust_0140,1,13,212.69,212.69,7,0.05,3,1,7,1,0,0,2,192.32,2,2,0,0.0,0.0,2.0,1.0,0.0,7.0,1
cust_0141,10,107,1044.97,104.5,44,19.84,25,1,29,1,0,2,1,62.73,1,2,0,0.0,0.0,0.1,2.0,0.045,2.9,1
cust_0142,3,43,190.8,63.6,26,27.81,14,4,17,2,0,1,1,122.81,1,1,0,0.0,0.0,0.333,1.0,0.038,5.667,0
cust_0143,6,46,652.06,108.68,26,7.46,8,1,10,2,1,0,1,142.03,0,0,0,0.0,0.0,0.167,0.0,0.0,1.667,0
cust_0144,11,92,526.82,47.89,56,5.96,27,2,27,1,1,1,0,0.0,3,0,1,270.18,270.18,0.0,0.0,0.018,2.455,0
cust_0145,9,107,810.98,90.11,65,25.11,34,16,36,0,0,1,1,53.34,0,1,0,0.0,0.0,0.111,1.0,0.015,4.0,1
cust_0146,8,82,771.26,96.41,43,0.08,22,2,24,3,0,0,1,50.79,0,1,0,0.0,0.0,0.125,1.0,0.0,3.0,0
cust_0147,7,68,457.94,65.42,31,18.36,6,6,9,2,0,0,4,295.71,0,1,2,542.5,271.25,0.571,0.25,0.0,1.286,1
cust_0148,2,20,335.4,167.7,13,3.52,3,3,7,1,0,0,1,34.25,0,0,1,121.71,121.71,0.5,0.0,0.0,3.5,0
cust_0149,4,41,542.02,135.5,27,10.25,15,15,16,1,0,2,2,262.34,0,1,0,0.0,0.0,0.5,0.5,0.074,4.0,1
cust_0150,5,62,836.05,167.21,28,3.9,13,12,17,2,0,0,3,322.7,2,1,0,0.0,0.0,0.6,0.333,0.0,3.4,1
cust_0151,13,147,1281.03,98.54,86,7.4,45,11,47,3,1,0,1,30.33,2,0,0,0.0,0.0,0.077,0.0,0.0,3.615,1
cust_0152,4,58,489.64,122.41,26,16.52,10,6,14,1,0,0,1,38.24,2,2,0,0.0,0.0,0.25,2.0,0.0,3.5,0
cust_0153,5,72,304.56,60.91,47,2.0,16,11,19,2,0,0,3,300.62,1,0,0,0.0,0.0,0.6,0.0,0.0,3.8,1
cust_0154,7,60,648.23,92.6,25,10.9,11,1,12,2,0,3,0,0.0,0,0,0,0.0,0.0,0.0,0.0,0.12,1.714,0
cust_0155,4,17,253.03,63.26,11,22.86,4,3,5,1,0,0,0,0.0,1,0,0,0.0,0.0,0.0,0.0,0.0,1.25,0
cust_0156,8,32,910.54,113.82,18,23.13,6,3,6,3,1,0,0,0.0,1,0,0,0.0,0.0,0.0,0.0,0.0,0.75,0
cust_0157,10,53,925.92,92.59,21,22.45,7,5,11,2,0,1,1,48.54,2,1,1,142.66,142.66,0.1,1.0,0.048,1.1,0
cust_0158,7,33,1488.15,212.59,21,7.31,5,5,9,1,0,0,0,0.0,2,0,0,0.0,0.0,0.0,0.0,0.0,1.286,0
cust_0159,2,16,448.47,224.23,9,14.6,3,1,6,2,0,1,1,112.63,0,1,0,0.0,0.0,0.5,1.0,0.111,3.0,0
cust_0160,1,4,155.57,155.57,2,5.92,0,0,4,1,0,0,2,131.13,1,1,0,0.0,0.0,2.0,0.5,0.0,4.0,0
cust_0161,5,54,1100.96,220.19,26,6.16,11,9,14,2,0,0,1,41.56,1,3,0,0.0,0.0,0.2,3.0,0.0,2.8,1
cust_0162,12,73,1970.36,164.2,36,3.34,8,4,8,2,0,0,3,160.23,1,0,0,0.0,0.0,0.25,0.0,0.0,0.667,0
cust_0163,2,19,201.78,100.89,12,3.36,6,5,8,0,0,0,2,267.67,0,0,1,391.26,391.26,1.0,0.0,0.0,4.0,0
cust_0164,6,30,879.58,146.6,17,0.39,8,6,12,1,0,1,2,155.13,1,1,0,0.0,0.0,0.333,0.5,0.059,2.0,0
cust_0165,6,78,1930.88,321.81,31,7.58,7,5,9,1,0,2,1,72.28,2,2,1,47.59,47.59,0.167,2.0,0.065,1.5,1
cust_0166,5,62,1215.54,243.11,30,3.69,6,3,6,2,1,0,1,66.77,1,1,0,0.0,0.0,0.2,1.0,0.0,1.2,0
cust_0167,6,49,850.33,141.72,28,2.08,12,12,16,0,0,1,2,198.5,1,1,0,0.0,0.0,0.333,0.5,0.036,2.667,1
cust_0168,3,42,142.57,47.52,18,1.3,6,4,10,2,0,0,0,0.0,0,0,0,0.0,0.0,0.0,0.0,0.0,3.333,0
cust_0169,3,18,1149.85,383.28,7,4.26,2,2,4,1,0,0,0,0.0,3,0,0,0.0,0.0,0.0,0.0,0.0,1.333,0
cust_0170,5,64,638.9,127.78,26,22.93,13,10,13,1,0,1,1,74.1,1,2,1,43.32,43.32,0.2,2.0,0.038,2.6,1
cust_0171,2,20,524.22,262.11,11,7.27,3,3,3,0,0,0,1,47.85,1,0,0,0.0,0.0,0.5,0.0,0.0,1.5,0
cust_0172,5,38,693.37,138.67,18,8.14,8,1,10,3,0,1,3,161.7,3,2,0,0.0,0.0,0.6,0.667,0.056,2.0,1
cust_0173,8,39,326.02,40.75,19,0.56,7,7,9,2,1,1,2,191.96,1,1,1,43.5,43.5,0.25,0.5,0.053,1.125,1
cust_0174,6,35,1710.56,285.09,14,7.34,4,4,8,0,0,1,1,46.86,0,3,0,0.0,0.0,0.167,3.0,0.071,1.333,1
cust_0175,5,67,833.58,166.72,41,11.01,13,7,13,0,1,1,0,0.0,2,0,0,0.0,0.0,0.0,0.0,0.024,2.6,0
cust_0176,5,53,250.9,50.18,33,1.63,19,16,20,1,0,2,2,35.23,2,0,0,0.0,0.0,0.4,0.0,0.061,4.0,0
cust_0177,2,13,239.44,119.72,8,41.08,2,2,2,3,0,2,0,0.0,1,0,1,310.72,310.72,0.0,0.0,0.25,1.0,0
cust_0178,11,103,1848.97,168.09,61,24.66,31,4,35,0,1,0,0,0.0,1,0,0,0.0,0.0,0.0,0.0,0.0,3.182,1
cust_0179,2,10,312.92,156.46,6,49.77,3,3,5,2,0,0,3,331.0,2,1,1,240.56,240.56,1.5,0.333,0.0,2.5,0
cust_0180,2,10,485.81,242.9,5,4.47,1,1,5,3,1,0,1,69.5,1,0,0,0.0,0.0,0.5,0.0,0.0,2.5,0
cust_0181,4,55,667.14,166.79,30,17.28,13,3,14,1,0,0,1,171.65,0,0,0,0.0,0.0,0.25,0.0,0.0,3.5,0
cust_0182,6,54,861.9,143.65,25,3.99,12,11,12,0,0,0,0,0.0,3,0,0,0.0,0.0,0.0,0.0,0.0,2.0,0
cust_0183,3,23,209.98,69.99,9,13.83,3,1,4,0,0,1,2,134.38,2,1,0,0.0,0.0,0.667,0.5,0.111,1.333,0
cust_0184,1,14,361.9,361.9,6,29.53,2,1,2,1,0,1,3,343.52,0,1,0,0.0,0.0,3.0,0.333,0.167,2.0,0
cust_0185,10,83,1169.48,116.95,50,1.68,13,6,17,1,0,0,2,333.92,0,1,0,0.0,0.0,0.2,0.5,0.0,1.7,1
cust_0186,5,38,483.92,96.78,25,1.51,8,1,9,0,1,0,3,230.94,0,0,0,0.0,0.0,0.6,0.0,0.0,1.8,0
cust_0187,11,77,824.7,74.97,36,1.1,17,12,21,1,0,0,0,0.0,0,0,0,0.0,0.0,0.0,0.0,0.0,1.909,0
cust_0188,8,81,722.87,90.36,48,16.01,21,17,25,0,0,1,0,0.0,0,0,1,125.55,125.55,0.0,0.0,0.021,3.125,0
cust_0189,3,30,693.74,231.25,16,10.99,4,1,8,1,1,0,0,0.0,0,0,0,0.0,0.0,0.0,0.0,0.0,2.667,0
cust_0190,5,20,284.98,57.0,11,7.39,6,5,7,1,0,2,3,916.09,0,2,1,216.01,216.01,0.6,0.667,0.182,1.4,1
cust_0191,4,44,437.87,109.47,17,14.87,9,1,9,0,0,0,1,94.52,0,2,0,0.0,0.0,0.25,2.0,0.0,2.25,0
cust_0192,5,63,200.43,40.09,27,18.97,7,7,11,1,1,1,1,44.45,1,0,1,124.46,124.46,0.2,0.0,0.037,2.2,0
cust_0193,9,96,755.89,83.99,44,29.86,24,11,28,0,0,1,2,113.67,1,0,0,0.0,0.0,0.222,0.0,0.023,3.111,0
cust_0194,9,122,856.36,95.15,81,2.25,24,3,26,1,0,0,0,0.0,0,0,1,72.31,72.31,0.0,0.0,0.0,2.889,0
cust_0195,6,42,536.17,89.36,17,5.83,7,4,9,1,0,1,0,0.0,0,0,0,0.0,0.0,0.0,0.0,0.059,1.5,0
cust_0196,10,61,748.26,74.83,34,25.64,17,7,18,1,1,2,1,143.99,1,2,1,225.19,225.19,0.1,2.0,0.059,1.8,1
cust_0197,6,70,1821.72,303.62,47,6.19,15,2,18,2,0,0,0,0.0,0,0,0,0.0,0.0,0.0,0.0,0.0,3.0,0
cust_0198,1,6,95.28,95.28,3,6.69,1,1,5,0,0,1,3,242.36,0,1,0,0.0,0.0,3.0,0.333,0.333,5.0,0
cust_0199,8,40,1799.75,224.97,21,28.55,7,4,8,1,0,0,2,342.36,1,0,0,0.0,0.0,0.25,0.0,0.0,1.0,0
cust_0200,8,40,826.73,103.34,20,13.27,10,4,10,1,0,0,1,47.79,2,0,0,0.0,0.0,0.125,0.0,0.0,1.25,0
cust_0201,5,62,317.53,63.51,36,8.03,14,7,15,2,0,2,0,0.0,1,0,0,0.0,0.0,0.0,0.0,0.056,3.0,0
cust_0202,6,25,1222.72,203.79,13,4.42,5,3,9,3,0,0,0,0.0,2,0,0,0.0,0.0,0.0,0.0,0.0,1.5,0
cust_0203,4,28,1034.88,258.72,17,24.69,9,9,9,4,0,0,0,0.0,0,0,0,0.0,0.0,0.0,0.0,0.0,2.25,0
cust_0204,14,75,883.42,63.1,43,0.09,20,14,22,1,1,2,2,459.52,2,1,2,115.34,57.67,0.143,0.5,0.047,1.571,1
cust_0205,8,98,1532.21,191.53,55,3.87,22,8,26,0,0,0,1,95.55,1,2,0,0.0,0.0,0.125,2.0,0.0,3.25,1
cust_0206,14,133,1638.67,117.05,91,29.2,34,16,36,1,0,3,0,0.0,0,0,0,0.0,0.0,0.0,0.0,0.033,2.571,0
cust_0207,3,18,1185.96,395.32,11,6.9,2,2,6,3,0,1,3,505.82,0,0,1,124.44,124.44,1.0,0.0,0.091,2.0,1
cust_0208,9,110,2212.67,245.85,64,9.78,14,12,14,1,0,1,2,288.24,2,0,0,0.0,0.0,0.222,0.0,0.016,1.556,0
cust_0209,12,147,3928.22,327.35,82,7.61,47,9,51,0,2,1,2,264.49,1,0,1,282.99,282.99,0.167,0.0,0.012,4.25,1
cust_0210,6,58,625.54,104.26,35,5.06,9,4,13,1,0,0,2,186.89,3,0,1,78.66,78.66,0.333,0.0,0.0,2.167,1
cust_0211,7,49,2374.1,339.16,31,10.94,9,9,10,1,0,2,3,228.29,1,1,2,186.49,93.24,0.429,0.333,0.065,1.429,1
cust_0212,24,250,5196.16,216.51,122,14.54,54,9,57,0,0,0,0,0.0,1,0,2,284.55,142.28,0.0,0.0,0.0,2.375,1
cust_0213,4,57,615.69,153.92,34,4.53,18,13,19,0,0,0,1,83.68,1,3,0,0.0,0.0,0.25,3.0,0.0,4.75,1
cust_0214,7,31,1425.46,203.64,13,8.93,6,6,9,1,0,1,0,0.0,0,0,0,0.0,0.0,0.0,0.0,0.077,1.286,0
cust_0215,7,48,519.29,74.18,25,0.86,13,6,16,0,0,2,2,116.84,1,0,0,0.0,0.0,0.286,0.0,0.08,2.286,0
cust_0216,2,14,309.71,154.85,9,7.93,5,4,5,1,0,0,3,367.94,1,1,0,0.0,0.0,1.5,0.333,0.0,2.5,0
cust_0217,9,98,1047.76,116.42,48,13.77,10,5,14,4,0,1,0,0.0,0,0,0,0.0,0.0,0.0,0.0,0.021,1.556,0
cust_0218,6,66,1566.03,261.01,29,8.8,10,10,12,1,0,2,1,27.69,1,2,1,173.82,173.82,0.167,2.0,0.069,2.0,1
cust_0219,2,12,68.54,34.27,5,21.07,2,1,6,2,0,0,0,0.0,1,0,1,326.24,326.24,0.0,0.0,0.0,3.0,0
cust_0220,12,76,1828.03,152.34,39,3.37,15,11,18,1,0,2,0,0.0,2,0,0,0.0,0.0,0.0,0.0,0.051,1.5,0
cust_0221,5,71,539.08,107.82,33,6.77,18,14,21,2,0,1,2,61.95,1,1,0,0.0,0.0,0.4,0.5,0.03,4.2,0
cust_0222,4,49,1431.09,357.77,25,0.92,5,4,5,5,0,0,0,0.0,6,0,0,0.0,0.0,0.0,0.0,0.0,1.25,0
cust_0223,6,85,763.98,127.33,52,12.04,20,18,21,2,0,0,2,319.51,2,0,0,0.0,0.0,0.333,0.0,0.0,3.5,1
cust_0224,7,91,836.35,119.48,60,5.85,34,8,37,1,0,0,1,105.23,0,1,0,0.0,0.0,0.143,1.0,0.0,5.286,1
cust_0225,8,67,1229.3,153.66,29,7.56,8,3,11,1,0,0,2,92.05,1,1,1,150.83,150.83,0.25,0.5,0.0,1.375,0
cust_0226,2,10,413.97,206.99,6,1.37,3,2,4,0,0,0,0,0.0,0,0,0,0.0,0.0,0.0,0.0,0.0,2.0,0
cust_0227,6,65,272.79,45.46,28,59.34,5,2,7,1,0,3,0,0.0,0,0,0,0.0,0.0,0.0,0.0,0.107,1.167,0
cust_0228,6,47,361.07,60.18,24,14.78,5,4,6,2,0,0,0,0.0,0,0,1,254.84,254.84,0.0,0.0,0.0,1.0,0
cust_0229,8,69,2871.28,358.91,48,5.12,18,13,19,0,0,0,2,317.53,0,1,0,0.0,0.0,0.25,0.5,0.0,2.375,1
cust_0230,3,26,473.84,157.95,10,8.44,2,2,3,2,0,0,7,298.4,2,0,1,75.46,75.46,2.333,0.0,0.0,1.0,0
cust_0231,9,128,4603.78,511.53,52,9.64,15,7,18,1,0,2,0,0.0,0,0,0,0.0,0.0,0.0,0.0,0.038,2.0,0
cust_0232,9,42,718.22,79.8,21,32.38,6,1,8,2,0,0,0,0.0,1,0,1,250.02,250.02,0.0,0.0,0.0,0.889,0
cust_0233,3,18,577.25,192.42,12,14.63,4,2,4,1,0,1,2,167.2,3,1,0,0.0,0.0,0.667,0.5,0.083,1.333,0
cust_0234,4,42,637.89,159.47,17,4.3,6,5,6,1,0,2,0,0.0,2,0,0,0.0,0.0,0.0,0.0,0.118,1.5,0
cust_0235,6,82,1799.45,299.91,38,38.03,21,8,21,1,1,0,1,41.58,0,0,0,0.0,0.0,0.167,0.0,0.0,3.5,0
cust_0236,8,112,427.53,53.44,65,3.59,36,9,40,1,0,0,2,148.11,0,0,0,0.0,0.0,0.25,0.0,0.0,5.0,1
cust_0237,2,20,720.6,360.3,9,8.6,4,3,8,1,0,0,1,110.95,1,0,2,370.67,185.34,0.5,0.0,0.0,4.0,0
cust_0238,5,21,752.03,150.41,8,12.06,3,2,3,1,1,0,0,0.0,1,0,1,66.73,66.73,0.0,0.0,0.0,0.6,0
cust_0239,2,15,267.49,133.74,6,3.16,1,1,3,2,0,2,0,0.0,0,0,1,275.51,275.51,0.0,0.0,0.333,1.5,0
cust_0240,2,28,380.38,190.19,15,31.32,6,6,7,2,0,1,0,0.0,1,0,1,337.95,337.95,0.0,0.0,0.067,3.5,0
cust_0241,2,18,259.56,129.78,10,2.43,2,2,3,2,1,0,3,145.27,1,0,1,54.88,54.88,1.5,0.0,0.0,1.5,0
cust_0242,9,107,1380.87,153.43,65,5.83,24,1,27,0,0,0,0,0.0,0,0,0,0.0,0.0,0.0,0.0,0.0,3.0,0
cust_0243,3,20,829.21,276.4,8,1.98,3,1,6,1,0,1,1,73.23,0,3,1,82.1,82.1,0.333,3.0,0.125,2.0,1
cust_0244,1,4,73.86,73.86,2,20.79,0,0,3,1,0,0,0,0.0,0,0,1,37.61,37.61,0.0,0.0,0.0,3.0,0
cust_0245,4,41,745.61,186.4,23,2.51,12,10,13,1,0,1,0,0.0,2,0,1,29.71,29.71,0.0,0.0,0.043,3.25,0
cust_0246,6,79,1140.99,190.17,36,0.35,11,6,15,2,0,2,4,788.72,0,1,0,0.0,0.0,0.667,0.25,0.056,2.5,1
cust_0247,9,134,3347.44,371.94,75,0.4,16,14,20,1,3,0,3,363.12,2,0,2,58.92,29.46,0.333,0.0,0.0,2.222,1
cust_0248,3,39,342.34,114.11,23,5.34,5,2,5,1,0,1,1,96.78,0,1,1,174.96,174.96,0.333,1.0,0.043,1.667,0
cust_0249,5,50,124.63,24.93,34,7.4,18,17,21,2,0,2,4,527.12,1,0,0,0.0,0.0,0.8,0.0,0.059,4.2,1
cust_0250,6,64,623.7,103.95,37,0.43,14,1,18,0,0,1,3,171.43,1,0,0,0.0,0.0,0.5,0.0,0.027,3.0,0
cust_0251,1,13,87.59,87.59,8,0.97,2,2,5,2,0,1,0,0.0,3,0,0,0.0,0.0,0.0,0.0,0.125,5.0,0
cust_0252,7,29,2334.41,333.49,18,1.03,3,1,4,2,0,1,2,126.04,0,3,1,139.67,139.67,0.286,1.5,0.056,0.571,1
cust_0253,7,101,159.54,22.79,68,11.04,27,16,29,0,0,1,2,274.66,1,0,1,384.47,384.47,0.286,0.0,0.015,4.143,1
cust_0254,6,59,1516.31,252.72,36,3.56,9,3,12,1,0,0,2,256.77,2,0,0,0.0,0.0,0.333,0.0,0.0,2.0,0
cust_0255,14,202,2435.03,173.93,93,8.27,34,17,34,0,0,0,2,200.7,0,0,1,70.34,70.34,0.143,0.0,0.0,2.429,1
cust_0256,10,124,617.14,61.71,60,0.77,24,2,26,1,0,0,3,95.78,1,1,0,0.0,0.0,0.3,0.333,0.0,2.6,1
cust_0257,2,11,360.5,180.25,6,22.27,1,1,3,2,0,1,1,23.81,0,1,0,0.0,0.0,0.5,1.0,0.167,1.5,0
cust_0258,1,5,41.51,41.51,2,3.63,0,0,4,1,0,1,3,189.96,1,0,0,0.0,0.0,3.0,0.0,0.5,4.0,0
cust_0259,12,94,2555.8,212.98,44,15.06,9,4,11,1,1,1,1,66.08,2,0,1,227.13,227.13,0.083,0.0,0.023,0.917,0
cust_0260,5,34,657.49,131.5,20,17.53,8,6,8,2,0,0,3,231.46,3,1,0,0.0,0.0,0.6,0.333,0.0,1.6,0
cust_0261,13,114,420.75,32.37,76,44.15,21,6,25,2,0,1,2,222.94,0,2,0,0.0,0.0,0.154,1.0,0.013,1.923,1
cust_0262,2,21,116.96,58.48,10,13.51,5,4,7,3,0,1,1,56.9,1,0,0,0.0,0.0,0.5,0.0,0.1,3.5,0
cust_0263,5,44,1085.67,217.13,25,5.85,11,7,13,1,0,1,0,0.0,0,0,0,0.0,0.0,0.0,0.0,0.04,2.6,0
cust_0264,3,13,1146.37,382.12,7,1.66,2,1,2,0,1,2,0,0.0,1,0,1,155.71,155.71,0.0,0.0,0.286,0.667,0
cust_0265,2,29,777.38,388.69,12,0.49,4,2,8,1,1,0,2,250.55,2,0,0,0.0,0.0,1.0,0.0,0.0,4.0,0
cust_0266,11,95,2850.21,259.11,40,21.74,11,6,15,2,0,0,0,0.0,1,0,0,0.0,0.0,0.0,0.0,0.0,1.364,0
cust_0267,12,160,593.35,49.45,106,5.92,62,17,64,0,0,2,3,387.48,1,2,0,0.0,0.0,0.25,0.667,0.019,5.333,1
cust_0268,1,4,284.05,284.05,2,13.86,1,1,1,1,0,1,3,363.06,2,1,0,0.0,0.0,3.0,0.333,0.5,1.0,1
cust_0269,5,64,2087.74,417.55,42,6.86,13,8,14,0,0,0,1,125.42,1,3,1,119.52,119.52,0.2,3.0,0.0,2.8,1
cust_0270,2,11,662.97,331.49,5,21.17,2,1,2,3,0,0,1,114.15,0,0,1,154.37,154.37,0.5,0.0,0.0,1.0,0
cust_0271,10,114,1746.23,174.62,55,13.85,13,5,15,1,0,0,1,60.37,2,0,0,0.0,0.0,0.1,0.0,0.0,1.5,0
cust_0272,2,22,136.17,68.08,15,0.89,7,2,9,0,0,3,2,50.9,1,0,0,0.0,0.0,1.0,0.0,0.2,4.5,0
cust_0273,1,14,275.79,275.79,9,13.95,2,1,3,1,1,1,1,65.43,2,2,0,0.0,0.0,1.0,2.0,0.111,3.0,0
cust_0274,2,15,276.77,138.39,9,3.1,2,1,3,0,0,0,2,246.91,2,0,0,0.0,0.0,1.0,0.0,0.0,1.5,0
cust_0275,8,41,1099.98,137.5,20,14.83,8,3,12,2,0,0,0,0.0,2,0,0,0.0,0.0,0.0,0.0,0.0,1.5,0
cust_0276,6,81,858.38,143.06,47,29.66,16,4,18,1,0,1,2,181.33,1,1,1,107.12,107.12,0.333,0.5,0.021,3.0,1
cust_0277,3,22,433.28,144.43,13,26.61,3,2,7,0,0,3,1,167.52,1,1,1,78.9,78.9,0.333,1.0,0.231,2.333,0
cust_0278,5,32,322.73,64.55,18,1.34,7,6,9,3,1,1,2,206.7,2,2,0,0.0,0.0,0.4,1.0,0.056,1.8,1
cust_0279,5,46,566.29,113.26,26,0.56,7,4,7,0,0,0,1,129.03,0,0,0,0.0,0.0,0.2,0.0,0.0,1.4,0
cust_0280,1,5,359.68,359.68,3,15.01,1,1,4,0,0,0,1,31.22,2,0,0,0.0,0.0,1.0,0.0,0.0,4.0,0
cust_0281,2,14,282.91,141.45,8,12.38,2,2,6,0,0,1,0,0.0,0,0,0,0.0,0.0,0.0,0.0,0.125,3.0,0
cust_0282,9,74,978.92,108.77,34,1.94,18,13,22,3,0,0,1,61.46,1,2,0,0.0,0.0,0.111,2.0,0.0,2.444,1
cust_0283,4,28,317.59,79.4,14,11.54,4,1,8,0,0,0,1,61.43,0,1,1,119.87,119.87,0.25,1.0,0.0,2.0,0
cust_0284,6,53,461.79,76.96,33,0.16,18,17,21,2,0,0,1,49.1,2,0,0,0.0,0.0,0.167,0.0,0.0,3.5,0
cust_0285,2,16,435.6,217.8,7,9.97,2,2,5,3,0,0,1,71.26,0,0,0,0.0,0.0,0.5,0.0,0.0,2.5,0
cust_0286,7,87,1200.31,171.47,58,17.86,15,7,16,5,1,1,0,0.0,0,0,0,0.0,0.0,0.0,0.0,0.017,2.286,0
cust_0287,6,84,964.16,160.69,54,10.27,23,3,25,1,0,1,3,200.85,0,0,0,0.0,0.0,0.5,0.0,0.019,4.167,1
cust_0288,11,56,2345.41,213.22,37,0.68,15,5,15,2,1,0,2,254.82,0,1,1,81.87,81.87,0.182,0.5,0.0,1.364,1
cust_0289,8,104,2026.85,253.36,50,47.07,22,1,26,2,0,0,1,106.44,0,0,0,0.0,0.0,0.125,0.0,0.0,3.25,0
cust_0290,12,170,1766.72,147.23,73,4.4,23,14,24,0,1,1,2,395.03,0,0,0,0.0,0.0,0.167,0.0,0.014,2.0,1
cust_0291,6,69,1395.9,232.65,29,4.79,9,9,13,1,1,0,3,418.67,0,1,0,0.0,0.0,0.5,0.333,0.0,2.167,1
cust_0292,21,314,2005.52,95.5,177,0.89,52,15,54,3,1,2,1,101.18,0,0,2,312.2,156.1,0.048,0.0,0.011,2.571,1
cust_0293,14,107,3857.88,275.56,52,1.83,29,2,32,2,0,0,0,0.0,0,0,0,0.0,0.0,0.0,0.0,0.0,2.286,0
cust_0294,9,118,1149.72,127.75,56,3.16,26,18,28,2,0,0,0,0.0,1,0,2,323.96,161.98,0.0,0.0,0.0,3.111,1
cust_0295,8,91,3091.59,386.45,42,16.05,21,4,23,2,0,1,3,378.5,1,1,1,152.14,152.14,0.375,0.333,0.024,2.875,1
cust_0296,7,52,972.4,138.91,29,11.77,8,2,10,2,1,0,4,688.01,1,2,0,0.0,0.0,0.571,0.5,0.0,1.429,1
cust_0297,12,141,832.84,69.4,79,8.76,36,13,37,1,0,0,3,370.45,0,0,0,0.0,0.0,0.25,0.0,0.0,3.083,1
cust_0298,19,182,3285.97,172.95,95,19.94,47,18,49,0,0,1,1,78.53,0,1,0,0.0,0.0,0.053,1.0,0.011,2.579,1
cust_0299,2,12,267.17,133.59,5,61.22,1,1,3,1,0,1,2,88.94,0,1,0,0.0,0.0,1.0,0.5,0.2,1.5,0
cust_0300,2,11,116.75,58.38,7,4.86,1,1,3,1,0,0,0,0.0,2,0,2,263.94,131.97,0.0,0.0,0.0,1.5,0
cust_0301,13,154,5166.88,397.45,81,4.96,38,4,38,1,0,1,1,66.51,1,0,1,209.14,209.14,0.077,0.0,0.012,2.923,1
cust_0302,4,47,517.34,129.33,20,13.32,8,3,9,0,1,0,1,94.55,2,1,1,93.24,93.24,0.25,1.0,0.0,2.25,1
cust_0303,1,9,57.99,57.99,3,10.34,1,1,2,2,1,1,1,78.92,1,3,0,0.0,0.0,1.0,3.0,0.333,2.0,1
cust_0304,10,95,1318.85,131.89,42,0.13,11,10,11,0,0,1,2,69.14,0,2,0,0.0,0.0,0.2,1.0,0.024,1.1,1
cust_0305,13,77,1260.08,96.93,37,10.65,11,7,12,0,2,1,0,0.0,1,0,1,41.88,41.88,0.0,0.0,0.027,0.923,0
cust_0306,2,17,213.3,106.65,10,12.72,4,2,8,1,0,2,0,0.0,1,0,3,515.36,171.79,0.0,0.0,0.2,4.0,0
cust_0307,4,54,733.75,183.44,37,42.64,16,14,17,1,1,1,0,0.0,0,0,1,208.25,208.25,0.0,0.0,0.027,4.25,0
cust_0308,3,40,262.69,87.56,19,8.84,8,5,9,3,1,1,1,160.27,1,0,1,104.57,104.57,0.333,0.0,0.053,3.0,0
cust_0309,7,78,1763.91,251.99,49,11.53,24,2,26,2,0,1,0,0.0,1,0,0,0.0,0.0,0.0,0.0,0.02,3.714,0
cust_0310,3,44,284.86,94.95,29,15.55,15,9,15,1,1,1,1,104.84,2,0,1,165.01,165.01,0.333,0.0,0.034,5.0,0
cust_0311,10,138,771.9,77.19,71,1.01,22,16,25,1,0,1,2,187.24,2,0,0,0.0,0.0,0.2,0.0,0.014,2.5,1
cust_0312,4,22,615.71,153.93,10,13.27,2,2,4,1,0,2,0,0.0,1,0,1,226.45,226.45,0.0,0.0,0.2,1.0,0
cust_0313,8,67,386.97,48.37,36,7.92,10,6,14,0,0,2,1,19.55,1,2,0,0.0,0.0,0.125,2.0,0.056,1.75,1
cust_0314,12,65,1582.98,131.91,43,1.05,13,12,14,2,0,2,1,54.18,1,1,0,0.0,0.0,0.083,1.0,0.047,1.167,1
cust_0315,6,54,726.18,121.03,21,11.08,12,8,14,5,0,3,1,115.87,1,1,0,0.0,0.0,0.167,1.0,0.143,2.333,0
cust_0316,1,12,112.37,112.37,6,2.67,1,1,4,0,0,1,1,118.91,0,1,0,0.0,0.0,1.0,1.0,0.167,4.0,0
cust_0317,3,17,196.2,65.4,10,7.72,5,3,9,2,1,1,0,0.0,0,0,0,0.0,0.0,0.0,0.0,0.1,3.0,0
cust_0318,4,54,349.83,87.46,31,3.3,8,7,9,1,0,0,2,173.42,4,0,0,0.0,0.0,0.5,0.0,0.0,2.25,0
cust_0319,2,20,506.84,253.42,10,1.1,3,2,4,1,0,0,1,112.11,1,0,0,0.0,0.0,0.5,0.0,0.0,2.0,0
cust_0320,7,85,540.89,77.27,48,2.89,12,4,15,3,0,0,1,26.89,2,0,0,0.0,0.0,0.143,0.0,0.0,2.143,0
cust_0321,7,31,1975.31,282.19,18,5.78,4,2,7,0,0,3,3,254.87,1,1,1,154.94,154.94,0.429,0.333,0.167,1.0,1
cust_0322,3,15,668.9,222.97,9,6.81,2,1,5,0,0,3,0,0.0,0,0,0,0.0,0.0,0.0,0.0,0.333,1.667,0
cust_0323,5,54,612.39,122.48,27,1.61,9,4,13,2,0,1,2,93.57,2,1,1,276.31,276.31,0.4,0.5,0.037,2.6,1
cust_0324,3,39,860.5,286.83,21,3.87,8,8,12,2,0,1,0,0.0,2,0,1,94.08,94.08,0.0,0.0,0.048,4.0,1
cust_0325,11,149,2073.12,188.47,71,19.62,19,16,21,0,0,0,1,53.17,0,3,2,163.59,81.8,0.091,3.0,0.0,1.909,1
cust_0326,5,57,627.53,125.51,39,24.12,22,18,25,3,2,2,2,126.05,2,3,0,0.0,0.0,0.4,1.5,0.051,5.0,1
cust_0327,4,24,330.48,82.62,10,7.66,4,2,5,0,0,1,0,0.0,0,0,0,0.0,0.0,0.0,0.0,0.1,1.25,0
cust_0328,7,43,960.58,137.23,19,6.74,10,6,10,1,0,0,2,86.9,1,0,0,0.0,0.0,0.286,0.0,0.0,1.429,0
cust_0329,2,27,684.43,342.22,12,8.71,3,3,4,1,0,0,0,0.0,0,0,2,122.95,61.48,0.0,0.0,0.0,2.0,0
cust_0330,3,15,407.4,135.8,10,2.42,2,2,5,1,1,1,1,168.73,1,3,2,132.32,66.16,0.333,3.0,0.1,1.667,1
cust_0331,2,23,787.77,393.89,13,50.47,7,1,8,1,0,0,3,127.34,3,0,1,219.0,219.0,1.5,0.0,0.0,4.0,0
cust_0332,12,118,1268.66,105.72,63,13.68,26,7,28,1,0,1,1,241.4,0,3,0,0.0,0.0,0.083,3.0,0.016,2.333,1
cust_0333,2,17,481.42,240.71,11,2.73,6,6,9,2,0,2,1,149.62,1,1,1,129.28,129.28,0.5,1.0,0.182,4.5,1
cust_0334,7,61,2373.6,339.09,40,3.18,10,8,14,0,0,1,0,0.0,0,0,2,314.22,157.11,0.0,0.0,0.025,2.0,0
cust_0335,11,158,1280.22,116.38,82,10.45,17,10,17,1,0,0,0,0.0,1,0,0,0.0,0.0,0.0,0.0,0.0,1.545,0
cust_0336,6,80,499.35,83.23,45,3.9,25,4,28,1,0,2,1,53.78,1,1,1,411.81,411.81,0.167,1.0,0.044,4.667,1
cust_0337,3,40,80.52,26.84,26,4.39,12,10,13,1,1,0,1,76.2,1,2,2,590.02,295.01,0.333,2.0,0.0,4.333,1
cust_0338,3,25,377.75,125.92,12,15.18,6,3,7,0,1,0,2,80.84,0,0,0,0.0,0.0,0.667,0.0,0.0,2.333,0
cust_0339,7,36,1478.72,211.25,18,3.11,5,3,8,0,0,0,1,158.52,0,1,1,282.97,282.97,0.143,1.0,0.0,1.143,0
cust_0340,9,134,732.17,81.35,85,12.22,17,12,21,0,0,1,1,106.5,0,0,0,0.0,0.0,0.111,0.0,0.012,2.333,0
cust_0341,2,11,201.63,100.81,6,27.32,2,2,6,3,0,0,1,16.5,1,0,1,139.8,139.8,0.5,0.0,0.0,3.0,0
cust_0342,1,9,171.7,171.7,3,1.33,1,1,4,3,0,0,2,140.4,0,0,1,37.79,37.79,2.0,0.0,0.0,4.0,0
cust_0343,20,138,4647.08,232.35,60,1.56,33,19,34,1,0,2,1,41.46,0,0,0,0.0,0.0,0.05,0.0,0.033,1.7,1
cust_0344,2,19,339.69,169.84,12,28.62,2,2,3,0,0,0,1,34.16,2,0,0,0.0,0.0,0.5,0.0,0.0,1.5,0
cust_0345,6,44,469.26,78.21,17,2.28,4,2,8,0,0,0,0,0.0,0,0,0,0.0,0.0,0.0,0.0,0.0,1.333,0
cust_0346,3,41,302.62,100.87,27,0.21,8,5,9,2,1,1,1,61.43,1,0,1,302.38,302.38,0.333,0.0,0.037,3.0,0
cust_0347,3,43,247.5,82.5,20,20.29,10,6,10,1,0,0,2,238.09,1,1,1,138.24,138.24,0.667,0.5,0.0,3.333,0
cust_0348,10,85,1615.33,161.53,49,3.32,25,15,25,0,1,0,2,149.05,0,1,1,129.74,129.74,0.2,0.5,0.0,2.5,1
cust_0349,12,57,1128.97,94.08,32,3.54,8,5,8,2,0,0,1,166.6,1,1,0,0.0,0.0,0.083,1.0,0.0,0.667,0
cust_0350,5,56,425.24,85.05,29,2.57,11,3,11,1,0,1,0,0.0,2,0,1,53.29,53.29,0.0,0.0,0.034,2.2,0
cust_0351,16,130,1320.77,82.55,53,24.97,21,11,23,1,0,1,3,133.87,0,3,0,0.0,0.0,0.188,1.0,0.019,1.438,1
cust_0352,4,59,1485.24,371.31,27,14.89,9,8,9,1,1,2,2,432.95,0,3,0,0.0,0.0,0.5,1.5,0.074,2.25,1
cust_0353,4,19,669.64,167.41,11,9.08,4,2,6,0,0,0,3,127.81,0,2,1,71.07,71.07,0.75,0.667,0.0,1.5,0
cust_0354,8,42,2380.32,297.54,22,6.04,6,6,7,1,0,2,2,319.13,3,0,0,0.0,0.0,0.25,0.0,0.091,0.875,1
cust_0355,1,11,282.84,282.84,5,1.55,2,2,6,0,0,0,1,25.03,0,2,0,0.0,0.0,1.0,2.0,0.0,6.0,0
cust_0356,3,37,867.51,289.17,15,26.04,7,4,7,1,0,2,0,0.0,2,0,0,0.0,0.0,0.0,0.0,0.133,2.333,0
cust_0357,5,45,1283.24,256.65,22,13.85,4,2,4,1,0,1,2,318.75,1,0,1,131.34,131.34,0.4,0.0,0.045,0.8,0
cust_0358,7,49,2785.38,397.91,27,3.27,15,15,15,0,0,0,0,0.0,0,0,0,0.0,0.0,0.0,0.0,0.0,2.143,0
cust_0359,5,37,820.97,164.19,15,29.47,3,1,5,2,0,2,2,154.86,1,1,0,0.0,0.0,0.4,0.5,0.133,1.0,0
cust_0360,7,54,1166.76,166.68,22,27.36,7,2,7,3,0,0,2,122.68,0,1,1,330.57,330.57,0.286,0.5,0.0,1.0,0
cust_0361,4,25,682.38,170.59,13,10.77,5,4,7,1,0,0,3,130.37,2,0,1,133.99,133.99,0.75,0.0,0.0,1.75,0
cust_0362,7,93,349.82,49.97,52,42.0,11,3,11,0,0,2,0,0.0,0,0,1,134.09,134.09,0.0,0.0,0.038,1.571,0
cust_0363,2,9,200.31,100.16,4,2.07,1,1,5,0,0,0,2,326.61,1,1,0,0.0,0.0,1.0,0.5,0.0,2.5,1
cust_0364,4,33,1052.53,263.13,16,13.14,8,5,8,1,0,1,0,0.0,1,0,2,350.36,175.18,0.0,0.0,0.062,2.0,0
cust_0365,8,97,1017.14,127.14,61,1.65,34,8,36,1,0,2,1,60.26,1,0,0,0.0,0.0,0.125,0.0,0.033,4.5,1
cust_0366,3,12,780.82,260.27,7,11.77,2,2,6,1,0,0,1,81.27,1,3,0,0.0,0.0,0.333,3.0,0.0,2.0,1
cust_0367,3,40,407.64,135.88,19,25.24,8,3,9,2,0,2,0,0.0,0,0,1,109.47,109.47,0.0,0.0,0.105,3.0,0
cust_0368,17,200,5777.6,339.86,101,7.68,51,16,52,3,1,0,1,61.25,2,1,0,0.0,0.0,0.059,1.0,0.0,3.059,1
cust_0369,4,19,1215.96,303.99,12,14.4,3,2,7,1,0,1,2,439.43,1,2,0,0.0,0.0,0.5,1.0,0.083,1.75,1
cust_0370,6,83,479.75,79.96,57,1.54,23,10,24,2,2,0,2,156.87,1,1,0,0.0,0.0,0.333,0.5,0.0,4.0,1
cust_0371,4,37,211.44,52.86,18,10.03,6,5,10,1,0,0,3,420.12,0,0,1,270.05,270.05,0.75,0.0,0.0,2.5,1
cust_0372,6,67,374.21,62.37,42,0.65,14,11,14,0,0,0,1,93.57,0,0,0,0.0,0.0,0.167,0.0,0.0,2.333,0
cust_0373,7,95,362.39,51.77,51,0.38,12,6,13,1,0,0,1,50.47,2,0,1,55.98,55.98,0.143,0.0,0.0,1.857,0
cust_0374,1,13,187.93,187.93,6,10.05,2,2,5,1,0,1,1,17.22,1,2,0,0.0,0.0,1.0,2.0,0.167,5.0,0
cust_0375,2,16,357.32,178.66,9,8.51,2,2,5,2,1,1,1,80.23,0,0,1,119.22,119.22,0.5,0.0,0.111,2.5,0
cust_0376,2,13,360.42,180.21,7,3.99,2,1,6,1,1,0,1,82.24,1,0,1,99.46,99.46,0.5,0.0,0.0,3.0,0
cust_0377,4,27,651.0,162.75,12,7.19,3,2,6,1,0,0,0,0.0,0,0,0,0.0,0.0,0.0,0.0,0.0,1.5,0
cust_0378,4,49,804.77,201.19,21,11.53,7,5,11,5,0,0,2,419.34,0,1,0,0.0,0.0,0.5,0.5,0.0,2.75,1
cust_0379,5,71,385.91,77.18,46,10.35,26,11,27,1,0,1,1,100.86,0,1,0,0.0,0.0,0.2,1.0,0.022,5.4,1
cust_0380,3,14,1098.4,366.13,9,0.76,4,2,8,1,0,0,2,52.57,0,0,0,0.0,0.0,0.667,0.0,0.0,2.667,0
cust_0381,2,8,418.24,209.12,3,11.34,1,1,5,0,0,0,1,168.72,1,1,2,112.8,56.4,0.5,1.0,0.0,2.5,0
cust_0382,16,208,1133.41,70.84,124,10.77,54,14,54,1,0,0,6,353.59,2,0,0,0.0,0.0,0.375,0.0,0.0,3.375,1
cust_0383,4,33,370.51,92.63,14,11.07,7,7,8,1,0,1,3,176.85,2,1,0,0.0,0.0,0.75,0.333,0.071,2.0,1
cust_0384,5,35,942.78,188.56,20,18.8,10,9,14,0,0,1,0,0.0,1,0,0,0.0,0.0,0.0,0.0,0.05,2.8,0
cust_0385,4,24,1284.23,321.06,16,8.6,7,1,8,1,0,0,3,342.1,2,2,1,199.02,199.02,0.75,0.667,0.0,2.0,1
cust_0386,6,46,552.13,92.02,21,27.79,9,4,12,0,0,0,1,62.1,0,1,0,0.0,0.0,0.167,1.0,0.0,2.0,0
cust_0387,2,29,157.18,78.59,14,39.12,5,2,9,1,0,1,4,778.0,2,1,0,0.0,0.0,2.0,0.25,0.071,4.5,1
cust_0388,5,73,1241.36,248.27,46,13.94,19,18,22,5,1,0,0,0.0,0,0,1,197.61,197.61,0.0,0.0,0.0,4.4,0
cust_0389,3,22,769.11,256.37,13,4.44,3,1,3,1,1,2,3,518.0,0,1,0,0.0,0.0,1.0,0.333,0.154,1.0,1
cust_0390,17,248,2195.38,129.14,129,1.54,57,13,57,0,0,0,0,0.0,1,0,0,0.0,0.0,0.0,0.0,0.0,3.353,1
cust_0391,5,36,408.07,81.61,23,17.16,9,7,10,0,1,1,2,28.25,1,0,0,0.0,0.0,0.4,0.0,0.043,2.0,0
cust_0392,1,13,105.71,105.71,8,1.59,4,3,4,0,0,0,1,97.17,0,1,1,114.02,114.02,1.0,1.0,0.0,4.0,0
cust_0393,11,69,4391.42,399.22,36,1.58,20,8,24,0,0,0,1,106.92,0,1,1,191.75,191.75,0.091,1.0,0.0,2.182,1
cust_0394,11,144,4853.82,441.26,59,25.14,14,11,15,2,0,2,1,201.62,0,2,0,0.0,0.0,0.091,2.0,0.034,1.364,1
cust_0395,2,15,488.22,244.11,8,8.21,3,3,6,0,0,0,0,0.0,2,0,2,162.62,81.31,0.0,0.0,0.0,3.0,0
cust_0396,4,24,819.56,204.89,14,3.47,8,8,10,2,0,0,5,200.27,0,1,0,0.0,0.0,1.25,0.2,0.0,2.5,0
cust_0397,7,99,913.66,130.52,46,32.96,26,18,26,0,1,0,0,0.0,0,0,1,75.11,75.11,0.0,0.0,0.0,3.714,0
cust_0398,4,25,1088.94,272.23,10,12.29,5,1,9,1,2,0,0,0.0,0,0,0,0.0,0.0,0.0,0.0,0.0,2.25,0
cust_0399,9,134,818.63,90.96,65,7.65,14,13,17,0,0,2,4,91.54,0,0,2,236.78,118.39,0.444,0.0,0.031,1.889,0
cust_0400,4,20,467.85,116.96,8,4.0,2,2,4,3,0,1,2,222.9,1,2,1,68.59,68.59,0.5,1.0,0.125,1.0,1
cust_0401,1,4,108.6,108.6,2,11.29,0,0,1,1,0,1,1,246.46,1,1,0,0.0,0.0,1.0,1.0,0.5,1.0,0
cust_0402,2,27,213.52,106.76,11,13.13,6,6,10,3,1,0,3,404.66,0,0,1,73.25,73.25,1.5,0.0,0.0,5.0,1
cust_0403,5,52,301.27,60.25,32,12.45,15,14,17,0,0,3,1,51.97,1,1,0,0.0,0.0,0.2,1.0,0.094,3.4,1
cust_0404,11,95,471.23,42.84,44,2.17,18,10,22,1,0,1,1,84.9,0,2,2,327.99,164.0,0.091,2.0,0.023,2.0,1
cust_0405,7,34,919.23,131.32,23,11.95,13,7,16,0,0,0,0,0.0,2,0,0,0.0,0.0,0.0,0.0,0.0,2.286,0
cust_0406,4,41,1286.61,321.65,22,8.71,6,4,9,1,0,1,2,182.15,0,0,0,0.0,0.0,0.5,0.0,0.045,2.25,0
cust_0407,3,24,795.12,265.04,9,18.98,4,4,4,1,0,0,1,186.25,0,0,0,0.0,0.0,0.333,0.0,0.0,1.333,0
cust_0408,1,9,179.87,179.87,5,9.8,2,2,5,1,0,1,1,135.46,1,0,1,64.24,64.24,1.0,0.0,0.2,5.0,0
cust_0409,6,65,857.28,142.88,33,1.58,11,8,12,1,0,0,1,75.39,1,0,0,0.0,0.0,0.167,0.0,0.0,2.0,0
cust_0410,14,154,5789.29,413.52,89,3.84,35,14,36,1,0,0,3,403.49,0,2,0,0.0,0.0,0.214,0.667,0.0,2.571,1
cust_0411,8,116,1555.54,194.44,79,13.62,23,8,27,1,1,3,2,82.12,0,1,1,114.33,114.33,0.25,0.5,0.038,3.375,1
cust_0412,2,22,205.77,102.89,12,13.47,5,2,6,2,0,0,4,83.28,0,0,0,0.0,0.0,2.0,0.0,0.0,3.0,0
cust_0413,14,108,2050.62,146.47,69,2.52,25,8,28,1,0,0,0,0.0,1,0,0,0.0,0.0,0.0,0.0,0.0,2.0,0
cust_0414,3,22,910.26,303.42,10,4.38,2,2,4,2,0,2,2,123.67,1,1,0,0.0,0.0,0.667,0.5,0.2,1.333,0
cust_0415,5,46,211.43,42.29,28,0.15,16,4,17,0,0,1,3,329.04,0,0,0,0.0,0.0,0.6,0.0,0.036,3.4,1
cust_0416,5,34,1396.3,279.26,14,4.03,5,3,8,3,0,2,1,201.2,1,1,0,0.0,0.0,0.2,1.0,0.143,1.6,1
cust_0417,9,73,1292.29,143.59,48,0.27,23,14,26,1,1,0,0,0.0,2,0,0,0.0,0.0,0.0,0.0,0.0,2.889,0
cust_0418,8,106,1029.31,128.66,48,20.63,13,7,17,0,0,1,2,72.44,0,0,0,0.0,0.0,0.25,0.0,0.021,2.125,0
cust_0419,5,67,454.54,90.91,32,10.99,8,4,12,1,0,1,1,197.17,0,0,0,0.0,0.0,0.2,0.0,0.031,2.4,0
cust_0420,12,130,2122.45,176.87,89,34.79,49,16,50,1,0,3,0,0.0,2,0,1,109.27,109.27,0.0,0.0,0.034,4.167,1
cust_0421,1,10,185.34,185.34,4,22.25,1,1,2,3,0,1,0,0.0,0,0,0,0.0,0.0,0.0,0.0,0.25,2.0,0
cust_0422,10,86,1500.63,150.06,40,9.25,15,10,18,0,0,0,1,105.62,1,1,1,194.8,194.8,0.1,1.0,0.0,1.8,1
cust_0423,2,21,191.49,95.75,12,6.99,4,3,5,2,0,1,1,87.95,2,1,0,0.0,0.0,0.5,1.0,0.083,2.5,1
cust_0424,6,77,1234.48,205.75,53,21.52,15,8,17,0,0,0,1,31.54,0,0,0,0.0,0.0,0.167,0.0,0.0,2.833,0
cust_0425,11,133,3616.4,328.76,80,3.54,45,15,45,2,0,0,2,206.46,0,2,0,0.0,0.0,0.182,1.0,0.0,4.091,1
cust_0426,2,8,637.07,318.54,3,2.53,0,0,0,1,0,2,1,27.63,0,0,0,0.0,0.0,0.5,0.0,0.667,0.0,0
cust_0427,3,36,306.21,102.07,22,5.28,5,3,8,1,0,1,2,194.25,0,1,0,0.0,0.0,0.667,0.5,0.045,2.667,1
cust_0428,3,35,293.13,97.71,18,0.55,10,8,10,0,0,0,1,91.11,0,3,2,300.63,150.32,0.333,3.0,0.0,3.333,1
cust_0429,3,15,472.99,157.66,10,3.59,3,3,6,2,0,1,2,329.2,1,1,0,0.0,0.0,0.667,0.5,0.1,2.0,1
cust_0430,3,16,200.35,66.78,9,0.87,4,1,7,0,0,3,4,722.09,0,1,2,363.11,181.56,1.333,0.25,0.333,2.333,1
cust_0431,4,50,770.11,192.53,27,0.54,13,9,15,0,0,0,0,0.0,0,0,1,260.21,260.21,0.0,0.0,0.0,3.75,0
cust_0432,9,91,909.65,101.07,51,8.01,17,2,21,3,0,0,1,78.44,1,1,1,137.33,137.33,0.111,1.0,0.0,2.333,1
cust_0433,2,26,182.96,91.48,15,12.32,4,1,5,0,0,2,1,5.42,1,3,0,0.0,0.0,0.5,3.0,0.133,2.5,1
cust_0434,5,30,1342.44,268.49,18,7.69,9,8,11,0,0,0,1,84.13,0,3,2,365.17,182.58,0.2,3.0,0.0,2.2,1
cust_0435,3,13,214.03,71.34,5,0.73,2,1,6,1,0,1,2,182.94,2,0,0,0.0,0.0,0.667,0.0,0.2,2.0,0
cust_0436,2,11,420.8,210.4,4,5.02,1,1,4,1,0,0,0,0.0,0,0,2,228.53,114.26,0.0,0.0,0.0,2.0,0
cust_0437,10,89,418.32,41.83,43,1.18,23,15,25,1,0,0,0,0.0,0,0,0,0.0,0.0,0.0,0.0,0.0,2.5,0
cust_0438,7,68,2479.85,354.26,36,10.5,17,15,20,0,0,0,3,672.34,2,1,0,0.0,0.0,0.429,0.333,0.0,2.857,1
cust_0439,14,188,2069.69,147.83,92,17.51,51,13,51,1,1,1,4,698.9,1,0,0,0.0,0.0,0.286,0.0,0.011,3.643,1
cust_0440,7,83,394.72,56.39,38,1.24,14,1,17,2,0,1,1,54.25,0,1,0,0.0,0.0,0.143,1.0,0.026,2.429,0
cust_0441,7,104,1007.07,143.87,70,0.69,17,12,17,0,0,3,3,390.11,0,2,0,0.0,0.0,0.429,0.667,0.043,2.429,1
cust_0442,11,53,4232.26,384.75,21,5.21,11,3,14,0,0,1,1,55.53,1,1,0,0.0,0.0,0.091,1.0,0.048,1.273,1
cust_0443,1,5,66.52,66.52,3,3.62,1,1,4,0,0,0,0,0.0,2,0,2,145.11,72.56,0.0,0.0,0.0,4.0,0
cust_0444,7,34,1482.48,211.78,22,3.02,9,7,13,1,0,1,1,125.68,0,0,0,0.0,0.0,0.143,0.0,0.045,1.857,0
cust_0445,1,9,169.52,169.52,5,2.37,2,1,5,0,0,1,2,245.14,1,1,0,0.0,0.0,2.0,0.5,0.2,5.0,0
cust_0446,8,55,799.59,99.95,22,3.81,8,8,11,1,0,0,1,214.08,0,1,0,0.0,0.0,0.125,1.0,0.0,1.375,0
cust_0447,8,92,1195.11,149.39,43,33.63,12,12,15,1,0,3,1,112.49,1,2,0,0.0,0.0,0.125,2.0,0.07,1.875,1
cust_0448,2,10,298.43,149.21,6,19.5,2,1,3,2,0,0,2,238.43,0,1,0,0.0,0.0,1.0,0.5,0.0,1.5,0
cust_0449,11,56,421.76,38.34,37,9.2,18,5,19,0,0,1,1,77.68,0,1,0,0.0,0.0,0.091,1.0,0.027,1.727,0
cust_0450,1,9,83.89,83.89,6,16.12,3,1,5,1,0,2,2,275.66,1,1,1,135.27,135.27,2.0,0.5,0.333,5.0,1
cust_0451,2,16,219.32,109.66,11,0.15,2,2,6,0,0,1,1,137.47,1,1,0,0.0,0.0,0.5,1.0,0.091,3.0,0
cust_0452,18,236,5684.41,315.8,98,1.18,29,3,30,0,1,0,1,131.45,2,0,0,0.0,0.0,0.056,0.0,0.0,1.667,1
cust_0453,3,39,1376.18,458.73,22,3.46,11,11,13,0,0,2,2,182.26,1,1,0,0.0,0.0,0.667,0.5,0.091,4.333,1
cust_0454,3,15,169.03,56.34,9,10.33,4,4,6,0,0,0,1,48.86,0,1,1,74.84,74.84,0.333,1.0,0.0,2.0,0
cust_0455,6,77,1376.91,229.48,38,21.49,10,1,12,1,1,1,0,0.0,2,0,1,125.67,125.67,0.0,0.0,0.026,2.0,0
cust_0456,7,71,370.19,52.88,37,2.63,10,10,14,1,0,0,4,110.46,1,0,0,0.0,0.0,0.571,0.0,0.0,2.0,0
cust_0457,2,19,806.12,403.06,9,1.5,3,2,3,1,0,0,1,59.65,1,2,1,248.87,248.87,0.5,2.0,0.0,1.5,1
cust_0458,3,15,545.9,181.97,6,18.83,1,1,5,1,0,3,4,277.97,2,1,2,685.1,342.55,1.333,0.25,0.5,1.667,1
cust_0459,4,48,510.56,127.64,20,5.26,9,5,11,1,0,1,1,102.94,2,0,0,0.0,0.0,0.25,0.0,0.05,2.75,0
cust_0460,6,27,654.5,109.08,10,12.02,4,1,7,1,1,0,2,150.04,3,2,1,117.02,117.02,0.333,1.0,0.0,1.167,1
cust_0461,4,28,567.63,141.91,15,7.94,8,6,10,1,0,1,2,200.16,0,1,1,85.23,85.23,0.5,0.5,0.067,2.5,1
cust_0462,11,55,998.54,90.78,32,1.93,11,7,14,1,0,1,1,106.23,1,1,0,0.0,0.0,0.091,1.0,0.031,1.273,0
cust_0463,8,78,944.97,118.12,38,12.06,17,12,21,2,0,0,0,0.0,2,0,2,773.68,386.84,0.0,0.0,0.0,2.625,0
cust_0464,4,44,267.99,67.0,28,5.46,16,3,16,2,1,1,1,129.88,1,0,1,138.09,138.09,0.25,0.0,0.036,4.0,0
cust_0465,4,55,786.62,196.65,36,3.39,21,4,22,0,0,0,1,39.99,1,0,1,134.62,134.62,0.25,0.0,0.0,5.5,0
cust_0466,5,60,556.3,111.26,26,23.3,5,3,6,2,0,0,3,327.58,2,1,1,159.63,159.63,0.6,0.333,0.0,1.2,1
cust_0467,3,43,465.74,155.25,17,0.06,3,1,3,0,0,1,3,156.76,2,1,1,139.27,139.27,1.0,0.333,0.059,1.0,1
cust_0468,10,123,2920.18,292.02,60,5.19,35,6,38,0,0,1,1,90.04,1,2,2,224.14,112.07,0.1,2.0,0.017,3.8,1
cust_0469,10,72,2113.77,211.38,44,3.57,18,16,21,2,0,0,1,64.53,1,0,0,0.0,0.0,0.1,0.0,0.0,2.1,0
cust_0470,5,50,408.55,81.71,27,0.56,12,11,12,0,0,0,0,0.0,1,0,0,0.0,0.0,0.0,0.0,0.0,2.4,0
cust_0471,9,81,1802.81,200.31,44,0.84,24,9,24,1,0,0,3,696.25,0,0,2,94.74,47.37,0.333,0.0,0.0,2.667,1
cust_0472,3,30,483.37,161.12,13,1.89,4,2,6,1,0,2,2,212.02,2,0,1,108.53,108.53,0.667,0.0,0.154,2.0,1
cust_0473,4,41,149.42,37.35,20,7.03,7,7,11,0,0,1,2,107.76,1,2,0,0.0,0.0,0.5,1.0,0.05,2.75,1
cust_0474,5,58,1013.47,202.69,39,3.32,10,2,12,1,1,2,2,86.15,0,1,0,0.0,0.0,0.4,0.5,0.051,2.4,0
cust_0475,11,54,1622.78,147.53,27,18.19,15,4,17,1,0,1,0,0.0,0,0,0,0.0,0.0,0.0,0.0,0.037,1.545,0
cust_0476,1,12,105.26,105.26,6,2.74,2,2,6,4,0,2,0,0.0,1,0,1,198.73,198.73,0.0,0.0,0.333,6.0,0
cust_0477,5,27,1079.31,215.86,11,12.74,2,2,3,2,1,1,1,62.01,2,1,1,134.56,134.56,0.2,1.0,0.091,0.6,0
cust_0478,7,30,622.55,88.94,12,2.36,5,4,9,3,0,0,0,0.0,1,0,0,0.0,0.0,0.0,0.0,0.0,1.286,0
cust_0479,8,77,1633.49,204.19,40,0.43,13,12,14,0,0,0,0,0.0,0,0,1,76.2,76.2,0.0,0.0,0.0,1.75,0
cust_0480,3,31,898.57,299.52,18,3.07,4,4,8,1,0,1,3,895.04,0,1,0,0.0,0.0,1.0,0.333,0.056,2.667,1
cust_0481,18,78,1303.47,72.42,39,18.17,10,9,11,2,0,0,0,0.0,3,0,2,266.69,133.34,0.0,0.0,0.0,0.611,0
cust_0482,5,48,989.03,197.81,21,0.86,8,6,11,0,0,0,1,112.98,0,0,1,296.17,296.17,0.2,0.0,0.0,2.2,0
cust_0483,13,128,333.69,25.67,79,4.22,33,8,36,0,1,0,2,97.97,2,0,0,0.0,0.0,0.154,0.0,0.0,2.769,0
cust_0484,5,22,661.48,132.3,9,0.08,4,2,8,0,0,1,3,257.92,0,2,1,96.6,96.6,0.6,0.667,0.111,1.6,1
cust_0485,7,82,1152.64,164.66,49,9.95,14,7,14,2,0,3,1,35.25,0,1,0,0.0,0.0,0.143,1.0,0.061,2.0,1
cust_0486,6,37,615.59,102.6,25,28.6,14,14,17,1,0,0,0,0.0,0,0,0,0.0,0.0,0.0,0.0,0.0,2.833,0
cust_0487,1,12,139.45,139.45,6,4.85,2,2,6,0,0,0,2,157.28,2,2,1,154.08,154.08,2.0,1.0,0.0,6.0,1
cust_0488,5,37,520.1,104.02,17,8.6,4,1,8,2,1,0,0,0.0,1,0,0,0.0,0.0,0.0,0.0,0.0,1.6,0
cust_0489,8,74,597.62,74.7,48,6.02,17,9,20,0,0,1,1,109.57,1,1,1,69.37,69.37,0.125,1.0,0.021,2.5,1
cust_0490,4,55,937.09,234.27,30,36.24,17,10,21,0,1,0,3,384.87,0,1,1,146.02,146.02,0.75,0.333,0.0,5.25,1
cust_0491,4,51,216.28,54.07,34,13.32,13,11,13,3,0,0,6,490.22,2,2,1,227.86,227.86,1.5,0.333,0.0,3.25,1
cust_0492,8,100,1455.7,181.96,61,0.45,33,11,34,0,0,0,2,168.52,0,2,1,156.28,156.28,0.25,1.0,0.0,4.25,1
cust_0493,2,11,227.12,113.56,5,1.15,1,1,5,1,0,1,0,0.0,3,0,0,0.0,0.0,0.0,0.0,0.2,2.5,0
cust_0494,4,18,557.51,139.38,10,6.36,5,1,8,0,0,1,2,144.34,4,0,1,131.02,131.02,0.5,0.0,0.1,2.0,0
cust_0495,6,63,1058.15,176.36,28,9.99,10,9,10,0,1,0,4,368.99,0,1,0,0.0,0.0,0.667,0.25,0.0,1.667,1
cust_0496,3,25,818.16,272.72,12,3.43,6,2,6,1,0,1,0,0.0,5,0,0,0.0,0.0,0.0,0.0,0.083,2.0,0
cust_0497,7,97,722.9,103.27,56,11.23,30,19,34,2,0,0,5,1096.3,0,0,2,373.65,186.82,0.714,0.0,0.0,4.857,1
cust_0498,3,23,202.43,67.48,13,8.59,6,2,8,1,1,0,0,0.0,2,0,1,118.89,118.89,0.0,0.0,0.0,2.667,0
cust_0499,3,25,434.79,144.93,14,5.71,6,2,9,1,1,1,2,164.39,0,2,1,162.82,162.82,0.667,1.0,0.071,3.0,1
cust_0500,8,78,1165.98,145.75,48,8.73,13,5,13,2,0,3,2,417.55,1,2,1,161.4,161.4,0.25,1.0,0.062,1.625,1
cust_0501,6,76,2049.66,341.61,32,24.82,14,12,17,1,0,0,1,74.86,1,0,0,0.0,0.0,0.167,0.0,0.0,2.833,0
cust_0502,8,55,556.68,69.59,23,2.79,9,8,13,2,0,2,1,101.79,1,0,0,0.0,0.0,0.125,0.0,0.087,1.625,0
cust_0503,15,215,3161.39,210.76,95,15.66,31,6,35,2,1,0,1,91.71,1,1,1,142.27,142.27,0.067,1.0,0.0,2.333,1
cust_0504,11,109,1851.43,168.31,69,0.12,27,1,29,0,0,1,1,74.33,0,0,0,0.0,0.0,0.091,0.0,0.014,2.636,0
cust_0505,4,53,1041.95,260.49,22,0.89,12,9,14,0,0,0,1,181.89,0,1,1,173.84,173.84,0.25,1.0,0.0,3.5,0
cust_0506,4,39,271.42,67.86,18,29.89,3,1,7,2,1,1,2,236.55,2,0,0,0.0,0.0,0.5,0.0,0.056,1.75,0
cust_0507,10,124,1363.83,136.38,59,11.96,21,15,22,0,0,1,3,423.78,3,0,0,0.0,0.0,0.3,0.0,0.017,2.2,1
cust_0508,1,4,286.47,286.47,2,10.03,0,0,1,1,0,2,1,74.74,1,0,0,0.0,0.0,1.0,0.0,1.0,1.0,0
cust_0509,5,63,171.99,34.4,32,4.07,18,11,18,1,0,1,0,0.0,1,0,3,551.87,183.96,0.0,0.0,0.031,3.6,1
cust_0510,4,39,241.77,60.44,17,2.04,10,7,12,0,0,0,2,244.02,1,0,1,177.95,177.95,0.5,0.0,0.0,3.0,1
cust_0511,6,53,1221.97,203.66,28,4.78,12,4,12,4,0,0,0,0.0,3,0,2,264.14,132.07,0.0,0.0,0.0,2.0,0
cust_0512,5,26,280.45,56.09,15,9.12,6,3,9,2,0,1,2,171.98,0,2,0,0.0,0.0,0.4,1.0,0.067,1.8,1
cust_0513,5,60,713.87,142.77,38,10.06,21,13,25,2,0,1,1,97.37,2,2,1,215.47,215.47,0.2,2.0,0.026,5.0,1
cust_0514,2,10,161.46,80.73,4,1.86,0,0,4,0,0,1,1,111.17,2,2,0,0.0,0.0,0.5,2.0,0.25,2.0,1
cust_0515,3,18,495.18,165.06,11,5.9,4,1,5,2,0,0,1,327.34,0,0,1,63.79,63.79,0.333,0.0,0.0,1.667,0
cust_0516,4,21,1536.47,384.12,8,8.36,1,1,1,1,1,1,3,112.72,1,0,0,0.0,0.0,0.75,0.0,0.125,0.25,0
cust_0517,10,40,926.32,92.63,24,32.18,14,5,14,1,0,0,2,186.97,1,0,1,61.12,61.12,0.2,0.0,0.0,1.4,0
cust_0518,4,45,341.3,85.32,26,7.97,8,1,11,0,0,1,3,719.08,1,1,0,0.0,0.0,0.75,0.333,0.038,2.75,1
cust_0519,11,76,3023.07,274.82,41,8.69,16,9,16,2,0,0,2,120.38,0,0,1,174.15,174.15,0.182,0.0,0.0,1.455,0
cust_0520,6,33,425.99,71.0,14,14.49,5,3,8,1,0,0,1,128.1,0,2,0,0.0,0.0,0.167,2.0,0.0,1.333,0
cust_0521,3,22,172.26,57.42,13,5.43,7,6,7,2,0,1,1,79.17,1,2,0,0.0,0.0,0.333,2.0,0.077,2.333,1
cust_0522,2,18,157.26,78.63,7,4.84,4,3,6,1,0,1,1,246.7,1,0,0,0.0,0.0,0.5,0.0,0.143,3.0,0
cust_0523,2,19,380.24,190.12,12,8.94,2,2,6,1,0,1,1,125.24,2,1,0,0.0,0.0,0.5,1.0,0.083,3.0,0
cust_0524,9,72,733.53,81.5,45,15.29,22,18,25,0,0,1,2,143.47,1,3,0,0.0,0.0,0.222,1.5,0.022,2.778,1
cust_0525,5,47,854.18,170.84,29,10.15,10,8,14,1,0,1,1,211.25,1,1,0,0.0,0.0,0.2,1.0,0.034,2.8,0
cust_0526,9,78,1851.97,205.77,48,2.06,12,9,16,2,0,2,2,247.03,1,1,1,253.64,253.64,0.222,0.5,0.042,1.778,1
cust_0527,1,13,115.91,115.91,5,5.07,1,1,1,1,0,1,1,41.03,0,1,2,420.06,210.03,1.0,1.0,0.2,1.0,0
cust_0528,1,4,111.49,111.49,2,7.19,1,1,1,1,1,1,1,32.5,1,1,0,0.0,0.0,1.0,1.0,0.5,1.0,0
cust_0529,4,54,547.58,136.89,35,7.42,12,4,15,0,1,1,1,195.29,1,0,0,0.0,0.0,0.25,0.0,0.029,3.75,0
cust_0530,2,13,790.65,395.32,7,4.15,2,1,3,2,0,1,2,96.37,1,1,0,0.0,0.0,1.0,0.5,0.143,1.5,0
cust_0531,7,83,718.66,102.67,51,7.39,27,7,28,2,0,0,1,63.16,1,2,1,143.51,143.51,0.143,2.0,0.0,4.0,1
cust_0532,8,67,1133.49,141.69,41,11.18,22,13,26,3,0,0,1,154.01,3,1,0,0.0,0.0,0.125,1.0,0.0,3.25,1
cust_0533,13,94,4409.49,339.19,60,6.31,20,19,21,2,0,1,4,1172.34,0,0,1,134.31,134.31,0.308,0.0,0.017,1.615,1
cust_0534,9,96,3203.3,355.92,45,6.0,14,7,16,0,1,0,1,61.41,1,0,0,0.0,0.0,0.111,0.0,0.0,1.778,0
cust_0535,4,49,387.73,96.93,25,16.17,11,5,11,1,0,0,4,325.21,1,3,1,193.17,193.17,1.0,0.75,0.0,2.75,1
cust_0536,6,53,422.88,70.48,33,14.14,9,7,13,0,0,2,0,0.0,1,0,1,78.06,78.06,0.0,0.0,0.061,2.167,0
cust_0537,9,82,2132.55,236.95,51,5.49,20,13,20,2,0,0,3,244.66,2,2,0,0.0,0.0,0.333,0.667,0.0,2.222,1
cust_0538,4,18,536.25,134.06,10,55.25,2,2,3,2,1,2,0,0.0,3,0,2,517.25,258.62,0.0,0.0,0.2,0.75,0
cust_0539,3,42,999.84,333.28,21,0.69,6,4,8,1,0,0,1,68.5,1,1,0,0.0,0.0,0.333,1.0,0.0,2.667,0
cust_0540,7,93,356.12,50.87,64,3.95,20,8,22,1,0,0,0,0.0,3,0,5,613.43,122.69,0.0,0.0,0.0,3.143,1
cust_0541,8,67,563.65,70.46,35,0.38,16,16,19,2,0,0,1,167.93,2,1,0,0.0,0.0,0.125,1.0,0.0,2.375,1
cust_0542,4,49,573.35,143.34,30,18.29,9,4,13,1,0,0,4,816.31,2,2,1,280.67,280.67,1.0,0.5,0.0,3.25,1
cust_0543,2,14,306.38,153.19,7,14.09,3,1,5,3,0,0,0,0.0,1,0,0,0.0,0.0,0.0,0.0,0.0,2.5,0
cust_0544,3,36,263.64,87.88,17,11.51,10,10,14,0,0,1,0,0.0,1,0,0,0.0,0.0,0.0,0.0,0.059,4.667,0
cust_0545,10,96,1593.0,159.3,56,2.41,13,12,17,2,0,1,2,284.54,0,1,0,0.0,0.0,0.2,0.5,0.018,1.7,1
cust_0546,13,117,3211.9,247.07,75,12.3,26,2,30,1,0,2,1,102.64,2,0,0,0.0,0.0,0.077,0.0,0.027,2.308,1
cust_0547,4,18,592.73,148.18,12,4.39,3,3,3,0,0,2,1,83.06,2,1,1,61.01,61.01,0.25,1.0,0.167,0.75,1
cust_0548,10,146,2441.57,244.16,64,20.29,21,6,25,1,1,0,2,55.86,1,2,0,0.0,0.0,0.2,1.0,0.0,2.5,1
cust_0549,1,13,114.45,114.45,8,2.23,2,1,3,1,0,0,0,0.0,1,0,0,0.0,0.0,0.0,0.0,0.0,3.0,0
cust_0550,8,101,2118.11,264.76,56,2.46,19,18,21,0,1,2,2,171.13,0,0,0,0.0,0.0,0.25,0.0,0.036,2.625,1
cust_0551,1,7,186.23,186.23,3,32.34,0,0,0,0,0,0,4,567.02,0,1,0,0.0,0.0,4.0,0.25,0.0,0.0,0
cust_0552,6,43,465.08,77.51,27,7.28,8,8,10,3,0,1,1,80.25,2,0,0,0.0,0.0,0.167,0.0,0.037,1.667,0
cust_0553,6,61,1104.2,184.03,30,5.91,14,6,15,1,0,3,0,0.0,1,0,0,0.0,0.0,0.0,0.0,0.1,2.5,0
cust_0554,18,239,2561.7,142.32,157,4.33,53,12,53,2,0,0,4,820.73,1,2,1,129.31,129.31,0.222,0.5,0.0,2.944,1
cust_0555,1,14,158.7,158.7,6,17.79,1,1,4,0,0,2,0,0.0,1,0,0,0.0,0.0,0.0,0.0,0.333,4.0,0
cust_0556,10,69,1414.95,141.5,42,4.35,10,1,11,1,0,0,1,82.87,0,0,2,110.6,55.3,0.1,0.0,0.0,1.1,0
cust_0557,2,21,196.6,98.3,10,4.4,3,3,6,2,1,0,1,74.08,0,1,2,256.95,128.48,0.5,1.0,0.0,3.0,0
cust_0558,8,95,3137.18,392.15,45,1.32,20,4,22,2,0,1,1,129.98,0,1,1,78.04,78.04,0.125,1.0,0.022,2.75,1
cust_0559,7,45,1192.89,170.41,18,7.35,5,2,6,0,0,1,4,387.59,3,2,1,114.3,114.3,0.571,0.5,0.056,0.857,1
cust_0560,2,16,295.65,147.83,8,25.74,2,2,5,1,0,1,2,119.23,0,1,0,0.0,0.0,1.0,0.5,0.125,2.5,0
cust_0561,3,18,191.74,63.91,9,31.59,5,2,8,0,1,0,1,108.26,0,1,0,0.0,0.0,0.333,1.0,0.0,2.667,0
cust_0562,3,35,593.17,197.72,14,54.07,5,5,5,1,1,2,2,235.3,0,3,1,199.6,199.6,0.667,1.5,0.143,1.667,0
cust_0563,2,27,85.58,42.79,12,6.41,4,4,4,0,0,2,3,593.0,0,0,0,0.0,0.0,1.5,0.0,0.167,2.0,1
cust_0564,10,136,2122.46,212.25,74,14.91,26,10,28,1,0,0,5,245.61,0,0,1,184.71,184.71,0.5,0.0,0.0,2.8,1
cust_0565,2,22,140.35,70.17,14,8.04,5,1,6,1,0,1,2,243.06,0,0,0,0.0,0.0,1.0,0.0,0.071,3.0,0
cust_0566,12,93,864.3,72.02,63,7.94,37,12,40,0,0,0,1,80.87,2,1,1,325.31,325.31,0.083,1.0,0.0,3.333,1
cust_0567,5,56,285.28,57.06,31,16.41,9,5,10,0,1,1,2,213.16,1,1,0,0.0,0.0,0.4,0.5,0.032,2.0,1
cust_0568,5,67,2284.68,456.94,34,18.04,19,13,23,1,0,0,0,0.0,2,0,0,0.0,0.0,0.0,0.0,0.0,4.6,0
cust_0569,1,10,297.53,297.53,6,0.2,1,1,3,2,0,0,1,18.33,1,1,1,79.03,79.03,1.0,1.0,0.0,3.0,0
cust_0570,13,111,1296.99,99.77,76,28.61,18,16,20,0,0,2,4,241.61,1,3,0,0.0,0.0,0.308,0.75,0.026,1.538,1
cust_0571,2,28,309.87,154.93,12,17.32,5,3,5,0,0,1,4,891.85,2,1,0,0.0,0.0,2.0,0.25,0.083,2.5,1
cust_0572,6,79,1157.37,192.89,44,12.77,13,1,16,1,0,0,3,271.71,1,1,0,0.0,0.0,0.5,0.333,0.0,2.667,1
cust_0573,3,41,224.03,74.68,26,19.11,9,2,10,0,0,1,1,87.82,0,0,0,0.0,0.0,0.333,0.0,0.038,3.333,0
cust_0574,2,27,51.89,25.94,17,7.71,8,7,11,1,0,2,2,204.94,2,0,1,126.88,126.88,1.0,0.0,0.118,5.5,0
cust_0575,9,74,898.92,99.88,44,14.84,18,12,20,0,0,1,1,135.24,1,2,1,206.8,206.8,0.111,2.0,0.023,2.222,1
cust_0576,6,80,380.6,63.43,43,9.13,8,2,11,0,0,1,2,267.82,3,0,0,0.0,0.0,0.333,0.0,0.023,1.833,0
cust_0577,13,133,1254.44,96.5,69,7.83,22,12,24,1,0,0,1,148.67,2,1,0,0.0,0.0,0.077,1.0,0.0,1.846,1
cust_0578,7,30,1076.82,153.83,19,2.38,4,1,8,2,0,1,2,364.13,2,1,2,521.19,260.6,0.286,0.5,0.053,1.143,1
cust_0579,6,65,256.17,42.7,30,18.8,17,17,20,1,0,0,1,139.56,0,0,1,169.1,169.1,0.167,0.0,0.0,3.333,0
cust_0580,3,27,374.5,124.83,14,21.53,7,4,9,2,0,0,2,57.12,0,0,1,201.14,201.14,0.667,0.0,0.0,3.0,0
cust_0581,9,63,1178.3,130.92,35,35.47,20,4,23,1,0,1,2,376.49,5,0,1,112.41,112.41,0.222,0.0,0.029,2.556,1
cust_0582,1,14,180.85,180.85,9,1.28,4,4,7,1,0,1,2,72.03,0,1,0,0.0,0.0,2.0,0.5,0.111,7.0,0
cust_0583,11,50,1654.26,150.39,25,3.45,9,4,10,1,0,0,2,92.59,1,3,0,0.0,0.0,0.182,1.5,0.0,0.909,1
cust_0584,7,100,1131.83,161.69,56,11.56,30,1,33,1,1,0,3,252.05,1,1,2,303.85,151.93,0.429,0.333,0.0,4.714,1
cust_0585,5,28,688.97,137.79,13,19.33,6,6,9,3,0,0,2,242.95,1,1,0,0.0,0.0,0.4,0.5,0.0,1.8,0
cust_0586,10,81,1947.82,194.78,52,13.92,21,3,24,3,0,0,0,0.0,1,0,0,0.0,0.0,0.0,0.0,0.0,2.4,0
cust_0587,4,34,710.64,177.66,21,6.08,7,3,9,1,0,3,3,263.85,2,0,0,0.0,0.0,0.75,0.0,0.143,2.25,1
cust_0588,3,36,171.16,57.05,23,12.95,10,5,12,2,1,0,3,88.39,2,1,1,159.97,159.97,1.0,0.333,0.0,4.0,0
cust_0589,3,19,718.19,239.4,7,0.75,3,1,6,2,1,1,2,340.71,0,1,1,124.38,124.38,0.667,0.5,0.143,2.0,1
cust_0590,13,193,1595.22,122.71,105,10.86,46,1,50,2,0,1,2,225.7,0,0,1,284.89,284.89,0.154,0.0,0.01,3.846,1
cust_0591,4,48,1012.9,253.23,21,0.08,7,6,10,0,0,0,2,179.08,0,1,0,0.0,0.0,0.5,0.5,0.0,2.5,0
cust_0592,5,63,791.12,158.22,37,0.49,18,9,21,2,0,1,3,398.19,0,2,3,353.01,117.67,0.6,0.667,0.027,4.2,1
cust_0593,4,20,1024.41,256.1,9,14.16,2,2,4,0,0,0,1,75.88,2,1,0,0.0,0.0,0.25,1.0,0.0,1.0,0
cust_0594,4,36,897.38,224.34,22,6.49,10,9,10,1,0,0,4,184.71,0,2,2,147.4,73.7,1.0,0.5,0.0,2.5,1
cust_0595,5,72,394.66,78.93,30,0.61,14,7,14,1,0,0,1,58.04,0,2,1,65.65,65.65,0.2,2.0,0.0,2.8,1
cust_0596,4,27,350.79,87.7,14,6.58,5,4,8,1,1,0,1,207.48,2,0,0,0.0,0.0,0.25,0.0,0.0,2.0,0
cust_0597,10,55,2788.11,278.81,24,0.65,7,2,11,0,1,2,1,64.75,1,2,2,607.85,303.92,0.1,2.0,0.083,1.1,1
cust_0598,1,9,206.2,206.2,5,4.25,2,2,3,0,0,0,2,33.1,0,1,0,0.0,0.0,2.0,0.5,0.0,3.0,0
cust_0599,6,85,1729.63,288.27,49,1.71,12,5,14,7,0,1,2,346.92,0,1,0,0.0,0.0,0.333,0.5,0.02,2.333,1
cust_0600,3,28,216.74,72.25,15,2.48,4,3,5,1,0,1,3,113.96,0,0,0,0.0,0.0,1.0,0.0,0.067,1.667,0
cust_0601,4,33,421.58,105.39,15,2.18,5,4,6,2,0,0,1,116.6,0,0,0,0.0,0.0,0.25,0.0,0.0,1.5,0
cust_0602,12,133,1480.02,123.33,54,4.65,25,6,29,2,0,1,0,0.0,1,0,0,0.0,0.0,0.0,0.0,0.019,2.417,1
cust_0603,8,114,1460.74,182.59,68,1.14,18,14,22,2,0,3,1,73.61,0,1,0,0.0,0.0,0.125,1.0,0.044,2.75,1
cust_0604,4,18,369.04,92.26,11,7.5,2,2,2,2,1,0,2,183.47,1,2,0,0.0,0.0,0.5,1.0,0.0,0.5,1
cust_0605,8,45,1897.32,237.16,27,5.23,11,8,13,1,0,2,1,267.12,0,3,0,0.0,0.0,0.125,3.0,0.074,1.625,1
cust_0606,13,70,2143.9,164.92,46,18.32,21,15,21,0,0,0,1,178.87,0,2,1,116.47,116.47,0.077,2.0,0.0,1.615,1
cust_0607,4,19,659.76,164.94,12,17.48,2,2,6,1,0,0,1,146.5,2,2,0,0.0,0.0,0.25,2.0,0.0,1.5,0
cust_0608,3,21,503.25,167.75,11,17.39,2,2,6,1,0,1,0,0.0,2,0,0,0.0,0.0,0.0,0.0,0.091,2.0,0
cust_0609,3,19,367.71,122.57,11,6.34,2,1,4,2,2,4,2,146.81,0,3,2,446.41,223.2,0.667,1.5,0.364,1.333,1
cust_0610,9,90,1559.13,173.24,46,3.44,25,16,27,1,0,0,1,111.82,2,1,1,147.46,147.46,0.111,1.0,0.0,3.0,1
cust_0611,1,7,200.07,200.07,4,5.37,1,1,4,0,0,0,0,0.0,0,0,0,0.0,0.0,0.0,0.0,0.0,4.0,0
cust_0612,4,33,435.96,108.99,18,11.63,10,8,13,2,1,1,4,194.68,2,3,1,80.53,80.53,1.0,0.75,0.056,3.25,1
cust_0613,1,14,92.32,92.32,8,7.55,3,2,4,2,0,1,1,279.09,1,0,0,0.0,0.0,1.0,0.0,0.125,4.0,0
cust_0614,4,22,528.33,132.08,8,9.79,4,4,6,1,0,1,3,154.48,1,0,1,246.77,246.77,0.75,0.0,0.125,1.5,0
cust_0615,3,24,398.74,132.91,13,11.83,4,3,6,1,0,1,1,121.61,1,1,2,291.0,145.5,0.333,1.0,0.077,2.0,1
cust_0616,6,40,1326.93,221.15,24,25.05,10,3,10,3,0,1,1,167.99,2,0,1,356.93,356.93,0.167,0.0,0.042,1.667,0
cust_0617,11,110,1234.07,112.19,52,28.82,22,2,22,1,1,0,1,132.77,0,0,2,298.63,149.32,0.091,0.0,0.0,2.0,0
cust_0618,5,60,1162.75,232.55,24,18.36,4,1,7,0,0,2,0,0.0,1,0,1,197.49,197.49,0.0,0.0,0.083,1.4,0
cust_0619,3,38,783.01,261.0,23,0.67,4,1,5,0,0,0,2,88.29,0,0,0,0.0,0.0,0.667,0.0,0.0,1.667,0
cust_0620,6,58,824.35,137.39,29,38.79,7,4,11,0,0,1,2,244.78,0,0,0,0.0,0.0,0.333,0.0,0.034,1.833,0
cust_0621,9,120,1462.66,162.52,63,12.16,25,10,28,0,0,1,0,0.0,0,0,1,132.83,132.83,0.0,0.0,0.016,3.111,0
cust_0622,3,37,690.25,230.08,21,11.82,7,7,7,0,0,0,2,387.17,1,1,0,0.0,0.0,0.667,0.5,0.0,2.333,0
cust_0623,2,11,567.61,283.81,4,0.23,1,1,5,1,0,1,2,140.1,1,0,0,0.0,0.0,1.0,0.0,0.25,2.5,0
cust_0624,15,100,2286.57,152.44,43,6.53,22,18,23,1,0,0,0,0.0,1,0,0,0.0,0.0,0.0,0.0,0.0,1.533,0
cust_0625,2,22,190.78,95.39,15,9.85,7,3,7,0,0,1,2,278.01,1,0,1,80.13,80.13,1.0,0.0,0.067,3.5,0
cust_0626,2,29,455.36,227.68,14,3.26,8,8,11,0,0,0,3,390.91,1,1,0,0.0,0.0,1.5,0.333,0.0,5.5,1
cust_0627,5,40,694.02,138.8,19,0.87,8,3,11,1,1,1,1,139.63,1,1,0,0.0,0.0,0.2,1.0,0.053,2.2,1
cust_0628,1,6,87.74,87.74,2,7.6,0,0,1,3,0,0,3,273.56,0,1,0,0.0,0.0,3.0,0.333,0.0,1.0,0
cust_0629,16,216,4553.49,284.59,97,5.91,31,7,34,2,0,0,3,180.0,0,0,0,0.0,0.0,0.188,0.0,0.0,2.125,1
cust_0630,3,18,502.91,167.64,9,0.45,3,2,4,2,0,0,2,265.41,1,1,0,0.0,0.0,0.667,0.5,0.0,1.333,1
cust_0631,5,58,1506.92,301.38,29,7.33,9,5,11,3,0,1,1,66.16,0,1,1,124.57,124.57,0.2,1.0,0.034,2.2,1
cust_0632,9,39,1953.02,217.0,20,1.14,7,1,7,1,0,1,2,69.09,1,1,0,0.0,0.0,0.222,0.5,0.05,0.778,1
cust_0633,5,21,706.79,141.36,12,5.53,2,2,4,2,0,1,5,672.58,0,0,0,0.0,0.0,1.0,0.0,0.083,0.8,1
cust_0634,1,8,246.23,246.23,4,3.15,1,1,3,1,0,1,0,0.0,2,0,0,0.0,0.0,0.0,0.0,0.25,3.0,0
cust_0635,1,11,228.42,228.42,6,35.22,2,2,5,1,0,0,2,235.07,2,2,0,0.0,0.0,2.0,1.0,0.0,5.0,0
cust_0636,12,66,974.75,81.23,42,0.35,16,10,20,0,0,0,1,185.82,1,0,2,306.92,153.46,0.083,0.0,0.0,1.667,1
cust_0637,6,74,1285.98,214.33,48,8.21,11,3,14,0,0,1,1,105.3,4,1,0,0.0,0.0,0.167,1.0,0.021,2.333,1
cust_0638,5,27,1863.91,372.78,15,1.65,3,3,3,2,0,0,0,0.0,1,0,0,0.0,0.0,0.0,0.0,0.0,0.6,0
cust_0639,15,148,2147.44,143.16,64,3.85,26,7,29,1,0,1,2,182.86,1,0,3,183.58,61.19,0.133,0.0,0.016,1.933,1
cust_0640,3,22,683.02,227.67,11,2.03,2,2,2,3,0,0,0,0.0,2,0,1,132.8,132.8,0.0,0.0,0.0,0.667,0
cust_0641,1,12,420.28,420.28,7,53.28,3,1,7,1,1,0,3,416.81,1,0,0,0.0,0.0,3.0,0.0,0.0,7.0,0
cust_0642,7,89,876.13,125.16,37,0.33,22,8,26,2,0,0,0,0.0,3,0,0,0.0,0.0,0.0,0.0,0.0,3.714,1
cust_0643,3,14,526.67,175.56,5,7.79,2,1,6,0,0,2,3,656.07,0,1,3,637.34,212.45,1.0,0.333,0.4,2.0,1
cust_0644,13,79,2201.99,169.38,54,9.37,26,15,26,2,0,0,1,58.47,2,2,1,176.45,176.45,0.077,2.0,0.0,2.0,1
cust_0645,4,55,627.09,156.77,34,14.79,12,1,16,0,0,1,2,287.4,2,1,2,448.38,224.19,0.5,0.5,0.029,4.0,1
cust_0646,12,102,4999.3,416.61,45,9.83,21,2,23,3,0,1,1,449.24,0,1,0,0.0,0.0,0.083,1.0,0.022,1.917,1
cust_0647,3,27,183.72,61.24,14,2.63,6,3,9,0,0,0,1,69.14,2,1,1,121.68,121.68,0.333,1.0,0.0,3.0,1
cust_0648,9,52,1306.77,145.2,23,9.11,12,2,15,1,0,2,4,300.49,2,0,0,0.0,0.0,0.444,0.0,0.087,1.667,1
cust_0649,6,89,820.08,136.68,35,36.88,16,8,16,2,0,0,1,33.84,2,1,0,0.0,0.0,0.167,1.0,0.0,2.667,0
cust_0650,10,141,1387.37,138.74,72,18.87,35,19,36,0,0,2,1,161.25,1,1,0,0.0,0.0,0.1,1.0,0.028,3.6,1
cust_0651,5,20,411.96,82.39,11,6.04,4,3,5,0,0,0,2,30.67,1,3,2,338.67,169.34,0.4,1.5,0.0,1.0,1
cust_0652,7,70,1865.48,266.5,48,6.49,18,7,21,1,0,0,1,48.79,2,0,1,230.18,230.18,0.143,0.0,0.0,3.0,0
cust_0653,1,13,214.24,214.24,8,1.43,3,2,4,1,0,1,0,0.0,1,0,1,90.53,90.53,0.0,0.0,0.125,4.0,0
cust_0654,2,17,198.34,99.17,7,8.44,2,2,3,1,0,0,4,393.53,0,1,1,224.2,224.2,2.0,0.25,0.0,1.5,1
cust_0655,2,17,225.83,112.92,8,3.29,2,1,3,0,0,0,3,488.91,0,0,0,0.0,0.0,1.5,0.0,0.0,1.5,1
cust_0656,5,40,380.29,76.06,22,1.14,4,2,4,0,1,0,2,309.29,0,0,1,98.66,98.66,0.4,0.0,0.0,0.8,1
cust_0657,1,4,120.59,120.59,1,6.43,0,0,2,1,0,1,3,243.51,1,0,1,183.48,183.48,3.0,0.0,1.0,2.0,0
cust_0658,3,38,523.64,174.55,24,0.46,13,2,17,1,1,0,0,0.0,2,0,0,0.0,0.0,0.0,0.0,0.0,5.667,0
cust_0659,5,45,328.19,65.64,20,1.28,11,9,11,2,0,0,1,46.89,1,0,0,0.0,0.0,0.2,0.0,0.0,2.2,0
cust_0660,2,19,257.02,128.51,9,2.47,3,1,5,3,0,1,0,0.0,1,0,0,0.0,0.0,0.0,0.0,0.111,2.5,0
cust_0661,7,47,2748.09,392.58,26,46.71,6,4,10,2,0,2,0,0.0,2,0,0,0.0,0.0,0.0,0.0,0.077,1.429,0
cust_0662,6,75,311.05,51.84,32,16.53,17,17,21,2,0,0,3,223.45,1,1,0,0.0,0.0,0.5,0.333,0.0,3.5,1
cust_0663,4,50,419.88,104.97,29,7.8,14,14,14,1,3,1,1,26.31,0,2,2,387.52,193.76,0.25,2.0,0.034,3.5,1
cust_0664,5,50,901.38,180.28,34,2.65,10,8,13,0,0,1,0,0.0,0,0,0,0.0,0.0,0.0,0.0,0.029,2.6,0
cust_0665,1,13,124.71,124.71,7,7.32,3,1,3,3,0,3,0,0.0,1,0,0,0.0,0.0,0.0,0.0,0.429,3.0,0
cust_0666,3,15,191.14,63.71,9,10.47,3,3,7,1,0,0,0,0.0,0,0,0,0.0,0.0,0.0,0.0,0.0,2.333,0
cust_0667,6,75,1047.99,174.66,39,0.05,21,18,22,0,0,0,1,26.32,1,1,0,0.0,0.0,0.167,1.0,0.0,3.667,0
cust_0668,3,30,415.65,138.55,15,44.14,4,3,5,1,0,0,2,171.57,1,1,2,587.22,293.61,0.667,0.5,0.0,1.667,0
cust_0669,5,32,521.31,104.26,15,9.86,7,2,10,0,0,3,2,183.83,3,2,0,0.0,0.0,0.4,1.0,0.2,2.0,1
cust_0670,4,21,487.24,121.81,12,44.44,5,5,5,0,0,1,3,285.84,1,1,1,72.17,72.17,0.75,0.333,0.083,1.25,0
cust_0671,16,116,1967.61,122.98,64,6.33,13,1,17,1,1,1,4,845.78,2,1,4,1533.65,383.41,0.25,0.25,0.016,1.062,1
cust_0672,5,67,441.42,88.28,36,9.77,15,5,16,2,0,0,2,294.3,1,3,0,0.0,0.0,0.4,1.5,0.0,3.2,1
cust_0673,5,63,1374.73,274.95,27,6.19,13,13,15,0,0,0,2,132.06,2,1,3,307.52,102.51,0.4,0.5,0.0,3.0,1
cust_0674,4,44,1179.47,294.87,26,0.1,6,1,7,1,1,0,1,78.28,3,1,0,0.0,0.0,0.25,1.0,0.0,1.75,0
cust_0675,4,19,132.27,33.07,11,18.96,4,2,7,1,0,0,1,135.01,2,2,0,0.0,0.0,0.25,2.0,0.0,1.75,1
cust_0676,7,101,1020.25,145.75,46,5.96,14,3,14,1,0,1,0,0.0,1,0,0,0.0,0.0,0.0,0.0,0.022,2.0,0
cust_0677,9,66,2928.0,325.33,41,6.37,19,15,19,5,0,0,1,114.25,2,1,0,0.0,0.0,0.111,1.0,0.0,2.111,1
cust_0678,8,85,925.97,115.75,56,4.46,23,3,24,2,0,1,1,128.98,2,0,1,109.39,109.39,0.125,0.0,0.018,3.0,1
cust_0679,8,102,1984.02,248.0,46,5.67,20,11,22,1,0,0,2,196.1,3,1,0,0.0,0.0,0.25,0.5,0.0,2.75,1
cust_0680,3,16,661.48,220.49,8,12.93,1,1,1,1,0,0,4,236.17,0,0,0,0.0,0.0,1.333,0.0,0.0,0.333,0
cust_0681,2,22,173.41,86.7,14,12.06,3,2,3,1,0,0,2,144.41,0,1,0,0.0,0.0,1.0,0.5,0.0,1.5,0
cust_0682,1,4,140.24,140.24,2,16.52,0,0,4,1,0,0,1,163.38,2,1,0,0.0,0.0,1.0,1.0,0.0,4.0,0
cust_0683,9,46,1345.04,149.45,29,36.76,7,4,10,0,0,0,2,280.87,1,0,0,0.0,0.0,0.222,0.0,0.0,1.111,0
cust_0684,4,47,426.87,106.72,21,4.96,8,4,12,0,0,0,1,91.81,1,0,3,380.38,126.79,0.25,0.0,0.0,3.0,0
cust_0685,11,62,2131.42,193.77,25,4.14,11,6,14,0,0,0,0,0.0,0,0,0,0.0,0.0,0.0,0.0,0.0,1.273,0
cust_0686,10,88,2224.26,222.43,36,6.8,18,5,18,1,1,0,0,0.0,0,0,0,0.0,0.0,0.0,0.0,0.0,1.8,0
cust_0687,7,47,1125.84,160.83,32,1.68,8,2,10,1,0,3,1,125.52,0,0,0,0.0,0.0,0.143,0.0,0.094,1.429,0
cust_0688,7,60,1641.71,234.53,26,14.19,12,9,14,1,1,3,2,91.56,1,2,1,197.51,197.51,0.286,1.0,0.115,2.0,1
cust_0689,3,14,490.88,163.63,9,8.7,3,3,3,1,0,1,2,280.62,1,3,0,0.0,0.0,0.667,1.5,0.111,1.0,1
cust_0690,1,12,148.26,148.26,5,2.37,2,1,5,2,0,0,2,158.83,0,1,0,0.0,0.0,2.0,0.5,0.0,5.0,0
cust_0691,11,53,512.98,46.63,21,19.95,5,5,9,0,0,2,1,88.66,1,0,0,0.0,0.0,0.091,0.0,0.095,0.818,0
cust_0692,1,13,67.29,67.29,6,9.65,2,1,6,2,0,2,2,164.76,2,1,0,0.0,0.0,2.0,0.5,0.333,6.0,0
cust_0693,10,112,3583.17,358.32,61,0.35,32,10,36,2,0,1,1,86.59,0,0,1,234.97,234.97,0.1,0.0,0.016,3.6,1
cust_0694,4,34,821.48,205.37,14,2.19,3,3,6,1,0,1,4,125.57,1,0,0,0.0,0.0,1.0,0.0,0.071,1.5,0
cust_0695,8,108,2559.87,319.98,73,22.17,38,8,38,3,0,2,1,55.38,5,0,2,179.12,89.56,0.125,0.0,0.027,4.75,1
cust_0696,1,6,134.74,134.74,4,4.8,1,1,3,0,0,0,2,236.09,3,3,0,0.0,0.0,2.0,1.5,0.0,3.0,1
cust_0697,9,62,4434.11,492.68,27,41.57,14,6,18,0,0,0,0,0.0,1,0,0,0.0,0.0,0.0,0.0,0.0,2.0,0
cust_0698,2,11,286.93,143.47,6,7.54,3,1,6,4,0,2,2,139.31,1,1,1,113.53,113.53,1.0,0.5,0.333,3.0,0
cust_0699,3,24,406.34,135.45,12,2.33,3,2,6,3,1,2,2,198.92,0,0,0,0.0,0.0,0.667,0.0,0.167,2.0,0
cust_0700,14,207,712.25,50.87,143,9.01,67,16,71,3,0,0,4,352.36,0,0,0,0.0,0.0,0.286,0.0,0.0,5.071,1
cust_0701,11,63,2607.17,237.02,26,1.08,7,6,7,3,1,0,1,105.92,1,0,1,288.98,288.98,0.091,0.0,0.0,0.636,0
cust_0702,5,65,1584.45,316.89,35,16.48,8,2,10,1,0,2,2,106.72,2,0,4,227.03,56.76,0.4,0.0,0.057,2.0,1
cust_0703,2,22,813.8,406.9,10,9.88,4,1,6,0,0,0,1,50.66,0,1,0,0.0,0.0,0.5,1.0,0.0,3.0,0
cust_0704,3,12,459.03,153.01,7,33.23,1,1,4,1,0,1,1,93.94,1,0,0,0.0,0.0,0.333,0.0,0.143,1.333,0
cust_0705,4,57,388.43,97.11,24,11.72,9,9,9,1,0,1,1,68.01,2,0,0,0.0,0.0,0.25,0.0,0.042,2.25,0
cust_0706,6,88,841.58,140.26,51,0.5,23,13,24,3,0,1,1,102.1,0,1,0,0.0,0.0,0.167,1.0,0.02,4.0,1
cust_0707,1,14,202.74,202.74,9,6.47,3,3,5,1,1,1,2,92.65,1,1,0,0.0,0.0,2.0,0.5,0.111,5.0,0
cust_0708,2,19,251.14,125.57,10,7.58,4,4,5,4,0,1,0,0.0,0,0,1,223.09,223.09,0.0,0.0,0.1,2.5,0
cust_0709,8,51,1094.37,136.8,27,24.86,14,7,17,1,0,0,0,0.0,0,0,2,111.44,55.72,0.0,0.0,0.0,2.125,0
cust_0710,6,49,893.59,148.93,26,5.66,14,1,16,2,0,0,0,0.0,2,0,0,0.0,0.0,0.0,0.0,0.0,2.667,0
cust_0711,2,21,309.18,154.59,11,9.0,4,2,4,0,0,0,3,734.21,1,0,1,105.93,105.93,1.5,0.0,0.0,2.0,1
cust_0712,9,73,624.9,69.43,38,2.06,11,9,12,2,0,0,1,59.06,0,1,0,0.0,0.0,0.111,1.0,0.0,1.333,0
cust_0713,5,58,869.96,173.99,31,2.81,12,8,16,1,1,2,1,25.72,2,0,3,401.0,133.67,0.2,0.0,0.065,3.2,1
cust_0714,2,25,182.74,91.37,17,7.95,6,1,7,4,1,3,1,98.83,1,0,0,0.0,0.0,0.5,0.0,0.176,3.5,0
cust_0715,8,50,1303.59,162.95,21,11.94,6,5,9,1,0,1,0,0.0,1,0,1,173.09,173.09,0.0,0.0,0.048,1.125,0
cust_0716,9,76,500.84,55.65,36,5.72,14,1,17,2,1,2,1,207.34,0,1,3,259.83,86.61,0.111,1.0,0.056,1.889,1
cust_0717,4,58,1133.0,283.25,26,5.67,5,3,8,1,0,2,1,183.21,0,1,0,0.0,0.0,0.25,1.0,0.077,2.0,1
cust_0718,5,33,754.91,150.98,18,2.96,7,3,7,0,0,1,1,84.12,1,1,0,0.0,0.0,0.2,1.0,0.056,1.4,0
cust_0719,5,39,666.27,133.25,15,11.98,7,2,7,1,0,0,2,495.23,1,0,0,0.0,0.0,0.4,0.0,0.0,1.4,0
cust_0720,5,21,1321.86,264.37,14,0.05,8,3,11,2,0,1,3,488.47,1,1,0,0.0,0.0,0.6,0.333,0.071,2.2,1
cust_0721,8,61,1622.39,202.8,34,7.19,19,8,21,1,1,0,0,0.0,2,0,0,0.0,0.0,0.0,0.0,0.0,2.625,0
cust_0722,7,56,874.69,124.96,37,0.04,8,5,12,1,1,2,1,88.13,0,1,1,176.76,176.76,0.143,1.0,0.054,1.714,1
cust_0723,3,15,905.63,301.88,7,9.0,1,1,1,3,0,1,0,0.0,0,0,0,0.0,0.0,0.0,0.0,0.143,0.333,0
cust_0724,10,40,1512.05,151.21,17,0.31,4,1,6,3,0,1,0,0.0,0,0,0,0.0,0.0,0.0,0.0,0.059,0.6,0
cust_0725,3,30,434.94,144.98,13,28.15,5,1,6,0,0,2,0,0.0,5,0,0,0.0,0.0,0.0,0.0,0.154,2.0,0
cust_0726,2,14,330.7,165.35,7,6.5,1,1,2,1,0,4,2,146.6,2,1,1,56.26,56.26,1.0,0.5,0.571,1.0,1
cust_0727,1,4,425.26,425.26,1,11.52,0,0,2,0,0,0,2,196.19,2,2,2,426.02,213.01,2.0,1.0,0.0,2.0,1
cust_0728,14,188,728.76,52.05,119,19.21,26,18,30,1,0,0,1,119.68,1,3,0,0.0,0.0,0.071,3.0,0.0,2.143,1
cust_0729,9,93,4014.16,446.02,59,2.68,21,7,22,0,1,0,2,152.79,2,1,1,371.17,371.17,0.222,0.5,0.0,2.444,1
cust_0730,5,29,1295.39,259.08,17,7.77,9,9,11,1,0,0,3,464.53,1,1,1,125.88,125.88,0.6,0.333,0.0,2.2,1
cust_0731,11,148,1404.04,127.64,98,19.91,56,9,58,0,1,0,6,1774.13,1,0,0,0.0,0.0,0.545,0.0,0.0,5.273,1
cust_0732,8,54,923.68,115.46,30,7.72,11,10,14,0,1,1,1,7.45,1,0,1,311.96,311.96,0.125,0.0,0.033,1.75,0
cust_0733,4,26,714.25,178.56,14,4.99,5,3,7,0,1,0,1,125.33,2,1,0,0.0,0.0,0.25,1.0,0.0,1.75,0
cust_0734,2,27,397.71,198.85,15,4.6,6,6,10,3,0,2,1,25.89,0,0,0,0.0,0.0,0.5,0.0,0.133,5.0,0
cust_0735,3,17,869.54,289.85,7,4.85,2,1,5,1,0,2,1,132.62,0,0,0,0.0,0.0,0.333,0.0,0.286,1.667,0
cust_0736,2,27,290.86,145.43,14,9.56,4,4,8,0,0,0,0,0.0,1,0,1,139.53,139.53,0.0,0.0,0.0,4.0,0
cust_0737,19,243,2764.96,145.52,136,0.47,67,10,71,3,0,1,3,191.46,4,0,1,162.83,162.83,0.158,0.0,0.007,3.737,1
cust_0738,3,22,111.09,37.03,13,5.37,5,2,8,1,0,3,4,256.64,2,0,0,0.0,0.0,1.333,0.0,0.231,2.667,0
cust_0739,20,87,2220.7,111.03,43,8.22,16,14,19,2,0,0,1,156.83,1,2,0,0.0,0.0,0.05,2.0,0.0,0.95,1
cust_0740,4,19,1444.34,361.09,8,15.44,1,1,2,1,0,0,1,20.47,1,1,1,157.43,157.43,0.25,1.0,0.0,0.5,0
cust_0741,1,5,207.53,207.53,2,7.55,0,0,1,0,1,0,1,169.03,2,1,3,440.33,146.78,1.0,1.0,0.0,1.0,0
cust_0742,3,41,616.01,205.34,26,26.06,10,8,13,2,0,3,0,0.0,1,0,0,0.0,0.0,0.0,0.0,0.115,4.333,0
cust_0743,4,33,472.16,118.04,22,5.87,9,6,13,1,0,0,0,0.0,0,0,0,0.0,0.0,0.0,0.0,0.0,3.25,0
cust_0744,6,26,655.64,109.27,11,10.52,5,1,5,1,0,0,2,140.71,1,0,0,0.0,0.0,0.333,0.0,0.0,0.833,0
cust_0745,8,80,1668.32,208.54,49,0.18,27,5,29,1,0,0,1,75.62,0,0,0,0.0,0.0,0.125,0.0,0.0,3.625,1
cust_0746,12,75,2188.31,182.36,43,2.72,22,4,25,3,1,3,0,0.0,1,0,0,0.0,0.0,0.0,0.0,0.07,2.083,0
cust_0747,8,52,1672.6,209.08,21,16.9,5,5,7,1,0,0,0,0.0,4,0,0,0.0,0.0,0.0,0.0,0.0,0.875,0
cust_0748,3,17,488.36,162.79,10,8.82,5,5,6,0,0,0,2,168.95,1,0,0,0.0,0.0,0.667,0.0,0.0,2.0,0
cust_0749,11,136,2007.97,182.54,55,29.22,25,7,27,2,0,0,5,784.02,3,2,2,194.91,97.46,0.455,0.4,0.0,2.455,1
cust_0750,6,24,405.18,67.53,15,13.98,7,3,8,3,0,0,2,275.64,0,1,1,186.82,186.82,0.333,0.5,0.0,1.333,1
cust_0751,3,26,1166.27,388.76,16,5.97,8,3,11,2,1,1,2,192.74,1,2,0,0.0,0.0,0.667,1.0,0.062,3.667,1
cust_0752,17,84,2056.2,120.95,50,15.08,16,8,17,0,0,0,2,452.63,2,1,0,0.0,0.0,0.118,0.5,0.0,1.0,1
cust_0753,5,50,832.8,166.56,21,6.31,6,5,10,2,0,3,1,109.14,2,2,0,0.0,0.0,0.2,2.0,0.143,2.0,1
cust_0754,5,39,194.05,38.81,26,4.01,10,8,14,2,0,0,0,0.0,1,0,0,0.0,0.0,0.0,0.0,0.0,2.8,0
cust_0755,3,12,323.69,107.9,8,0.48,2,2,6,2,0,0,0,0.0,2,0,0,0.0,0.0,0.0,0.0,0.0,2.0,0
cust_0756,4,36,637.77,159.44,24,20.07,8,3,10,0,0,0,0,0.0,0,0,0,0.0,0.0,0.0,0.0,0.0,2.5,0
cust_0757,5,51,1010.31,202.06,25,5.43,5,4,7,1,0,0,1,99.37,3,1,0,0.0,0.0,0.2,1.0,0.0,1.4,0
cust_0758,2,13,91.43,45.72,7,11.56,4,3,4,2,0,0,1,173.53,1,1,1,62.56,62.56,0.5,1.0,0.0,2.0,0
cust_0759,1,12,159.26,159.26,5,1.66,1,1,3,1,0,2,2,69.54,0,0,1,51.97,51.97,2.0,0.0,0.4,3.0,0
cust_0760,3,24,871.87,290.62,9,17.66,4,1,4,1,0,1,2,64.43,1,0,2,179.48,89.74,0.667,0.0,0.111,1.333,0
cust_0761,4,48,761.66,190.42,20,17.38,11,10,14,0,0,1,1,141.55,1,1,1,139.74,139.74,0.25,1.0,0.05,3.5,0
cust_0762,2,20,613.27,306.64,11,6.58,6,1,9,1,0,1,1,119.59,2,3,0,0.0,0.0,0.5,3.0,0.091,4.5,1
cust_0763,2,27,404.13,202.07,13,11.15,5,1,8,5,0,0,2,200.83,0,1,0,0.0,0.0,1.0,0.5,0.0,4.0,0
cust_0764,2,20,231.1,115.55,11,7.37,4,2,7,1,0,1,2,465.8,2,1,2,386.2,193.1,1.0,0.5,0.091,3.5,1
cust_0765,10,60,1390.31,139.03,34,8.04,11,11,13,0,0,0,1,22.46,0,2,0,0.0,0.0,0.1,2.0,0.0,1.3,1
cust_0766,9,117,1523.74,169.3,78,21.96,42,16,46,1,0,0,0,0.0,0,0,1,127.32,127.32,0.0,0.0,0.0,5.111,1
cust_0767,1,12,213.98,213.98,7,34.09,2,1,6,1,1,1,2,276.85,0,0,1,79.03,79.03,2.0,0.0,0.143,6.0,0
cust_0768,8,117,1777.06,222.13,72,4.58,17,3,18,0,1,3,2,199.14,0,1,0,0.0,0.0,0.25,0.5,0.042,2.25,1
cust_0769,6,30,745.62,124.27,19,4.03,6,5,9,0,0,0,1,104.64,1,1,0,0.0,0.0,0.167,1.0,0.0,1.5,1
cust_0770,6,63,736.37,122.73,25,3.62,8,5,12,2,0,2,0,0.0,1,0,0,0.0,0.0,0.0,0.0,0.08,2.0,0
cust_0771,6,56,668.68,111.45,22,14.73,10,8,10,1,0,2,0,0.0,0,0,1,182.21,182.21,0.0,0.0,0.091,1.667,0
cust_0772,5,56,303.18,60.64,30,12.83,8,3,11,1,0,1,1,193.65,1,0,0,0.0,0.0,0.2,0.0,0.033,2.2,0
cust_0773,5,73,1260.57,252.11,43,0.45,14,13,14,0,0,1,1,87.16,1,1,0,0.0,0.0,0.2,1.0,0.023,2.8,0
cust_0774,5,49,626.79,125.36,31,0.93,7,7,9,0,1,1,2,311.27,2,1,0,0.0,0.0,0.4,0.5,0.032,1.8,1
cust_0775,12,138,946.01,78.83,73,10.39,39,10,42,1,0,0,1,45.99,1,1,1,132.6,132.6,0.083,1.0,0.0,3.5,1
cust_0776,9,70,1807.27,200.81,47,3.22,23,17,26,1,0,1,1,308.35,3,0,0,0.0,0.0,0.111,0.0,0.021,2.889,1
cust_0777,3,21,637.11,212.37,13,0.96,4,3,8,0,0,1,1,137.89,0,0,0,0.0,0.0,0.333,0.0,0.077,2.667,0
cust_0778,5,38,348.97,69.79,16,5.34,5,1,7,3,0,0,2,241.14,1,2,3,903.98,301.33,0.4,1.0,0.0,1.4,1
cust_0779,5,22,1433.51,286.7,11,21.0,2,2,3,2,0,0,0,0.0,1,0,0,0.0,0.0,0.0,0.0,0.0,0.6,0
cust_0780,7,49,1853.71,264.82,34,4.56,12,9,12,1,0,1,3,667.97,1,0,1,174.66,174.66,0.429,0.0,0.029,1.714,1
cust_0781,4,23,663.49,165.87,12,11.9,6,3,9,0,0,1,2,216.37,1,2,1,58.28,58.28,0.5,1.0,0.083,2.25,1
cust_0782,6,54,971.65,161.94,27,23.08,6,2,6,0,0,1,0,0.0,1,0,0,0.0,0.0,0.0,0.0,0.037,1.0,0
cust_0783,5,45,1252.89,250.58,21,1.86,10,10,13,2,0,0,0,0.0,2,0,0,0.0,0.0,0.0,0.0,0.0,2.6,0
cust_0784,5,62,596.95,119.39,33,9.41,7,7,10,1,0,2,0,0.0,0,0,0,0.0,0.0,0.0,0.0,0.061,2.0,0
cust_0785,5,47,1441.83,288.37,29,23.82,9,5,10,4,1,0,1,71.32,0,0,1,259.39,259.39,0.2,0.0,0.0,2.0,0
cust_0786,7,63,327.42,46.77,26,2.15,14,11,18,0,0,1,0,0.0,0,0,0,0.0,0.0,0.0,0.0,0.038,2.571,0
cust_0787,6,39,1053.8,175.63,25,44.84,9,7,9,1,1,0,1,183.36,1,1,1,162.81,162.81,0.167,1.0,0.0,1.5,0
cust_0788,5,66,737.64,147.53,44,4.54,21,9,21,0,0,0,3,818.13,0,1,1,157.12,157.12,0.6,0.333,0.0,4.2,1
cust_0789,5,25,336.56,67.31,15,2.45,3,1,5,1,0,1,1,40.63,1,1,0,0.0,0.0,0.2,1.0,0.067,1.0,0
cust_0790,4,59,1019.78,254.95,39,18.19,18,7,20,0,0,3,3,131.21,0,0,2,439.73,219.86,0.75,0.0,0.077,5.0,1
cust_0791,6,55,658.29,109.72,23,6.31,12,1,16,1,1,0,4,110.17,0,2,0,0.0,0.0,0.667,0.5,0.0,2.667,1
cust_0792,4,24,944.21,236.05,12,11.11,6,2,10,1,0,2,4,781.33,2,0,0,0.0,0.0,1.0,0.0,0.167,2.5,1
cust_0793,4,31,831.34,207.84,13,6.73,4,3,6,1,0,0,1,91.66,0,0,0,0.0,0.0,0.25,0.0,0.0,1.5,0
cust_0794,5,20,463.39,92.68,13,10.31,7,2,9,1,0,1,0,0.0,1,0,0,0.0,0.0,0.0,0.0,0.077,1.8,0
cust_0795,5,29,239.04,47.81,19,0.36,8,1,10,1,0,0,1,19.13,2,1,0,0.0,0.0,0.2,1.0,0.0,2.0,0
cust_0796,4,30,757.32,189.33,14,4.31,7,1,11,1,0,0,0,0.0,0,0,0,0.0,0.0,0.0,0.0,0.0,2.75,0
cust_0797,14,141,2971.13,212.22,79,10.71,22,10,24,1,0,1,4,239.44,1,0,2,439.02,219.51,0.286,0.0,0.013,1.714,1
cust_0798,7,37,1244.01,177.72,18,4.32,5,2,6,0,0,1,0,0.0,0,0,1,178.03,178.03,0.0,0.0,0.056,0.857,0
cust_0799,6,68,558.81,93.13,34,14.95,17,5,21,2,0,1,3,612.08,1,1,0,0.0,0.0,0.5,0.333,0.029,3.5,1
cust_0800,4,53,1685.55,421.39,28,32.41,12,7,14,1,1,2,0,0.0,2,0,1,194.04,194.04,0.0,0.0,0.071,3.5,0
cust_0801,3,30,445.83,148.61,19,0.38,8,8,12,0,0,1,1,112.75,0,1,0,0.0,0.0,0.333,1.0,0.053,4.0,0
cust_0802,12,87,623.41,51.95,38,19.33,11,10,12,1,0,1,2,480.19,3,1,0,0.0,0.0,0.167,0.5,0.026,1.0,1
cust_0803,4,21,1030.97,257.74,9,1.85,3,2,3,2,0,0,0,0.0,0,0,0,0.0,0.0,0.0,0.0,0.0,0.75,0
cust_0804,4,16,397.82,99.45,7,24.93,2,2,4,6,0,0,0,0.0,2,0,0,0.0,0.0,0.0,0.0,0.0,1.0,0
cust_0805,4,48,871.31,217.83,19,29.34,4,2,5,2,0,2,1,91.3,1,2,1,71.97,71.97,0.25,2.0,0.105,1.25,1
cust_0806,5,54,447.83,89.57,32,8.42,9,3,12,1,0,0,2,249.64,1,0,1,153.12,153.12,0.4,0.0,0.0,2.4,0
cust_0807,5,46,757.66,151.53,21,6.52,12,12,16,1,1,0,2,118.57,1,1,0,0.0,0.0,0.4,0.5,0.0,3.2,1
cust_0808,7,35,523.36,74.77,18,14.21,5,4,5,1,0,0,1,165.15,1,1,0,0.0,0.0,0.143,1.0,0.0,0.714,0
cust_0809,4,25,575.99,144.0,15,25.01,3,2,6,0,0,1,0,0.0,0,0,1,102.86,102.86,0.0,0.0,0.067,1.5,0
cust_0810,6,77,572.42,95.4,41,2.65,19,16,21,2,0,2,4,184.77,1,0,1,126.86,126.86,0.667,0.0,0.049,3.5,1
cust_0811,2,18,261.13,130.57,12,4.82,5,5,8,1,0,1,3,189.76,0,0,1,148.11,148.11,1.5,0.0,0.083,4.0,0
cust_0812,5,72,553.19,110.64,45,5.4,22,10,24,3,0,0,0,0.0,0,0,0,0.0,0.0,0.0,0.0,0.0,4.8,0
cust_0813,3,44,788.66,262.89,21,18.7,9,1,10,0,0,0,3,185.05,2,1,0,0.0,0.0,1.0,0.333,0.0,3.333,0
cust_0814,9,115,2849.45,316.61,50,1.47,14,5,15,0,0,0,1,66.05,0,0,1,238.22,238.22,0.111,0.0,0.0,1.667,0
cust_0815,4,27,431.0,107.75,18,9.76,7,4,7,0,0,2,0,0.0,0,0,1,150.88,150.88,0.0,0.0,0.111,1.75,0
cust_0816,7,45,1947.4,278.2,23,4.32,6,3,9,1,1,1,0,0.0,0,0,0,0.0,0.0,0.0,0.0,0.043,1.286,0
cust_0817,1,6,409.38,409.38,3,21.67,0,0,4,0,0,0,1,162.28,1,0,2,562.76,281.38,1.0,0.0,0.0,4.0,0
cust_0818,2,29,141.85,70.93,18,4.15,10,6,11,0,0,0,0,0.0,1,0,0,0.0,0.0,0.0,0.0,0.0,5.5,0
cust_0819,22,169,3038.41,138.11,68,38.14,33,14,34,2,0,1,0,0.0,0,0,0,0.0,0.0,0.0,0.0,0.015,1.545,0
cust_0820,7,82,828.48,118.35,43,0.16,22,10,24,1,0,0,1,139.39,0,1,0,0.0,0.0,0.143,1.0,0.0,3.429,1
cust_0821,8,116,3196.3,399.54,71,2.74,15,9,15,0,1,1,2,568.04,1,1,1,64.98,64.98,0.25,0.5,0.014,1.875,1
cust_0822,2,26,347.38,173.69,17,6.11,5,5,5,0,0,0,2,140.39,2,1,1,137.54,137.54,1.0,0.5,0.0,2.5,0
cust_0823,2,21,817.94,408.97,13,2.96,5,3,7,0,1,1,1,72.75,0,0,0,0.0,0.0,0.5,0.0,0.077,3.5,0
cust_0824,3,17,692.18,230.73,9,13.37,2,1,6,1,0,0,0,0.0,1,0,0,0.0,0.0,0.0,0.0,0.0,2.0,0
cust_0825,3,17,741.09,247.03,11,16.85,5,3,6,1,0,2,3,289.31,0,3,0,0.0,0.0,1.0,1.0,0.182,2.0,1
cust_0826,8,75,1193.45,149.18,30,11.96,7,3,7,0,0,0,2,341.6,0,0,0,0.0,0.0,0.25,0.0,0.0,0.875,0
cust_0827,10,144,2020.1,202.01,70,35.2,31,15,33,1,0,0,3,312.14,0,1,1,313.69,313.69,0.3,0.333,0.0,3.3,1
cust_0828,4,55,768.09,192.02,22,6.09,9,3,12,1,0,1,0,0.0,2,0,1,227.13,227.13,0.0,0.0,0.045,3.0,0
cust_0829,5,29,1024.55,204.91,13,39.01,7,1,7,6,0,2,1,65.47,1,1,0,0.0,0.0,0.2,1.0,0.154,1.4,0
cust_0830,6,42,265.19,44.2,25,1.33,8,6,9,5,0,1,0,0.0,0,0,1,140.86,140.86,0.0,0.0,0.04,1.5,0
cust_0831,4,41,1429.88,357.47,16,18.7,5,2,6,1,0,0,0,0.0,0,0,0,0.0,0.0,0.0,0.0,0.0,1.5,0
cust_0832,7,64,1461.42,208.77,35,0.39,18,11,19,0,0,0,2,113.89,0,0,1,66.02,66.02,0.286,0.0,0.0,2.714,1
cust_0833,5,26,689.67,137.93,13,7.59,3,2,6,0,1,3,2,263.38,0,1,0,0.0,0.0,0.4,0.5,0.231,1.2,1
cust_0834,2,16,503.64,251.82,6,6.63,2,2,5,0,1,0,2,369.81,1,0,1,77.46,77.46,1.0,0.0,0.0,2.5,0
cust_0835,7,101,993.96,141.99,61,19.4,16,16,17,2,0,3,0,0.0,1,0,2,147.73,73.86,0.0,0.0,0.049,2.429,0
cust_0836,3,43,843.73,281.24,26,12.06,14,7,16,1,0,0,3,429.11,1,1,1,217.38,217.38,1.0,0.333,0.0,5.333,1
cust_0837,4,40,432.83,108.21,24,5.82,12,5,14,0,0,0,1,32.1,1,1,2,265.03,132.51,0.25,1.0,0.0,3.5,1
cust_0838,5,54,1827.47,365.49,33,22.6,16,4,17,1,0,0,1,88.71,2,0,0,0.0,0.0,0.2,0.0,0.0,3.4,0
cust_0839,7,45,1211.57,173.08,22,21.7,8,8,10,0,0,3,4,572.43,0,1,0,0.0,0.0,0.571,0.25,0.136,1.429,1
cust_0840,9,109,3269.15,363.24,76,0.25,16,12,20,1,0,0,2,171.54,0,1,0,0.0,0.0,0.222,0.5,0.0,2.222,0
cust_0841,6,27,2674.99,445.83,11,20.48,2,1,3,0,0,0,1,20.73,2,0,0,0.0,0.0,0.167,0.0,0.0,0.5,0
cust_0842,2,12,236.36,118.18,7,7.48,2,2,2,1,0,0,0,0.0,1,0,0,0.0,0.0,0.0,0.0,0.0,1.0,0
cust_0843,12,48,342.72,28.56,33,18.26,7,3,11,0,0,0,4,317.22,0,0,1,284.56,284.56,0.333,0.0,0.0,0.917,0
cust_0844,2,16,50.14,25.07,7,2.0,1,1,5,0,1,0,3,1041.11,0,1,1,115.47,115.47,1.5,0.333,0.0,2.5,1
cust_0845,6,80,430.98,71.83,38,1.64,9,9,11,1,0,1,0,0.0,1,0,0,0.0,0.0,0.0,0.0,0.026,1.833,0
cust_0846,2,29,129.76,64.88,16,12.81,4,1,8,1,0,1,2,204.94,1,3,0,0.0,0.0,1.0,1.5,0.062,4.0,1
cust_0847,6,68,702.1,117.02,43,3.22,21,4,24,1,1,3,4,481.23,0,0,0,0.0,0.0,0.667,0.0,0.07,4.0,1
cust_0848,2,24,552.92,276.46,11,8.18,2,1,4,1,1,1,2,323.06,4,2,2,192.45,96.22,1.0,1.0,0.091,2.0,1
cust_0849,7,48,904.19,129.17,31,11.67,18,14,20,0,0,0,3,30.5,0,2,1,418.98,418.98,0.429,0.667,0.0,2.857,1
cust_0850,6,58,1147.98,191.33,27,9.43,8,1,11,2,0,2,1,55.96,0,0,0,0.0,0.0,0.167,0.0,0.074,1.833,0
cust_0851,2,24,473.05,236.53,15,12.01,4,2,8,1,0,0,2,148.06,0,1,0,0.0,0.0,1.0,0.5,0.0,4.0,0
cust_0852,6,56,1337.44,222.91,26,9.69,7,1,9,1,0,2,1,165.89,0,0,0,0.0,0.0,0.167,0.0,0.077,1.5,0
cust_0853,4,19,277.34,69.34,11,4.77,4,4,6,3,0,2,1,32.64,0,2,0,0.0,0.0,0.25,2.0,0.182,1.5,0
cust_0854,4,48,330.33,82.58,24,0.95,4,3,4,1,0,0,2,158.59,0,1,0,0.0,0.0,0.5,0.5,0.0,1.0,0
cust_0855,8,51,746.15,93.27,25,19.33,5,5,7,0,0,0,1,83.65,1,3,0,0.0,0.0,0.125,3.0,0.0,0.875,0
cust_0856,7,35,620.72,88.67,17,18.71,4,3,6,3,0,1,1,40.8,1,0,2,350.29,175.14,0.143,0.0,0.059,0.857,0
cust_0857,1,9,165.33,165.33,4,0.06,1,1,4,1,1,1,1,157.43,4,0,0,0.0,0.0,1.0,0.0,0.25,4.0,0
cust_0858,1,4,92.8,92.8,2,18.38,0,0,2,2,1,0,1,143.07,0,0,0,0.0,0.0,1.0,0.0,0.0,2.0,0
cust_0859,2,21,260.2,130.1,13,1.64,4,4,6,2,0,1,0,0.0,1,0,0,0.0,0.0,0.0,0.0,0.077,3.0,0
cust_0860,2,22,354.1,177.05,11,4.05,6,5,10,1,0,1,1,120.12,1,0,0,0.0,0.0,0.5,0.0,0.091,5.0,0
cust_0861,7,47,229.8,32.83,22,5.33,6,6,8,1,0,0,2,422.05,0,1,1,229.78,229.78,0.286,0.5,0.0,1.143,1
cust_0862,12,175,1228.63,102.39,114,11.38,26,10,27,0,1,0,2,136.55,0,0,0,0.0,0.0,0.167,0.0,0.0,2.25,0
cust_0863,6,78,547.25,91.21,51,0.97,19,16,20,0,0,0,3,666.28,0,1,2,500.55,250.28,0.5,0.333,0.0,3.333,1
cust_0864,7,36,1043.36,149.05,19,17.52,5,4,5,1,0,0,1,184.03,0,0,0,0.0,0.0,0.143,0.0,0.0,0.714,0
cust_0865,3,36,499.74,166.58,21,28.6,5,4,6,3,0,0,2,220.91,0,0,1,204.5,204.5,0.667,0.0,0.0,2.0,0
cust_0866,11,86,3160.76,287.34,43,30.51,15,6,16,2,0,0,1,134.82,2,0,0,0.0,0.0,0.091,0.0,0.0,1.455,0
cust_0867,12,147,3080.75,256.73,65,0.96,30,12,33,0,0,0,1,41.1,3,1,0,0.0,0.0,0.083,1.0,0.0,2.75,1
cust_0868,11,140,1184.02,107.64,69,25.18,20,16,23,1,1,1,2,247.76,1,0,1,46.26,46.26,0.182,0.0,0.014,2.091,0
cust_0869,3,16,369.81,123.27,9,8.39,4,4,4,0,0,0,3,333.5,1,1,0,0.0,0.0,1.0,0.333,0.0,1.333,1
cust_0870,9,101,1166.82,129.65,63,12.98,21,3,24,2,0,1,0,0.0,1,0,0,0.0,0.0,0.0,0.0,0.016,2.667,0
cust_0871,1,13,233.58,233.58,8,26.68,4,4,6,0,0,1,1,89.86,1,1,0,0.0,0.0,1.0,1.0,0.125,6.0,0
cust_0872,6,45,1839.28,306.55,18,10.82,7,6,7,0,0,0,0,0.0,1,0,0,0.0,0.0,0.0,0.0,0.0,1.167,0
cust_0873,26,126,5274.69,202.87,68,6.1,33,15,35,3,0,0,1,32.25,1,1,0,0.0,0.0,0.038,1.0,0.0,1.346,1
cust_0874,4,17,675.76,168.94,8,7.45,4,1,8,1,0,1,2,116.91,0,1,0,0.0,0.0,0.5,0.5,0.125,2.0,0
cust_0875,2,10,112.66,56.33,6,11.54,2,2,5,2,0,0,0,0.0,2,0,0,0.0,0.0,0.0,0.0,0.0,2.5,0
cust_0876,8,32,1138.13,142.27,15,28.95,8,8,10,0,0,0,1,59.91,1,0,0,0.0,0.0,0.125,0.0,0.0,1.25,0
cust_0877,3,22,750.63,250.21,12,22.06,4,1,8,0,0,1,3,511.52,0,1,0,0.0,0.0,1.0,0.333,0.083,2.667,1
cust_0878,3,21,434.6,144.87,12,8.61,4,1,7,0,1,1,1,240.73,5,2,0,0.0,0.0,0.333,2.0,0.083,2.333,1
cust_0879,6,31,851.85,141.98,19,2.37,9,7,12,0,0,0,2,338.59,0,0,0,0.0,0.0,0.333,0.0,0.0,2.0,0
cust_0880,6,66,349.35,58.23,31,4.26,9,4,9,2,0,0,0,0.0,0,0,1,222.07,222.07,0.0,0.0,0.0,1.5,0
cust_0881,10,149,3182.38,318.24,63,4.49,30,12,31,1,0,0,1,188.51,1,3,0,0.0,0.0,0.1,3.0,0.0,3.1,1
cust_0882,8,111,495.85,61.98,51,3.41,11,2,12,2,0,0,2,56.02,1,3,2,342.06,171.03,0.25,1.5,0.0,1.5,1
cust_0883,6,40,1948.12,324.69,23,13.73,10,3,12,0,0,2,2,162.53,0,1,0,0.0,0.0,0.333,0.5,0.087,2.0,0
cust_0884,2,24,336.94,168.47,9,18.08,5,5,5,1,0,0,1,229.52,0,0,0,0.0,0.0,0.5,0.0,0.0,2.5,0
cust_0885,8,114,3024.98,378.12,51,3.85,19,18,20,1,0,1,0,0.0,0,0,0,0.0,0.0,0.0,0.0,0.02,2.5,0
cust_0886,1,13,236.01,236.01,9,18.72,3,2,5,2,0,2,0,0.0,1,0,0,0.0,0.0,0.0,0.0,0.222,5.0,0
cust_0887,5,68,1268.23,253.65,34,13.26,14,10,16,0,0,1,0,0.0,1,0,1,186.19,186.19,0.0,0.0,0.029,3.2,0
cust_0888,4,50,535.29,133.82,27,5.82,13,7,14,0,0,1,0,0.0,1,0,1,149.22,149.22,0.0,0.0,0.037,3.5,0
cust_0889,1,7,147.62,147.62,2,12.0,0,0,4,1,0,0,2,437.3,1,2,1,89.95,89.95,2.0,1.0,0.0,4.0,1
cust_0890,10,49,1345.05,134.51,28,14.67,5,2,7,0,0,0,0,0.0,1,0,1,275.23,275.23,0.0,0.0,0.0,0.7,0
cust_0891,10,93,907.48,90.75,46,8.23,18,18,19,0,0,3,0,0.0,0,0,0,0.0,0.0,0.0,0.0,0.065,1.9,0
cust_0892,2,9,338.66,169.33,5,5.85,1,1,5,1,1,1,2,81.2,1,2,0,0.0,0.0,1.0,1.0,0.2,2.5,1
cust_0893,13,194,1036.31,79.72,108,1.07,44,10,45,1,0,0,0,0.0,2,0,2,141.59,70.8,0.0,0.0,0.0,3.462,1
cust_0894,5,39,524.73,104.95,26,0.01,12,3,14,1,0,0,2,362.94,2,2,0,0.0,0.0,0.4,1.0,0.0,2.8,1
cust_0895,1,14,103.15,103.15,6,27.69,1,1,5,1,0,1,3,218.75,0,2,1,171.66,171.66,3.0,0.667,0.167,5.0,1
cust_0896,1,12,108.85,108.85,6,3.11,2,1,4,0,1,0,0,0.0,0,0,1,296.1,296.1,0.0,0.0,0.0,4.0,0
cust_0897,3,25,281.48,93.83,12,10.88,3,2,4,0,0,0,1,82.32,0,1,0,0.0,0.0,0.333,1.0,0.0,1.333,0
cust_0898,6,31,320.93,53.49,16,28.71,6,2,6,1,0,1,2,104.02,0,0,0,0.0,0.0,0.333,0.0,0.062,1.0,0
cust_0899,7,46,544.84,77.83,19,17.05,6,4,6,0,1,1,2,146.54,2,1,2,204.56,102.28,0.286,0.5,0.053,0.857,1
cust_0900,5,57,967.33,193.47,34,1.31,11,9,12,0,0,2,1,86.05,1,0,2,265.96,132.98,0.2,0.0,0.059,2.4,0
cust_0901,4,52,478.35,119.59,23,16.19,9,5,12,1,0,1,3,278.85,1,1,1,78.62,78.62,0.75,0.333,0.043,3.0,1
cust_0902,11,162,1411.86,128.35,87,12.96,41,10,45,0,0,0,1,35.54,1,0,0,0.0,0.0,0.091,0.0,0.0,4.091,1
cust_0903,5,27,1540.27,308.05,14,4.0,2,1,2,1,0,0,1,40.17,2,0,1,114.67,114.67,0.2,0.0,0.0,0.4,0
cust_0904,25,142,10061.07,402.44,76,11.7,41,19,42,2,0,1,2,121.33,1,0,0,0.0,0.0,0.08,0.0,0.013,1.68,1
cust_0905,1,4,341.11,341.11,2,17.48,0,0,3,2,1,0,2,18.25,2,0,0,0.0,0.0,2.0,0.0,0.0,3.0,0
cust_0906,4,27,1299.47,324.87,12,3.44,5,5,7,0,0,0,3,157.92,0,0,0,0.0,0.0,0.75,0.0,0.0,1.75,0
cust_0907,5,65,1143.85,228.77,34,20.33,8,3,10,0,0,0,0,0.0,3,0,0,0.0,0.0,0.0,0.0,0.0,2.0,0
cust_0908,7,43,1940.99,277.28,17,0.82,7,7,9,3,0,1,1,22.37,3,2,2,140.41,70.2,0.143,2.0,0.059,1.286,1
cust_0909,4,40,1158.38,289.59,18,7.5,8,1,9,1,0,0,3,535.64,1,1,1,287.13,287.13,0.75,0.333,0.0,2.25,1
cust_0910,4,35,1189.79,297.45,22,2.66,5,4,9,2,0,0,2,260.96,1,0,0,0.0,0.0,0.5,0.0,0.0,2.25,0
cust_0911,5,37,380.9,76.18,24,13.02,13,3,14,0,0,0,2,120.86,0,0,0,0.0,0.0,0.4,0.0,0.0,2.8,0
cust_0912,7,75,947.64,135.38,46,1.92,23,13,26,1,0,0,0,0.0,1,0,0,0.0,0.0,0.0,0.0,0.0,3.714,0
cust_0913,5,47,825.41,165.08,27,4.18,11,9,15,0,0,0,0,0.0,0,0,0,0.0,0.0,0.0,0.0,0.0,3.0,0
cust_0914,3,23,187.02,62.34,14,1.36,3,3,5,0,0,2,1,129.88,0,1,0,0.0,0.0,0.333,1.0,0.143,1.667,0
cust_0915,9,104,464.83,51.65,45,16.71,24,4,24,1,0,1,1,104.18,3,0,1,164.17,164.17,0.111,0.0,0.022,2.667,1
cust_0916,13,92,2311.58,177.81,51,1.42,11,6,11,2,0,2,0,0.0,0,0,0,0.0,0.0,0.0,0.0,0.039,0.846,0
cust_0917,2,22,170.47,85.23,9,12.84,2,2,2,1,0,1,2,89.83,0,3,0,0.0,0.0,1.0,1.5,0.111,1.0,0
cust_0918,2,29,389.08,194.54,18,12.28,8,3,11,1,0,0,2,46.22,1,1,0,0.0,0.0,1.0,0.5,0.0,5.5,0
cust_0919,4,48,802.42,200.61,26,1.54,7,4,9,1,0,0,2,298.99,2,0,0,0.0,0.0,0.5,0.0,0.0,2.25,0
cust_0920,10,86,1369.23,136.92,55,8.35,21,17,21,1,0,0,1,71.61,2,0,0,0.0,0.0,0.1,0.0,0.0,2.1,1
cust_0921,8,97,1110.86,138.86,62,6.87,25,16,29,0,0,0,0,0.0,1,0,0,0.0,0.0,0.0,0.0,0.0,3.625,0
cust_0922,4,51,422.95,105.74,27,9.03,10,1,10,0,1,1,3,384.17,0,0,0,0.0,0.0,0.75,0.0,0.037,2.5,1
cust_0923,1,7,67.27,67.27,3,27.68,0,0,3,1,0,0,2,165.05,2,0,0,0.0,0.0,2.0,0.0,0.0,3.0,0
cust_0924,1,11,182.38,182.38,4,0.84,1,1,1,1,0,1,1,70.17,0,0,1,79.08,79.08,1.0,0.0,0.25,1.0,0
cust_0925,14,122,1921.18,137.23,67,17.18,19,16,22,0,0,2,2,388.28,0,0,0,0.0,0.0,0.143,0.0,0.03,1.571,1
cust_0926,7,91,535.92,76.56,54,19.81,26,18,29,1,0,1,1,92.97,0,0,1,97.45,97.45,0.143,0.0,0.019,4.143,0
cust_0927,2,14,254.22,127.11,6,1.35,3,2,7,0,0,1,1,108.7,2,2,0,0.0,0.0,0.5,2.0,0.167,3.5,1
cust_0928,3,42,777.84,259.28,29,10.67,12,11,15,1,0,0,0,0.0,2,0,0,0.0,0.0,0.0,0.0,0.0,5.0,0
cust_0929,3,30,153.48,51.16,20,12.11,9,2,10,0,0,2,1,68.78,2,0,0,0.0,0.0,0.333,0.0,0.1,3.333,0
cust_0930,3,23,453.89,151.3,11,7.96,2,2,4,2,1,1,1,107.94,0,1,2,780.31,390.16,0.333,1.0,0.091,1.333,0
cust_0931,9,77,656.36,72.93,47,6.99,10,4,13,2,2,1,2,58.94,2,0,0,0.0,0.0,0.222,0.0,0.021,1.444,0
cust_0932,7,54,889.1,127.01,22,3.82,6,1,7,2,0,0,0,0.0,0,0,0,0.0,0.0,0.0,0.0,0.0,1.0,0
cust_0933,5,28,195.14,39.03,16,11.68,5,2,6,0,0,1,1,39.75,1,0,1,117.97,117.97,0.2,0.0,0.062,1.2,0
cust_0934,3,14,164.45,54.82,8,3.36,2,1,2,2,0,0,0,0.0,1,0,2,673.11,336.56,0.0,0.0,0.0,0.667,0
cust_0935,1,7,51.6,51.6,4,6.16,1,1,5,0,0,0,2,412.37,0,0,0,0.0,0.0,2.0,0.0,0.0,5.0,0
cust_0936,1,9,375.25,375.25,4,19.47,1,1,1,2,0,0,3,100.61,1,1,0,0.0,0.0,3.0,0.333,0.0,1.0,0
cust_0937,9,71,1586.55,176.28,47,0.94,25,7,29,2,1,0,0,0.0,2,0,1,125.65,125.65,0.0,0.0,0.0,3.222,0
cust_0938,1,4,84.96,84.96,2,7.52,0,0,0,2,0,1,1,61.74,0,3,1,127.06,127.06,1.0,3.0,0.5,0.0,0
cust_0939,3,31,262.38,87.46,18,6.66,6,6,6,1,0,0,0,0.0,0,0,0,0.0,0.0,0.0,0.0,0.0,2.0,0
cust_0940,5,27,1111.05,222.21,14,4.76,7,6,8,2,0,0,1,109.39,0,0,0,0.0,0.0,0.2,0.0,0.0,1.6,0
cust_0941,2,12,395.82,197.91,7,9.1,3,1,5,1,0,1,0,0.0,0,0,0,0.0,0.0,0.0,0.0,0.143,2.5,0
cust_0942,5,26,709.84,141.97,16,0.16,8,4,9,2,0,0,2,243.07,0,0,1,55.74,55.74,0.4,0.0,0.0,1.8,0
cust_0943,5,48,1610.82,322.16,33,6.78,16,8,16,1,1,2,1,139.95,2,0,0,0.0,0.0,0.2,0.0,0.061,3.2,1
cust_0944,1,5,87.75,87.75,2,6.65,0,0,2,1,0,2,0,0.0,2,0,0,0.0,0.0,0.0,0.0,1.0,2.0,0
cust_0945,8,54,422.51,52.81,26,7.26,9,2,9,0,2,0,4,354.63,0,2,1,183.47,183.47,0.5,0.5,0.0,1.125,1
cust_0946,2,17,620.55,310.27,10,2.39,3,2,3,1,0,1,1,115.54,0,1,1,112.9,112.9,0.5,1.0,0.1,1.5,0
cust_0947,5,29,533.59,106.72,15,2.33,6,4,8,2,0,0,2,235.19,1,1,0,0.0,0.0,0.4,0.5,0.0,1.6,0
cust_0948,4,35,216.27,54.07,21,10.42,5,5,6,0,0,0,2,178.21,0,0,0,0.0,0.0,0.5,0.0,0.0,1.5,0
cust_0949,5,38,730.77,146.15,16,0.97,8,3,11,5,0,1,1,48.68,0,0,1,154.86,154.86,0.2,0.0,0.062,2.2,0
cust_0950,6,80,981.85,163.64,49,3.65,28,4,28,0,0,1,1,162.97,0,1,0,0.0,0.0,0.167,1.0,0.02,4.667,1
cust_0951,3,38,427.88,142.63,22,17.77,5,1,8,0,0,0,1,113.91,0,2,1,143.91,143.91,0.333,2.0,0.0,2.667,1
cust_0952,3,44,896.85,298.95,25,1.1,5,1,6,0,0,0,4,293.39,0,1,2,146.51,73.26,1.333,0.25,0.0,2.0,1
cust_0953,5,49,1953.32,390.66,30,6.31,7,7,10,1,0,2,3,135.01,1,1,0,0.0,0.0,0.6,0.333,0.067,2.0,1
cust_0954,7,72,753.92,107.7,47,11.05,23,15,24,3,0,0,4,629.31,2,1,0,0.0,0.0,0.571,0.25,0.0,3.429,1
cust_0955,2,28,479.22,239.61,18,1.53,4,4,7,1,1,1,2,200.25,2,1,0,0.0,0.0,1.0,0.5,0.056,3.5,1
cust_0956,1,8,116.84,116.84,3,3.75,1,1,4,3,0,0,2,72.2,1,1,0,0.0,0.0,2.0,0.5,0.0,4.0,0
cust_0957,8,80,2463.84,307.98,49,8.18,11,8,11,1,0,0,1,123.76,2,0,1,175.51,175.51,0.125,0.0,0.0,1.375,0
cust_0958,7,57,432.86,61.84,30,3.96,11,6,13,0,0,0,4,50.73,1,1,0,0.0,0.0,0.571,0.25,0.0,1.857,0
cust_0959,5,50,789.49,157.9,25,1.16,11,11,13,3,0,1,4,254.53,1,0,0,0.0,0.0,0.8,0.0,0.04,2.6,1
cust_0960,2,9,416.87,208.44,5,2.64,2,2,3,0,0,0,0,0.0,1,0,0,0.0,0.0,0.0,0.0,0.0,1.5,0
cust_0961,6,75,1269.38,211.56,42,1.16,17,5,17,4,0,0,1,118.87,0,2,1,138.3,138.3,0.167,2.0,0.0,2.833,1
cust_0962,9,133,1013.07,112.56,73,41.08,41,7,44,4,0,1,3,212.75,0,2,3,487.74,162.58,0.333,0.667,0.014,4.889,1
cust_0963,4,18,540.29,135.07,11,2.69,4,4,5,1,0,2,2,91.41,0,0,0,0.0,0.0,0.5,0.0,0.182,1.25,0
cust_0964,7,89,1392.23,198.89,50,7.56,27,10,29,0,0,1,1,57.5,0,2,0,0.0,0.0,0.143,2.0,0.02,4.143,1
cust_0965,8,53,1283.72,160.46,34,5.6,20,7,23,0,0,0,1,19.41,0,1,0,0.0,0.0,0.125,1.0,0.0,2.875,0
cust_0966,12,74,1858.12,154.84,31,8.43,9,7,9,2,2,0,0,0.0,2,0,1,109.41,109.41,0.0,0.0,0.0,0.75,0
cust_0967,1,11,110.2,110.2,6,6.89,1,1,2,0,0,1,0,0.0,1,0,2,248.1,124.05,0.0,0.0,0.167,2.0,0
cust_0968,6,26,480.15,80.02,11,12.99,4,3,8,1,0,3,1,83.89,1,1,0,0.0,0.0,0.167,1.0,0.273,1.333,0
cust_0969,6,54,1619.72,269.95,25,20.64,6,6,6,1,0,0,0,0.0,0,0,2,537.31,268.65,0.0,0.0,0.0,1.0,0
cust_0970,3,12,227.55,75.85,5,3.36,2,2,3,0,0,0,0,0.0,0,0,0,0.0,0.0,0.0,0.0,0.0,1.0,0
cust_0971,3,30,900.72,300.24,14,2.03,6,5,9,1,1,0,2,344.33,1,1,0,0.0,0.0,0.667,0.5,0.0,3.0,1
cust_0972,11,99,3681.95,334.72,61,41.57,13,13,14,1,0,0,4,391.75,2,0,1,168.68,168.68,0.364,0.0,0.0,1.273,0
cust_0973,4,56,934.17,233.54,33,20.1,15,10,15,0,0,0,4,398.67,1,2,0,0.0,0.0,1.0,0.5,0.0,3.75,1
cust_0974,16,190,1841.8,115.11,89,4.52,23,13,25,1,0,1,0,0.0,0,0,1,312.32,312.32,0.0,0.0,0.011,1.562,0
cust_0975,1,5,49.78,49.78,2,22.52,0,0,2,1,0,0,3,329.58,0,1,0,0.0,0.0,3.0,0.333,0.0,2.0,0
cust_0976,1,7,209.82,209.82,3,11.1,1,1,1,1,0,2,1,34.67,1,0,0,0.0,0.0,1.0,0.0,0.667,1.0,0
cust_0977,9,128,576.01,64.0,67,5.75,17,7,20,1,0,1,3,311.18,0,0,0,0.0,0.0,0.333,0.0,0.015,2.222,0
cust_0978,4,47,382.68,95.67,24,20.67,9,3,11,0,1,1,4,198.76,1,1,1,168.02,168.02,1.0,0.25,0.042,2.75,1
cust_0979,6,63,651.44,108.57,27,11.25,11,5,15,4,1,1,2,358.94,1,2,1,151.47,151.47,0.333,1.0,0.037,2.5,1
cust_0980,3,30,242.24,80.75,19,17.51,5,2,9,2,1,1,0,0.0,4,0,0,0.0,0.0,0.0,0.0,0.053,3.0,0
cust_0981,5,41,451.85,90.37,26,5.41,8,7,12,0,0,0,0,0.0,0,0,1,191.11,191.11,0.0,0.0,0.0,2.4,0
cust_0982,7,73,1113.73,159.1,31,16.03,13,6,14,1,0,0,4,480.29,1,1,4,245.52,61.38,0.571,0.25,0.0,2.0,1
cust_0983,4,49,1896.18,474.04,23,4.57,8,8,11,0,0,1,2,224.8,0,0,0,0.0,0.0,0.5,0.0,0.043,2.75,0
cust_0984,1,5,198.51,198.51,3,13.28,1,1,4,0,1,0,0,0.0,1,0,0,0.0,0.0,0.0,0.0,0.0,4.0,0
cust_0985,10,146,2715.9,271.59,96,5.72,52,7,54,3,0,1,1,140.83,1,0,0,0.0,0.0,0.1,0.0,0.01,5.4,1
cust_0986,6,39,621.41,103.57,16,5.2,4,4,4,2,0,0,3,226.5,1,0,0,0.0,0.0,0.5,0.0,0.0,0.667,0
cust_0987,11,98,4551.14,413.74,65,15.93,14,13,18,1,0,0,0,0.0,2,0,0,0.0,0.0,0.0,0.0,0.0,1.636,0
cust_0988,5,21,1937.61,387.52,8,1.34,3,1,7,2,0,1,0,0.0,4,0,0,0.0,0.0,0.0,0.0,0.125,1.4,0
cust_0989,7,70,809.61,115.66,41,26.34,20,11,20,1,1,2,4,516.46,2,0,0,0.0,0.0,0.571,0.0,0.049,2.857,1
cust_0990,21,172,8474.65,403.55,69,7.11,26,10,26,2,0,1,3,408.7,1,0,1,223.46,223.46,0.143,0.0,0.014,1.238,1
cust_0991,3,20,266.44,88.81,13,10.11,4,2,8,0,0,1,5,1257.24,1,0,0,0.0,0.0,1.667,0.0,0.077,2.667,1
cust_0992,13,192,1696.59,130.51,97,5.2,42,6,42,1,0,1,3,148.11,1,2,1,102.62,102.62,0.231,0.667,0.01,3.231,1
cust_0993,5,43,691.51,138.3,25,10.38,10,2,11,2,0,0,1,98.86,1,1,0,0.0,0.0,0.2,1.0,0.0,2.2,0
cust_0994,9,77,1004.16,111.57,35,12.37,13,10,15,3,0,1,1,118.28,2,0,0,0.0,0.0,0.111,0.0,0.029,1.667,0
cust_0995,6,54,263.82,43.97,26,20.29,13,6,14,3,0,1,2,451.67,1,1,1,111.54,111.54,0.333,0.5,0.038,2.333,1
cust_0996,10,52,467.11,46.71,32,19.27,8,2,12,1,0,0,0,0.0,1,0,1,172.63,172.63,0.0,0.0,0.0,1.2,0
cust_0997,10,83,1233.56,123.36,57,4.43,26,9,28,1,2,0,3,220.94,0,2,0,0.0,0.0,0.3,0.667,0.0,2.8,1
cust_0998,4,30,1136.18,284.05,20,9.57,9,8,11,0,0,0,1,40.9,0,1,0,0.0,0.0,0.25,1.0,0.0,2.75,0
cust_0999,2,18,281.63,140.81,11,15.17,6,4,8,2,2,0,2,187.68,1,1,1,70.31,70.31,1.0,0.5,0.0,4.0,0
cust_1000,13,174,1223.69,94.13,113,14.48,65,10,68,3,0,2,2,128.32,1,2,0,0.0,0.0,0.154,1.0,0.018,5.231,1
cust_1001,13,79,3112.14,239.4,54,22.16,21,12,24,1,1,0,0,0.0,3,0,0,0.0,0.0,0.0,0.0,0.0,1.846,0
cust_1002,7,74,1451.87,207.41,30,17.83,11,10,13,0,0,2,0,0.0,2,0,0,0.0,0.0,0.0,0.0,0.067,1.857,0
cust_1003,8,35,1409.24,176.16,15,12.65,6,2,9,1,0,0,1,69.92,0,2,0,0.0,0.0,0.125,2.0,0.0,1.125,0
cust_1004,3,22,274.81,91.6,9,13.82,4,2,5,1,1,2,1,67.65,0,0,1,291.99,291.99,0.333,0.0,0.222,1.667,0
cust_1005,2,18,302.84,151.42,9,16.47,1,1,5,3,0,2,2,111.21,3,0,1,319.44,319.44,1.0,0.0,0.222,2.5,0
cust_1006,5,24,128.65,25.73,16,18.19,4,3,8,2,0,0,1,113.02,0,2,2,299.43,149.72,0.2,2.0,0.0,1.6,1
cust_1007,2,19,582.73,291.37,10,4.35,5,4,9,0,0,0,4,397.44,0,1,1,44.64,44.64,2.0,0.25,0.0,4.5,1
cust_1008,3,22,632.02,210.67,12,15.22,3,2,3,1,0,0,3,345.92,0,1,1,326.84,326.84,1.0,0.333,0.0,1.0,0
cust_1009,4,59,418.22,104.55,38,29.8,11,9,12,2,0,0,1,18.83,0,1,0,0.0,0.0,0.25,1.0,0.0,3.0,0
cust_1010,4,43,634.74,158.68,29,2.65,16,7,20,2,0,1,2,134.64,0,0,0,0.0,0.0,0.5,0.0,0.034,5.0,0
cust_1011,5,33,620.45,124.09,20,0.49,6,3,10,1,1,1,0,0.0,2,0,0,0.0,0.0,0.0,0.0,0.05,2.0,0
cust_1012,7,35,1093.98,156.28,23,0.75,7,6,11,1,0,0,2,359.74,0,1,1,133.71,133.71,0.286,0.5,0.0,1.571,1
cust_1013,3,13,1432.19,477.4,5,2.44,2,1,6,1,0,2,1,39.82,1,0,0,0.0,0.0,0.333,0.0,0.4,2.0,0
cust_1014,1,4,296.27,296.27,2,25.23,0,0,3,1,0,0,3,643.2,1,0,0,0.0,0.0,3.0,0.0,0.0,3.0,1
cust_1015,17,195,4243.33,249.61,99,1.36,39,9,42,0,1,0,2,152.95,0,0,1,396.45,396.45,0.118,0.0,0.0,2.471,1
cust_1016,6,80,1503.01,250.5,39,13.77,16,3,17,1,0,2,1,168.6,0,2,0,0.0,0.0,0.167,2.0,0.051,2.833,1
cust_1017,4,22,1244.1,311.02,10,20.18,5,5,6,0,1,0,0,0.0,1,0,1,238.11,238.11,0.0,0.0,0.0,1.5,0
cust_1018,6,50,1898.76,316.46,33,21.0,7,4,11,2,0,1,1,115.9,1,1,3,359.79,119.93,0.167,1.0,0.03,1.833,1
cust_1019,14,110,3157.59,225.54,58,5.39,17,6,21,2,0,0,0,0.0,0,0,0,0.0,0.0,0.0,0.0,0.0,1.5,0
cust_1020,10,110,1476.33,147.63,61,6.84,26,8,30,2,0,1,1,209.21,1,0,0,0.0,0.0,0.1,0.0,0.016,3.0,1
cust_1021,4,24,293.83,73.46,11,3.9,4,3,4,2,1,0,1,123.15,0,1,0,0.0,0.0,0.25,1.0,0.0,1.0,0
cust_1022,4,57,754.61,188.65,39,1.59,12,4,14,3,0,0,1,45.39,0,1,1,71.21,71.21,0.25,1.0,0.0,3.5,0
cust_1023,2,24,269.76,134.88,14,2.38,5,1,8,1,1,0,2,104.7,1,1,0,0.0,0.0,1.0,0.5,0.0,4.0,0
cust_1024,4,58,313.82,78.46,23,1.45,13,1,17,3,0,1,4,326.88,0,1,0,0.0,0.0,1.0,0.25,0.043,4.25,1
cust_1025,4,28,640.62,160.15,13,5.23,2,1,2,1,0,0,2,85.1,1,1,1,145.63,145.63,0.5,0.5,0.0,0.5,0
cust_1026,4,41,232.22,58.05,28,1.87,7,1,7,1,0,1,3,71.68,0,0,0,0.0,0.0,0.75,0.0,0.036,1.75,0
cust_1027,4,48,467.79,116.95,33,5.17,6,1,6,0,0,1,2,126.81,0,0,0,0.0,0.0,0.5,0.0,0.03,1.5,0
cust_1028,7,82,1786.17,255.17,46,19.05,20,12,23,1,0,0,1,188.94,0,1,0,0.0,0.0,0.143,1.0,0.0,3.286,1
cust_1029,2,8,295.61,147.81,4,10.63,0,0,2,3,0,0,2,113.65,0,1,1,280.8,280.8,1.0,0.5,0.0,1.0,0
cust_1030,2,29,425.19,212.6,19,10.87,7,3,11,4,0,1,3,162.12,0,1,0,0.0,0.0,1.5,0.333,0.053,5.5,0
cust_1031,10,142,2067.78,206.78,86,16.71,46,2,50,0,0,0,0,0.0,2,0,0,0.0,0.0,0.0,0.0,0.0,5.0,1
cust_1032,1,5,140.53,140.53,3,0.42,0,0,2,0,1,1,0,0.0,0,0,1,211.97,211.97,0.0,0.0,0.333,2.0,0
cust_1033,5,49,1154.92,230.98,26,15.82,8,1,11,1,0,0,2,17.22,2,1,0,0.0,0.0,0.4,0.5,0.0,2.2,0
cust_1034,6,44,910.65,151.78,30,2.19,10,7,10,0,1,0,4,481.26,3,0,0,0.0,0.0,0.667,0.0,0.0,1.667,0
cust_1035,1,13,67.63,67.63,7,4.25,2,1,6,0,0,1,3,268.67,1,0,0,0.0,0.0,3.0,0.0,0.143,6.0,0
cust_1036,1,11,136.89,136.89,6,3.68,2,2,2,1,0,0,4,416.75,0,0,0,0.0,0.0,4.0,0.0,0.0,2.0,0
cust_1037,14,90,5733.77,409.55,38,1.12,7,1,9,2,0,1,0,0.0,1,0,1,123.81,123.81,0.0,0.0,0.026,0.643,0
cust_1038,8,34,695.25,86.91,19,1.91,9,3,13,0,0,0,1,84.54,2,0,1,49.56,49.56,0.125,0.0,0.0,1.625,0
cust_1039,2,14,788.19,394.09,8,31.31,4,1,8,0,0,1,0,0.0,0,0,0,0.0,0.0,0.0,0.0,0.125,4.0,0
cust_1040,5,22,144.12,28.82,11,9.17,4,1,8,0,0,0,2,82.75,0,2,1,108.95,108.95,0.4,1.0,0.0,1.6,1
cust_1041,4,22,226.97,56.74,12,6.42,6,5,7,1,0,0,1,158.72,1,1,0,0.0,0.0,0.25,1.0,0.0,1.75,0
cust_1042,1,10,81.54,81.54,5,14.18,1,1,3,5,0,1,2,300.44,1,1,0,0.0,0.0,2.0,0.5,0.2,3.0,1
cust_1043,7,85,432.42,61.77,58,16.81,27,5,29,4,0,1,0,0.0,0,0,0,0.0,0.0,0.0,0.0,0.017,4.143,0
cust_1044,3,27,780.69,260.23,14,1.17,4,1,4,0,1,2,1,26.03,0,2,1,325.2,325.2,0.333,2.0,0.143,1.333,1
cust_1045,10,106,512.74,51.27,46,13.51,9,3,12,1,0,1,1,75.47,0,0,0,0.0,0.0,0.1,0.0,0.022,1.2,0
cust_1046,2,11,174.86,87.43,4,26.94,0,0,4,1,1,0,2,135.47,1,1,4,494.36,123.59,1.0,0.5,0.0,2.0,0
cust_1047,9,67,2065.09,229.45,42,8.81,15,12,19,3,0,2,2,111.37,0,1,0,0.0,0.0,0.222,0.5,0.048,2.111,0
cust_1048,8,94,1401.23,175.15,53,9.52,31,15,35,2,0,0,3,301.89,1,0,0,0.0,0.0,0.375,0.0,0.0,4.375,1
cust_1049,5,40,710.48,142.1,16,20.43,4,3,6,1,0,1,1,132.94,0,1,0,0.0,0.0,0.2,1.0,0.062,1.2,0
cust_1050,18,141,2347.69,130.43,72,11.38,40,4,44,2,0,0,2,101.92,2,1,0,0.0,0.0,0.111,0.5,0.0,2.444,1
cust_1051,3,18,669.9,223.3,12,53.53,6,6,8,1,1,2,1,156.2,0,1,0,0.0,0.0,0.333,1.0,0.167,2.667,0
cust_1052,7,73,462.21,66.03,49,3.32,17,3,20,1,0,0,1,72.98,1,3,0,0.0,0.0,0.143,3.0,0.0,2.857,1
cust_1053,4,51,332.44,83.11,21,18.67,8,8,11,0,0,1,1,125.8,0,0,1,179.73,179.73,0.25,0.0,0.048,2.75,0
cust_1054,4,36,781.9,195.47,15,9.48,6,5,8,0,0,2,2,272.03,0,3,0,0.0,0.0,0.5,1.5,0.133,2.0,1
cust_1055,9,47,784.18,87.13,18,4.55,9,3,13,3,0,1,1,87.95,1,2,2,348.25,174.12,0.111,2.0,0.056,1.444,1
cust_1056,3,39,464.62,154.87,25,21.46,6,4,8,0,0,0,2,78.61,2,2,0,0.0,0.0,0.667,1.0,0.0,2.667,0
cust_1057,2,9,238.24,119.12,3,55.85,0,0,4,1,0,0,2,66.38,2,2,0,0.0,0.0,1.0,1.0,0.0,2.0,0
cust_1058,3,27,288.15,96.05,11,0.6,2,1,6,0,1,3,0,0.0,0,0,0,0.0,0.0,0.0,0.0,0.273,2.0,0
cust_1059,15,103,2082.16,138.81,48,25.97,26,7,27,1,0,0,0,0.0,0,0,0,0.0,0.0,0.0,0.0,0.0,1.8,0
cust_1060,6,85,203.86,33.98,57,2.27,13,3,15,0,0,1,1,108.84,0,3,0,0.0,0.0,0.167,3.0,0.018,2.5,1
cust_1061,6,72,1149.7,191.62,43,2.3,21,5,21,2,0,0,2,63.61,3,1,0,0.0,0.0,0.333,0.5,0.0,3.5,1
cust_1062,2,20,374.96,187.48,11,0.43,4,4,4,1,1,2,3,354.46,0,1,0,0.0,0.0,1.5,0.333,0.182,2.0,1
cust_1063,9,102,2868.3,318.7,64,25.53,31,19,34,1,1,0,0,0.0,2,0,1,182.34,182.34,0.0,0.0,0.0,3.778,0
cust_1064,2,19,158.52,79.26,11,14.25,6,2,10,2,1,1,1,210.21,1,0,1,97.92,97.92,0.5,0.0,0.091,5.0,0
cust_1065,1,5,286.17,286.17,3,0.55,1,1,5,1,0,0,3,789.33,0,0,0,0.0,0.0,3.0,0.0,0.0,5.0,1
cust_1066,8,94,653.16,81.65,39,10.04,11,3,12,2,1,1,1,260.48,1,1,1,176.16,176.16,0.125,1.0,0.026,1.5,1
cust_1067,5,47,1175.78,235.16,27,1.28,12,5,16,1,0,0,2,183.39,2,1,1,211.53,211.53,0.4,0.5,0.0,3.2,1
cust_1068,9,98,550.73,61.19,61,13.92,36,7,39,0,0,0,1,87.41,2,0,2,241.96,120.98,0.111,0.0,0.0,4.333,1
cust_1069,3,13,261.29,87.1,7,5.26,3,3,5,0,0,1,1,64.73,0,2,1,176.8,176.8,0.333,2.0,0.143,1.667,1
cust_1070,3,16,275.44,91.81,6,0.53,3,3,5,2,0,1,2,74.36,1,1,1,200.97,200.97,0.667,0.5,0.167,1.667,0
cust_1071,3,31,469.91,156.64,14,17.68,6,2,9,2,0,0,2,188.19,2,0,0,0.0,0.0,0.667,0.0,0.0,3.0,0
cust_1072,3,27,540.9,180.3,18,8.5,6,1,7,1,0,1,0,0.0,1,0,0,0.0,0.0,0.0,0.0,0.056,2.333,0
cust_1073,8,51,397.07,49.63,31,14.82,14,8,16,2,0,0,0,0.0,2,0,1,65.47,65.47,0.0,0.0,0.0,2.0,0
cust_1074,4,26,671.12,167.78,15,11.22,3,1,6,0,0,0,0,0.0,1,0,0,0.0,0.0,0.0,0.0,0.0,1.5,0
cust_1075,3,32,466.48,155.49,19,5.7,7,2,11,1,0,1,3,131.5,1,1,1,235.43,235.43,1.0,0.333,0.053,3.667,0
cust_1076,2,9,357.2,178.6,3,12.0,1,1,3,4,0,1,0,0.0,0,0,0,0.0,0.0,0.0,0.0,0.333,1.5,0
cust_1077,6,52,1084.45,180.74,20,0.15,11,10,14,2,0,0,1,43.11,0,2,0,0.0,0.0,0.167,2.0,0.0,2.333,1
cust_1078,7,68,2338.96,334.14,36,4.15,20,10,21,1,0,2,1,62.82,1,0,0,0.0,0.0,0.143,0.0,0.056,3.0,0
cust_1079,3,22,291.95,97.32,11,15.04,2,2,4,2,0,1,3,311.21,0,1,0,0.0,0.0,1.0,0.333,0.091,1.333,0
cust_1080,3,39,877.74,292.58,25,14.4,11,8,12,0,0,0,2,217.37,2,0,0,0.0,0.0,0.667,0.0,0.0,4.0,0
cust_1081,2,9,388.63,194.31,4,21.84,2,2,2,1,0,0,2,225.72,0,1,0,0.0,0.0,1.0,0.5,0.0,1.0,0
cust_1082,3,40,354.91,118.3,19,9.44,7,1,8,1,0,1,2,233.48,0,2,0,0.0,0.0,0.667,1.0,0.053,2.667,1
cust_1083,5,59,519.84,103.97,24,28.51,5,5,8,1,0,1,1,113.88,2,0,1,121.46,121.46,0.2,0.0,0.042,1.6,0
cust_1084,1,8,219.95,219.95,4,8.16,1,1,5,0,1,0,2,226.01,1,0,0,0.0,0.0,2.0,0.0,0.0,5.0,0
cust_1085,2,28,164.05,82.02,13,6.94,4,1,6,2,1,2,1,132.24,1,0,1,271.11,271.11,0.5,0.0,0.154,3.0,0
cust_1086,2,23,400.77,200.39,11,2.2,5,4,6,2,0,0,2,253.76,1,1,0,0.0,0.0,1.0,0.5,0.0,3.0,0
cust_1087,1,14,105.14,105.14,6,15.09,1,1,3,0,1,1,2,204.6,0,0,0,0.0,0.0,2.0,0.0,0.167,3.0,0
cust_1088,6,55,1349.84,224.97,25,11.78,10,6,12,3,0,2,2,145.43,1,3,1,286.07,286.07,0.333,1.5,0.08,2.0,1
cust_1089,3,26,283.07,94.36,12,6.18,2,1,5,1,1,1,2,193.2,0,0,0,0.0,0.0,0.667,0.0,0.083,1.667,0
cust_1090,6,59,783.18,130.53,33,0.91,11,3,14,0,0,1,0,0.0,3,0,1,465.48,465.48,0.0,0.0,0.03,2.333,0
cust_1091,2,9,217.71,108.86,4,1.34,1,1,1,1,0,1,4,209.21,1,1,1,120.41,120.41,2.0,0.25,0.25,0.5,1
cust_1092,6,83,1923.66,320.61,34,1.22,12,1,16,1,0,0,0,0.0,1,0,2,500.36,250.18,0.0,0.0,0.0,2.667,0
cust_1093,6,68,2335.39,389.23,35,4.71,16,4,16,4,0,2,2,79.84,0,1,0,0.0,0.0,0.333,0.5,0.057,2.667,0
cust_1094,1,10,110.61,110.61,6,1.73,1,1,4,1,0,0,0,0.0,3,0,2,221.27,110.64,0.0,0.0,0.0,4.0,0
cust_1095,1,14,176.93,176.93,6,19.72,1,1,1,0,0,0,0,0.0,0,0,1,64.87,64.87,0.0,0.0,0.0,1.0,0
cust_1096,5,74,743.58,148.72,50,22.96,22,11,23,2,0,2,0,0.0,1,0,1,125.54,125.54,0.0,0.0,0.04,4.6,1
cust_1097,15,86,1556.74,103.78,42,19.43,24,6,25,1,0,0,1,103.67,1,0,1,111.17,111.17,0.067,0.0,0.0,1.667,1
cust_1098,6,73,478.09,79.68,29,9.39,13,12,15,0,0,0,1,82.49,0,0,0,0.0,0.0,0.167,0.0,0.0,2.5,0
cust_1099,9,93,650.18,72.24,44,9.07,24,5,24,2,0,1,2,161.09,1,0,0,0.0,0.0,0.222,0.0,0.023,2.667,0
cust_1100,7,63,628.63,89.8,26,22.16,15,14,15,1,1,2,2,114.6,1,1,1,219.25,219.25,0.286,0.5,0.077,2.143,0
cust_1101,9,132,1023.31,113.7,75,5.21,41,17,44,2,0,0,0,0.0,2,0,1,226.87,226.87,0.0,0.0,0.0,4.889,1
cust_1102,3,40,371.54,123.85,19,0.64,11,4,11,0,0,3,2,25.27,1,0,0,0.0,0.0,0.667,0.0,0.158,3.667,0
cust_1103,3,34,122.85,40.95,21,6.36,10,6,12,3,0,1,2,261.59,0,0,0,0.0,0.0,0.667,0.0,0.048,4.0,0
cust_1104,4,32,1013.08,253.27,19,8.07,10,10,13,0,1,1,3,509.84,0,1,0,0.0,0.0,0.75,0.333,0.053,3.25,1
cust_1105,5,56,1505.97,301.19,30,7.97,11,6,13,1,0,0,0,0.0,1,0,1,320.44,320.44,0.0,0.0,0.0,2.6,0
cust_1106,4,39,1334.1,333.53,22,1.73,7,6,8,0,0,1,1,109.92,0,1,0,0.0,0.0,0.25,1.0,0.045,2.0,0
cust_1107,3,20,171.3,57.1,11,15.3,6,6,9,3,1,2,1,31.41,1,0,1,304.48,304.48,0.333,0.0,0.182,3.0,0
cust_1108,2,17,259.62,129.81,8,13.17,1,1,5,1,0,1,1,115.08,0,1,0,0.0,0.0,0.5,1.0,0.125,2.5,0
cust_1109,10,63,2657.25,265.73,27,2.61,15,9,17,2,0,2,1,57.27,0,0,0,0.0,0.0,0.1,0.0,0.074,1.7,0
cust_1110,5,47,176.54,35.31,24,8.01,8,7,12,3,0,3,0,0.0,3,0,1,385.32,385.32,0.0,0.0,0.125,2.4,0
cust_1111,10,119,677.88,67.79,50,15.62,10,8,14,0,0,0,0,0.0,0,0,0,0.0,0.0,0.0,0.0,0.0,1.4,0
cust_1112,6,26,1375.96,229.33,12,0.08,6,6,8,0,0,0,2,194.11,1,1,0,0.0,0.0,0.333,0.5,0.0,1.333,0
cust_1113,4,49,474.08,118.52,27,3.22,10,10,13,1,0,0,2,181.54,0,1,1,152.9,152.9,0.5,0.5,0.0,3.25,1
cust_1114,6,25,788.51,131.42,14,6.39,7,4,11,0,1,1,4,339.68,0,2,0,0.0,0.0,0.667,0.5,0.071,1.833,1
cust_1115,1,9,92.03,92.03,3,18.65,0,0,3,0,0,0,3,167.79,1,0,0,0.0,0.0,3.0,0.0,0.0,3.0,0
cust_1116,9,92,1561.79,173.53,37,16.04,21,3,25,1,1,0,1,100.79,0,1,0,0.0,0.0,0.111,1.0,0.0,2.778,0
cust_1117,11,136,1766.49,160.59,58,1.64,27,3,29,1,0,1,0,0.0,1,0,0,0.0,0.0,0.0,0.0,0.017,2.636,1
cust_1118,3,37,220.33,73.44,15,6.21,3,3,3,0,0,0,0,0.0,0,0,0,0.0,0.0,0.0,0.0,0.0,1.0,0
cust_1119,7,60,1982.24,283.18,31,3.63,6,2,9,1,0,2,2,241.92,1,1,0,0.0,0.0,0.286,0.5,0.065,1.286,1
cust_1120,1,4,29.24,29.24,2,5.13,0,0,4,2,0,0,1,152.16,2,2,0,0.0,0.0,1.0,2.0,0.0,4.0,0
cust_1121,5,58,931.7,186.34,27,7.78,15,14,15,0,0,0,1,117.69,1,2,0,0.0,0.0,0.2,2.0,0.0,3.0,1
cust_1122,5,48,803.02,160.6,22,6.92,9,5,9,0,2,1,2,204.98,0,2,0,0.0,0.0,0.4,1.0,0.045,1.8,1
cust_1123,1,7,338.51,338.51,3,1.53,1,1,1,2,0,2,2,270.14,4,1,2,198.72,99.36,2.0,0.5,0.667,1.0,1
cust_1124,6,39,659.77,109.96,16,1.3,9,6,11,3,0,0,1,149.11,0,0,0,0.0,0.0,0.167,0.0,0.0,1.833,0
cust_1125,1,5,98.37,98.37,2,1.4,1,1,3,0,0,0,1,121.45,1,0,0,0.0,0.0,1.0,0.0,0.0,3.0,0
cust_1126,10,72,2638.78,263.88,37,18.41,19,12,21,1,0,0,2,76.38,0,0,0,0.0,0.0,0.2,0.0,0.0,2.1,0
cust_1127,5,45,453.47,90.69,19,0.2,9,4,11,1,1,1,2,150.17,1,0,0,0.0,0.0,0.4,0.0,0.053,2.2,0
cust_1128,4,37,266.98,66.75,24,2.26,4,2,7,0,0,1,1,148.63,1,0,0,0.0,0.0,0.25,0.0,0.042,1.75,0
cust_1129,3,31,728.83,242.94,18,31.21,5,2,9,0,0,0,1,114.29,0,2,0,0.0,0.0,0.333,2.0,0.0,3.0,0
cust_1130,7,55,1649.35,235.62,28,0.68,15,15,18,5,0,2,1,149.95,0,1,1,112.16,112.16,0.143,1.0,0.071,2.571,1
cust_1131,1,14,205.53,205.53,6,0.37,2,1,2,1,0,0,1,57.46,0,1,0,0.0,0.0,1.0,1.0,0.0,2.0,0
cust_1132,2,18,168.56,84.28,8,4.9,2,2,6,3,1,0,3,225.09,1,0,0,0.0,0.0,1.5,0.0,0.0,3.0,0
cust_1133,5,43,1390.88,278.18,18,1.64,7,1,11,0,0,0,3,136.11,1,1,0,0.0,0.0,0.6,0.333,0.0,2.2,0
cust_1134,7,31,1096.79,156.68,13,8.34,4,4,4,0,0,1,2,250.69,0,3,3,465.77,155.26,0.286,1.5,0.077,0.571,1
cust_1135,7,74,1092.12,156.02,38,4.13,20,7,21,0,0,0,2,465.94,1,0,0,0.0,0.0,0.286,0.0,0.0,3.0,1
cust_1136,5,53,1991.4,398.28,25,2.34,5,2,9,0,1,2,2,158.81,1,0,0,0.0,0.0,0.4,0.0,0.08,1.8,0
cust_1137,2,20,126.43,63.21,13,65.73,6,1,9,0,0,2,4,45.16,1,1,1,107.5,107.5,2.0,0.25,0.154,4.5,0
cust_1138,3,41,683.39,227.8,28,4.17,13,3,17,2,1,1,3,499.36,0,2,1,69.73,69.73,1.0,0.667,0.036,5.667,1
cust_1139,4,49,1421.74,355.43,29,10.24,16,15,16,2,0,0,0,0.0,1,0,0,0.0,0.0,0.0,0.0,0.0,4.0,0
cust_1140,4,54,271.07,67.77,34,20.72,12,10,12,0,0,1,3,359.32,0,1,0,0.0,0.0,0.75,0.333,0.029,3.0,1
cust_1141,2,9,358.02,179.01,4,25.56,1,1,4,0,0,1,1,66.59,0,1,1,228.26,228.26,0.5,1.0,0.25,2.0,0
cust_1142,8,59,724.69,90.59,35,5.28,15,6,15,0,1,1,5,341.9,1,0,1,198.82,198.82,0.625,0.0,0.029,1.875,1
cust_1143,1,7,200.07,200.07,2,37.36,0,0,4,1,0,0,0,0.0,3,0,0,0.0,0.0,0.0,0.0,0.0,4.0,0
cust_1144,2,22,375.29,187.64,15,12.89,4,4,6,3,0,2,2,365.36,0,1,3,697.88,232.63,1.0,0.5,0.133,3.0,1
cust_1145,4,35,892.67,223.17,21,8.75,5,5,8,4,0,0,1,77.24,1,0,0,0.0,0.0,0.25,0.0,0.0,2.0,0
cust_1146,7,87,631.59,90.23,43,11.82,13,5,13,3,0,0,2,65.48,2,3,2,193.3,96.65,0.286,1.5,0.0,1.857,1
cust_1147,2,16,351.81,175.9,10,4.47,2,1,3,4,0,1,1,84.55,2,1,0,0.0,0.0,0.5,1.0,0.1,1.5,0
cust_1148,9,57,2072.22,230.25,23,5.52,11,10,12,1,0,0,2,323.16,2,0,0,0.0,0.0,0.222,0.0,0.0,1.333,1
cust_1149,4,28,408.44,102.11,14,8.83,5,1,7,3,0,0,2,124.28,0,2,0,0.0,0.0,0.5,1.0,0.0,1.75,0
cust_1150,7,42,1303.19,186.17,28,3.96,11,6,15,2,0,2,1,86.88,2,1,0,0.0,0.0,0.143,1.0,0.071,2.143,1
cust_1151,1,6,119.81,119.81,2,14.65,0,0,2,3,0,2,2,310.84,0,0,0,0.0,0.0,2.0,0.0,1.0,2.0,0
cust_1152,2,12,541.9,270.95,7,2.89,4,1,8,2,0,0,2,297.85,1,0,0,0.0,0.0,1.0,0.0,0.0,4.0,0
cust_1153,8,33,468.03,58.5,16,15.94,8,6,9,4,0,2,2,236.84,0,1,0,0.0,0.0,0.25,0.5,0.125,1.125,0
cust_1154,3,35,524.08,174.69,18,1.65,6,5,6,2,0,0,3,211.68,0,1,2,312.88,156.44,1.0,0.333,0.0,2.0,1
cust_1155,10,83,3230.67,323.07,51,2.45,11,2,13,2,1,3,0,0.0,1,0,0,0.0,0.0,0.0,0.0,0.059,1.3,0
cust_1156,4,16,491.27,122.82,10,13.99,4,3,4,1,0,1,0,0.0,3,0,2,445.07,222.54,0.0,0.0,0.1,1.0,0
cust_1157,6,48,310.86,51.81,21,3.05,8,5,9,0,0,1,2,363.6,0,0,0,0.0,0.0,0.333,0.0,0.048,1.5,0
cust_1158,4,55,683.99,171.0,26,15.87,12,2,16,1,0,0,1,82.14,2,1,0,0.0,0.0,0.25,1.0,0.0,4.0,0
cust_1159,14,134,4438.67,317.05,73,15.32,34,13,34,2,0,1,1,87.55,2,0,1,122.99,122.99,0.071,0.0,0.014,2.429,1
cust_1160,2,29,284.14,142.07,16,2.97,4,2,5,1,0,2,3,376.02,1,2,1,251.7,251.7,1.5,0.667,0.125,2.5,1
cust_1161,7,69,1038.61,148.37,37,0.76,12,8,15,4,0,0,1,103.4,0,0,1,124.76,124.76,0.143,0.0,0.0,2.143,0
cust_1162,8,116,426.15,53.27,74,1.82,15,11,17,2,0,2,1,10.61,0,0,0,0.0,0.0,0.125,0.0,0.027,2.125,0
cust_1163,7,43,1852.78,264.68,27,13.96,16,8,20,1,0,0,1,46.76,0,2,2,157.12,78.56,0.143,2.0,0.0,2.857,1
cust_1164,1,7,128.41,128.41,3,18.77,1,1,5,2,0,3,1,80.26,0,0,1,100.54,100.54,1.0,0.0,1.0,5.0,0
cust_1165,2,23,527.39,263.69,9,4.83,5,5,8,2,1,2,1,124.36,2,1,0,0.0,0.0,0.5,1.0,0.222,4.0,1
cust_1166,5,74,1171.67,234.33,33,1.79,7,6,9,1,1,1,2,342.08,2,1,2,160.13,80.06,0.4,0.5,0.03,1.8,1
cust_1167,2,26,175.17,87.59,14,0.78,5,3,5,2,0,0,1,42.42,0,0,0,0.0,0.0,0.5,0.0,0.0,2.5,0
cust_1168,6,60,1126.01,187.67,40,2.43,19,15,20,0,0,1,2,257.73,2,1,0,0.0,0.0,0.333,0.5,0.025,3.333,0
cust_1169,16,78,3786.33,236.65,44,38.96,10,9,11,2,0,2,0,0.0,2,0,0,0.0,0.0,0.0,0.0,0.045,0.688,0
cust_1170,4,32,1190.28,297.57,17,1.87,8,5,8,2,0,0,5,858.03,0,2,3,266.77,88.92,1.25,0.4,0.0,2.0,1
cust_1171,11,54,1274.81,115.89,33,0.9,15,7,15,4,0,0,3,174.79,0,0,0,0.0,0.0,0.273,0.0,0.0,1.364,0
cust_1172,1,7,151.22,151.22,3,15.39,1,1,3,3,1,1,3,234.21,0,1,0,0.0,0.0,3.0,0.333,0.333,3.0,0
cust_1173,5,34,189.2,37.84,15,9.56,3,2,6,1,0,0,1,93.6,1,1,1,112.35,112.35,0.2,1.0,0.0,1.2,0
cust_1174,4,33,1357.52,339.38,16,7.65,7,1,8,2,0,1,2,226.7,2,2,0,0.0,0.0,0.5,1.0,0.062,2.0,1
cust_1175,7,92,1502.07,214.58,64,5.94,37,17,40,0,0,0,2,100.24,0,1,1,100.06,100.06,0.286,0.5,0.0,5.714,1
cust_1176,2,11,385.71,192.86,7,12.1,3,3,5,0,0,2,1,77.34,0,2,0,0.0,0.0,0.5,2.0,0.286,2.5,1
cust_1177,4,29,146.35,36.59,17,11.99,5,2,5,2,0,0,4,409.79,3,2,0,0.0,0.0,1.0,0.5,0.0,1.25,1
cust_1178,1,6,202.08,202.08,3,5.52,0,0,1,0,0,2,0,0.0,3,0,0,0.0,0.0,0.0,0.0,0.667,1.0,0
cust_1179,12,87,2043.87,170.32,49,2.67,28,9,31,1,0,1,3,445.48,1,1,0,0.0,0.0,0.25,0.333,0.02,2.583,1
cust_1180,6,47,842.37,140.4,23,18.41,5,2,9,4,1,1,1,89.39,1,0,0,0.0,0.0,0.167,0.0,0.043,1.5,0
cust_1181,9,60,1630.76,181.2,36,1.8,21,17,22,1,0,1,1,163.22,0,2,0,0.0,0.0,0.111,2.0,0.028,2.444,1
cust_1182,9,129,1398.45,155.38,67,7.64,21,18,25,0,1,0,1,68.01,3,0,0,0.0,0.0,0.111,0.0,0.0,2.778,0
cust_1183,3,25,621.01,207.0,10,11.8,5,2,9,1,0,1,1,135.04,1,1,2,71.06,35.53,0.333,1.0,0.1,3.0,1
cust_1184,5,26,882.67,176.53,12,10.19,5,3,9,0,0,1,1,68.01,1,0,2,108.24,54.12,0.2,0.0,0.083,1.8,0
cust_1185,6,54,803.62,133.94,31,9.64,17,6,21,1,0,2,1,28.27,1,3,0,0.0,0.0,0.167,3.0,0.065,3.5,1
cust_1186,2,12,399.86,199.93,7,10.86,2,2,3,1,0,1,1,104.98,3,0,0,0.0,0.0,0.5,0.0,0.143,1.5,0
cust_1187,5,31,491.54,98.31,13,20.85,7,2,11,0,0,1,1,66.06,1,0,0,0.0,0.0,0.2,0.0,0.077,2.2,0
cust_1188,3,21,531.46,177.15,13,4.55,3,2,4,1,1,0,2,46.69,0,3,1,95.53,95.53,0.667,1.5,0.0,1.333,1
cust_1189,1,5,187.36,187.36,3,9.87,1,1,1,2,1,0,1,102.01,0,0,0,0.0,0.0,1.0,0.0,0.0,1.0,0
cust_1190,11,131,2078.44,188.95,80,11.94,43,2,46,0,0,0,0,0.0,1,0,1,308.58,308.58,0.0,0.0,0.0,4.182,1
cust_1191,4,50,744.15,186.04,30,8.92,7,6,10,1,1,2,0,0.0,1,0,0,0.0,0.0,0.0,0.0,0.067,2.5,0
cust_1192,14,116,3454.58,246.76,54,23.33,26,9,29,3,0,1,2,377.2,2,1,1,308.72,308.72,0.143,0.5,0.019,2.071,1
cust_1193,5,57,1012.31,202.46,38,10.64,14,14,14,3,0,1,1,108.74,1,1,0,0.0,0.0,0.2,1.0,0.026,2.8,0
cust_1194,8,66,1899.49,237.44,31,5.52,12,4,15,1,1,1,4,388.49,0,0,0,0.0,0.0,0.5,0.0,0.032,1.875,1
cust_1195,8,46,884.98,110.62,20,18.68,8,2,8,3,1,1,1,127.89,1,2,1,151.51,151.51,0.125,2.0,0.05,1.0,1
cust_1196,8,66,1018.49,127.31,39,6.72,12,4,14,2,0,1,3,113.0,0,0,0,0.0,0.0,0.375,0.0,0.026,1.75,0
cust_1197,6,60,1849.0,308.17,30,7.55,7,6,8,3,0,0,2,183.55,2,1,2,533.47,266.74,0.333,0.5,0.0,1.333,1
cust_1198,7,31,521.59,74.51,21,8.73,4,2,6,3,0,0,3,211.84,0,1,0,0.0,0.0,0.429,0.333,0.0,0.857,0
cust_1199,2,22,458.97,229.49,11,3.9,4,1,4,2,0,0,1,112.63,2,0,0,0.0,0.0,0.5,0.0,0.0,2.0,0
cust_1200,10,121,2859.95,286.0,54,12.82,16,4,20,0,0,2,1,167.22,0,1,1,165.88,165.88,0.1,1.0,0.037,2.0,1
cust_1201,8,107,1142.22,142.78,73,1.03,33,11,33,4,0,0,1,62.17,1,1,0,0.0,0.0,0.125,1.0,0.0,4.125,1
cust_1202,8,41,651.71,81.46,22,20.31,10,10,11,1,1,0,3,505.42,0,0,0,0.0,0.0,0.375,0.0,0.0,1.375,1
cust_1203,8,32,1226.39,153.3,17,14.05,6,5,8,2,1,0,0,0.0,0,0,1,140.2,140.2,0.0,0.0,0.0,1.0,0
cust_1204,3,14,151.37,50.46,7,4.36,3,3,3,2,0,1,1,160.87,0,2,0,0.0,0.0,0.333,2.0,0.143,1.0,1
cust_1205,2,28,236.66,118.33,18,2.57,7,4,8,1,1,0,1,76.75,1,0,0,0.0,0.0,0.5,0.0,0.0,4.0,0
cust_1206,1,12,132.39,132.39,5,4.91,1,1,5,1,2,1,1,70.61,2,0,0,0.0,0.0,1.0,0.0,0.2,5.0,0
cust_1207,3,39,582.33,194.11,15,16.35,8,6,10,1,0,0,1,60.97,2,2,0,0.0,0.0,0.333,2.0,0.0,3.333,0
cust_1208,2,19,217.8,108.9,10,0.32,2,1,4,1,0,0,1,66.13,0,1,1,166.12,166.12,0.5,1.0,0.0,2.0,0
cust_1209,9,88,1159.47,128.83,59,6.31,21,7,24,2,0,4,4,368.65,1,2,0,0.0,0.0,0.444,0.5,0.068,2.667,1
cust_1210,4,29,1171.27,292.82,13,2.93,3,3,5,0,0,3,1,95.57,3,0,1,255.59,255.59,0.25,0.0,0.231,1.25,0
cust_1211,3,39,263.14,87.71,18,20.79,8,3,11,0,0,0,1,49.93,1,1,1,312.54,312.54,0.333,1.0,0.0,3.667,0
cust_1212,1,13,297.69,297.69,8,5.34,2,1,4,2,0,0,2,184.91,0,3,0,0.0,0.0,2.0,1.5,0.0,4.0,1
cust_1213,4,33,727.66,181.91,20,11.97,4,3,6,0,0,0,0,0.0,1,0,0,0.0,0.0,0.0,0.0,0.0,1.5,0
cust_1214,7,53,1717.51,245.36,28,4.43,6,5,6,0,0,0,2,111.84,0,0,1,60.64,60.64,0.286,0.0,0.0,0.857,0
cust_1215,16,193,1289.96,80.62,125,4.0,36,3,40,3,1,2,1,213.93,2,1,1,64.82,64.82,0.062,1.0,0.016,2.5,1
cust_1216,8,34,1146.83,143.35,15,3.94,7,5,11,1,1,0,1,44.82,1,2,2,280.66,140.33,0.125,2.0,0.0,1.375,1
cust_1217,4,53,574.07,143.52,27,11.34,13,13,15,1,2,1,1,92.6,0,1,2,205.15,102.58,0.25,1.0,0.037,3.75,1
cust_1218,8,71,1094.19,136.77,37,33.31,9,4,11,3,0,0,0,0.0,1,0,1,141.4,141.4,0.0,0.0,0.0,1.375,0
cust_1219,12,106,1952.72,162.73,52,2.33,13,5,16,1,1,4,2,225.12,1,1,0,0.0,0.0,0.167,0.5,0.077,1.333,1
cust_1220,12,136,1270.03,105.84,63,10.33,27,17,31,1,0,0,2,151.33,2,0,0,0.0,0.0,0.167,0.0,0.0,2.583,1
cust_1221,5,55,514.91,102.98,27,3.08,15,14,15,1,0,1,2,86.89,1,1,1,181.56,181.56,0.4,0.5,0.037,3.0,1
cust_1222,2,13,218.51,109.26,5,7.97,2,1,6,1,0,0,0,0.0,1,0,1,164.38,164.38,0.0,0.0,0.0,3.0,0
cust_1223,7,100,1741.25,248.75,61,7.8,29,16,30,0,0,0,2,137.92,0,0,0,0.0,0.0,0.286,0.0,0.0,4.286,0
cust_1224,5,74,347.23,69.45,44,5.98,18,6,22,1,0,1,1,110.41,0,2,1,219.87,219.87,0.2,2.0,0.023,4.4,1
cust_1225,4,39,425.97,106.49,20,6.9,4,3,4,3,0,1,1,177.06,1,1,0,0.0,0.0,0.25,1.0,0.05,1.0,0
cust_1226,7,71,1547.49,221.07,35,21.22,20,5,24,4,0,0,2,6.78,0,1,1,122.9,122.9,0.286,0.5,0.0,3.429,1
cust_1227,2,20,634.17,317.08,10,0.93,2,2,2,0,0,0,3,214.34,1,0,0,0.0,0.0,1.5,0.0,0.0,1.0,0
cust_1228,12,112,3755.08,312.92,76,17.74,38,18,41,2,0,1,1,334.49,0,2,3,479.5,159.83,0.083,2.0,0.013,3.417,1
cust_1229,5,71,1183.44,236.69,41,6.2,24,15,26,0,2,2,0,0.0,2,0,1,111.74,111.74,0.0,0.0,0.049,5.2,1
cust_1230,1,6,283.22,283.22,3,4.06,0,0,3,2,0,1,1,74.22,1,1,0,0.0,0.0,1.0,1.0,0.333,3.0,0
cust_1231,9,46,1134.05,126.01,21,1.95,5,3,7,1,1,2,0,0.0,0,0,0,0.0,0.0,0.0,0.0,0.095,0.778,0
cust_1232,5,71,542.71,108.54,30,16.86,12,4,15,2,1,1,1,145.15,0,0,1,77.17,77.17,0.2,0.0,0.033,3.0,0
cust_1233,4,25,127.5,31.87,10,8.97,5,5,8,3,0,0,3,229.98,0,1,2,267.01,133.5,0.75,0.333,0.0,2.0,1
cust_1234,3,36,333.39,111.13,19,13.03,11,5,13,0,0,0,2,188.88,1,0,0,0.0,0.0,0.667,0.0,0.0,4.333,0
cust_1235,7,43,836.44,119.49,26,3.78,12,9,12,1,0,0,1,100.7,0,0,0,0.0,0.0,0.143,0.0,0.0,1.714,0
cust_1236,3,43,125.75,41.92,27,4.99,9,9,10,2,0,0,2,160.11,0,1,0,0.0,0.0,0.667,0.5,0.0,3.333,0
cust_1237,1,12,79.9,79.9,7,24.49,2,1,4,1,0,1,1,122.38,0,1,1,186.11,186.11,1.0,1.0,0.143,4.0,0
cust_1238,6,84,2342.41,390.4,56,32.49,28,19,28,1,0,0,1,96.79,1,1,0,0.0,0.0,0.167,1.0,0.0,4.667,1
cust_1239,4,57,562.92,140.73,23,13.46,11,9,11,1,1,2,2,382.71,1,1,0,0.0,0.0,0.5,0.5,0.087,2.75,1
cust_1240,8,39,649.54,81.19,25,13.84,5,1,5,2,1,2,0,0.0,1,0,0,0.0,0.0,0.0,0.0,0.08,0.625,0
cust_1241,3,26,391.28,130.43,15,11.85,6,4,10,2,0,2,1,33.08,0,0,1,324.33,324.33,0.333,0.0,0.133,3.333,0
cust_1242,4,44,675.54,168.89,19,8.85,11,11,13,0,2,1,0,0.0,1,0,3,609.72,203.24,0.0,0.0,0.053,3.25,0
cust_1243,4,51,577.79,144.45,30,9.04,15,8,17,1,0,0,0,0.0,1,0,0,0.0,0.0,0.0,0.0,0.0,4.25,0
cust_1244,3,19,286.84,95.61,10,33.19,2,1,5,0,0,2,0,0.0,0,0,1,83.63,83.63,0.0,0.0,0.2,1.667,0
cust_1245,10,140,2248.1,224.81,71,13.9,20,2,22,1,0,2,2,371.62,3,1,0,0.0,0.0,0.2,0.5,0.028,2.2,1
cust_1246,6,38,2856.7,476.12,18,10.65,6,1,6,0,0,0,1,135.14,1,1,0,0.0,0.0,0.167,1.0,0.0,1.0,0
cust_1247,9,121,2414.49,268.28,65,2.1,31,9,32,0,1,2,1,224.8,2,0,0,0.0,0.0,0.111,0.0,0.031,3.556,1
cust_1248,14,134,1810.63,129.33,63,37.75,26,13,27,2,0,1,1,63.11,0,1,0,0.0,0.0,0.071,1.0,0.016,1.929,0
cust_1249,17,164,2323.21,136.66,69,7.35,15,10,18,1,0,0,3,337.11,0,1,1,184.46,184.46,0.176,0.333,0.0,1.059,1
cust_1250,13,105,2610.62,200.82,68,28.77,33,10,35,1,0,0,1,99.09,0,0,0,0.0,0.0,0.077,0.0,0.0,2.692,0
cust_1251,2,10,325.05,162.53,5,12.5,2,2,3,1,0,1,1,58.38,0,2,2,143.4,71.7,0.5,2.0,0.2,1.5,1
cust_1252,5,39,1308.47,261.69,19,0.41,5,5,7,3,0,0,1,42.94,1,2,0,0.0,0.0,0.2,2.0,0.0,1.4,1
cust_1253,17,147,4899.32,288.2,78,7.74,17,5,20,1,0,0,0,0.0,0,0,1,198.54,198.54,0.0,0.0,0.0,1.176,0
cust_1254,4,37,211.68,52.92,24,22.32,12,4,14,0,0,1,4,287.44,2,1,0,0.0,0.0,1.0,0.25,0.042,3.5,1
cust_1255,14,169,2696.77,192.63,83,0.53,37,7,40,0,0,1,4,383.48,1,2,0,0.0,0.0,0.286,0.5,0.012,2.857,1
cust_1256,2,15,63.69,31.84,7,20.15,3,2,7,1,0,0,2,245.87,2,1,1,223.57,223.57,1.0,0.5,0.0,3.5,1
cust_1257,9,76,3148.68,349.85,47,9.5,20,12,21,2,1,0,2,546.98,1,1,1,125.15,125.15,0.222,0.5,0.0,2.333,1
cust_1258,15,209,1824.0,121.6,96,0.46,35,16,38,1,0,0,3,127.5,0,1,1,94.8,94.8,0.2,0.333,0.0,2.533,1
cust_1259,14,171,763.53,54.54,102,4.68,59,2,62,2,1,0,2,200.14,1,1,1,296.98,296.98,0.143,0.5,0.0,4.429,1
cust_1260,6,25,1032.11,172.02,13,0.31,6,2,9,0,0,1,2,128.86,0,1,0,0.0,0.0,0.333,0.5,0.077,1.5,0
cust_1261,2,25,617.8,308.9,13,0.02,4,1,7,0,0,1,1,158.91,2,1,1,222.7,222.7,0.5,1.0,0.077,3.5,1
cust_1262,10,148,3041.72,304.17,94,22.67,52,3,55,0,0,1,0,0.0,0,0,0,0.0,0.0,0.0,0.0,0.011,5.5,0
cust_1263,3,43,573.2,191.07,30,13.81,17,11,20,0,0,0,0,0.0,0,0,0,0.0,0.0,0.0,0.0,0.0,6.667,0
cust_1264,4,52,432.42,108.11,33,3.42,10,10,12,0,0,0,1,77.77,2,3,2,241.9,120.95,0.25,3.0,0.0,3.0,1
cust_1265,10,109,1267.13,126.71,48,1.21,26,13,26,3,0,0,2,178.44,2,1,0,0.0,0.0,0.2,0.5,0.0,2.6,1
cust_1266,3,21,222.74,74.25,9,0.56,1,1,4,3,0,0,3,407.86,1,1,0,0.0,0.0,1.0,0.333,0.0,1.333,1
cust_1267,3,33,470.72,156.91,17,24.92,4,2,4,0,0,1,1,84.07,0,0,1,82.64,82.64,0.333,0.0,0.059,1.333,0
cust_1268,2,23,326.57,163.28,14,9.82,3,2,7,2,0,1,1,182.84,1,1,0,0.0,0.0,0.5,1.0,0.071,3.5,1
cust_1269,9,63,569.4,63.27,34,1.75,11,8,15,0,0,1,2,79.22,0,0,1,214.76,214.76,0.222,0.0,0.029,1.667,0
cust_1270,1,6,253.35,253.35,4,11.44,1,1,2,2,0,1,0,0.0,0,0,0,0.0,0.0,0.0,0.0,0.25,2.0,0
cust_1271,5,41,122.71,24.54,16,68.04,7,1,10,1,0,0,2,129.94,3,1,0,0.0,0.0,0.4,0.5,0.0,2.0,0
cust_1272,3,33,605.77,201.92,15,15.51,8,4,9,1,0,0,0,0.0,0,0,0,0.0,0.0,0.0,0.0,0.0,3.0,0
cust_1273,4,28,956.81,239.2,13,5.92,3,2,4,0,0,0,0,0.0,3,0,0,0.0,0.0,0.0,0.0,0.0,1.0,0
cust_1274,8,80,2115.6,264.45,49,16.83,21,17,22,0,0,1,1,64.51,1,0,0,0.0,0.0,0.125,0.0,0.02,2.75,0
cust_1275,10,138,1517.46,151.75,74,13.64,31,18,32,2,0,0,1,129.87,0,1,0,0.0,0.0,0.1,1.0,0.0,3.2,1
cust_1276,3,21,485.21,161.74,8,0.93,3,1,5,1,0,1,4,401.67,0,0,1,181.37,181.37,1.333,0.0,0.125,1.667,0
cust_1277,7,102,1730.31,247.19,64,26.0,30,10,33,1,0,1,1,16.52,2,0,0,0.0,0.0,0.143,0.0,0.016,4.714,0
cust_1278,21,193,3582.4,170.59,98,21.55,39,2,41,1,1,2,1,142.66,1,1,0,0.0,0.0,0.048,1.0,0.02,1.952,1
cust_1279,3,15,285.81,95.27,7,8.93,2,2,3,3,0,0,3,611.92,1,1,0,0.0,0.0,1.0,0.333,0.0,1.0,1
cust_1280,12,55,2042.89,170.24,25,7.1,14,10,17,0,1,0,2,85.77,0,0,0,0.0,0.0,0.167,0.0,0.0,1.417,0
cust_1281,4,30,1474.27,368.57,20,2.58,10,5,14,2,0,0,0,0.0,0,0,0,0.0,0.0,0.0,0.0,0.0,3.5,0
cust_1282,7,47,777.42,111.06,32,17.99,13,2,15,2,1,2,1,62.72,2,0,0,0.0,0.0,0.143,0.0,0.062,2.143,0
cust_1283,2,26,196.32,98.16,10,5.65,2,2,6,2,0,1,1,182.84,0,1,0,0.0,0.0,0.5,1.0,0.1,3.0,0
cust_1284,2,24,258.71,129.35,11,8.66,6,6,9,3,0,2,1,108.17,0,0,1,63.72,63.72,0.5,0.0,0.182,4.5,0
cust_1285,3,41,538.44,179.48,24,1.86,10,3,11,0,1,2,3,380.47,1,1,0,0.0,0.0,1.0,0.333,0.083,3.667,1
cust_1286,5,52,432.76,86.55,31,2.41,16,14,19,2,0,0,2,97.97,1,1,1,52.97,52.97,0.4,0.5,0.0,3.8,1
cust_1287,9,79,465.92,51.77,41,42.13,9,9,10,2,0,1,1,51.83,1,1,0,0.0,0.0,0.111,1.0,0.024,1.111,0
cust_1288,20,139,3384.12,169.21,79,6.81,44,16,48,0,2,1,1,167.35,3,0,1,168.83,168.83,0.05,0.0,0.013,2.4,1
cust_1289,5,52,786.52,157.3,31,16.91,14,9,17,1,0,1,2,168.39,0,3,0,0.0,0.0,0.4,1.5,0.032,3.4,1
cust_1290,7,75,366.66,52.38,51,17.7,24,3,27,2,0,2,2,73.54,1,1,0,0.0,0.0,0.286,0.5,0.039,3.857,1
cust_1291,5,41,330.46,66.09,25,39.91,6,3,9,1,0,1,0,0.0,1,0,0,0.0,0.0,0.0,0.0,0.04,1.8,0
cust_1292,13,185,1943.88,149.53,80,40.69,38,12,40,3,0,1,1,230.24,1,0,0,0.0,0.0,0.077,0.0,0.012,3.077,1
cust_1293,9,99,1007.71,111.97,60,6.11,13,9,13,2,0,1,0,0.0,2,0,1,168.56,168.56,0.0,0.0,0.017,1.444,0
cust_1294,3,39,259.44,86.48,16,30.02,3,3,5,4,0,1,0,0.0,0,0,1,109.54,109.54,0.0,0.0,0.062,1.667,0
cust_1295,2,21,227.22,113.61,11,4.55,3,1,7,1,0,0,1,176.52,1,3,1,139.61,139.61,0.5,3.0,0.0,3.5,1
cust_1296,4,29,361.59,90.4,16,9.36,3,1,4,0,1,0,1,48.47,3,1,1,109.08,109.08,0.25,1.0,0.0,1.0,0
cust_1297,2,24,263.02,131.51,15,17.24,3,2,7,2,0,0,2,249.17,0,1,0,0.0,0.0,1.0,0.5,0.0,3.5,0
cust_1298,3,19,672.56,224.19,7,24.51,3,1,6,2,1,0,2,78.42,0,0,0,0.0,0.0,0.667,0.0,0.0,2.0,0
cust_1299,1,10,246.07,246.07,6,7.42,3,2,3,1,0,2,0,0.0,1,0,0,0.0,0.0,0.0,0.0,0.333,3.0,0
cust_1300,4,33,371.33,92.83,19,5.41,5,4,8,0,0,2,2,113.59,1,1,0,0.0,0.0,0.5,0.5,0.105,2.0,1
cust_1301,11,62,1760.12,160.01,25,13.04,13,1,15,2,0,1,2,440.77,2,0,0,0.0,0.0,0.182,0.0,0.04,1.364,1
cust_1302,7,59,1113.9,159.13,26,6.09,10,2,11,1,0,0,1,198.57,0,0,2,453.2,226.6,0.143,0.0,0.0,1.571,0
cust_1303,7,51,403.56,57.65,21,11.14,12,11,16,0,0,1,1,61.98,0,0,0,0.0,0.0,0.143,0.0,0.048,2.286,0
cust_1304,3,15,113.98,37.99,9,16.31,2,2,4,0,0,0,1,83.96,5,0,0,0.0,0.0,0.333,0.0,0.0,1.333,0
cust_1305,6,78,1732.87,288.81,35,18.4,7,1,7,1,0,3,0,0.0,0,0,1,213.53,213.53,0.0,0.0,0.086,1.167,0
cust_1306,6,56,1197.89,199.65,23,2.93,12,2,14,0,0,0,1,22.66,0,1,0,0.0,0.0,0.167,1.0,0.0,2.333,0
cust_1307,6,46,1703.33,283.89,20,8.47,6,4,8,1,0,1,1,206.06,0,0,0,0.0,0.0,0.167,0.0,0.05,1.333,0
cust_1308,6,57,1454.92,242.49,32,0.25,12,10,12,0,2,1,0,0.0,1,0,0,0.0,0.0,0.0,0.0,0.031,2.0,0
cust_1309,6,73,1199.07,199.84,40,15.98,16,7,20,1,1,0,1,33.78,0,0,0,0.0,0.0,0.167,0.0,0.0,3.333,0
cust_1310,5,21,1222.14,244.43,9,1.34,4,2,5,0,0,0,1,128.84,0,2,0,0.0,0.0,0.2,2.0,0.0,1.0,1
cust_1311,5,50,656.87,131.37,34,20.53,7,3,9,0,0,2,2,513.02,2,1,1,193.38,193.38,0.4,0.5,0.059,1.8,1
cust_1312,5,46,1049.04,209.81,30,5.22,12,2,15,2,0,2,0,0.0,1,0,0,0.0,0.0,0.0,0.0,0.067,3.0,0
cust_1313,11,152,2635.2,239.56,75,1.83,27,2,31,2,0,0,2,105.04,2,2,0,0.0,0.0,0.182,1.0,0.0,2.818,1
cust_1314,1,10,203.91,203.91,5,15.89,1,1,5,1,0,0,0,0.0,1,0,2,160.63,80.32,0.0,0.0,0.0,5.0,0
cust_1315,3,16,257.78,85.93,8,2.24,2,1,2,0,0,0,1,40.39,1,0,0,0.0,0.0,0.333,0.0,0.0,0.667,0
cust_1316,4,33,286.98,71.75,20,5.02,11,9,15,2,1,0,3,273.99,0,3,0,0.0,0.0,0.75,1.0,0.0,3.75,1
cust_1317,2,21,388.9,194.45,11,8.37,3,3,6,1,0,3,0,0.0,0,0,0,0.0,0.0,0.0,0.0,0.273,3.0,0
cust_1318,3,13,266.89,88.96,7,4.46,2,1,6,0,0,1,2,202.74,1,1,0,0.0,0.0,0.667,0.5,0.143,2.0,0
cust_1319,7,96,639.12,91.3,50,1.97,19,9,20,1,1,1,4,338.22,1,2,0,0.0,0.0,0.571,0.5,0.02,2.857,1
cust_1320,8,37,900.55,112.57,23,5.21,11,3,11,2,0,0,1,125.53,1,2,1,198.24,198.24,0.125,2.0,0.0,1.375,1
cust_1321,2,8,246.24,123.12,4,1.56,1,1,4,3,0,0,1,86.87,2,2,0,0.0,0.0,0.5,2.0,0.0,2.0,1
cust_1322,1,4,115.56,115.56,2,12.7,0,0,1,2,0,1,1,98.71,0,1,0,0.0,0.0,1.0,1.0,0.5,1.0,0
cust_1323,2,23,220.38,110.19,9,1.88,3,1,3,0,1,0,2,223.85,1,1,1,356.08,356.08,1.0,0.5,0.0,1.5,0
cust_1324,2,18,263.9,131.95,12,6.59,5,3,5,0,0,1,1,68.17,4,0,0,0.0,0.0,0.5,0.0,0.083,2.5,0
cust_1325,1,5,64.55,64.55,3,8.22,1,1,2,1,0,0,2,75.92,1,0,0,0.0,0.0,2.0,0.0,0.0,2.0,0
cust_1326,10,134,514.93,51.49,86,29.02,24,2,28,0,0,1,1,80.53,1,0,1,201.55,201.55,0.1,0.0,0.012,2.8,0
cust_1327,6,37,1985.11,330.85,16,0.81,8,1,11,2,0,1,1,74.37,1,1,0,0.0,0.0,0.167,1.0,0.062,1.833,0
cust_1328,5,37,400.66,80.13,17,26.66,8,7,11,2,0,1,0,0.0,1,0,0,0.0,0.0,0.0,0.0,0.059,2.2,0
cust_1329,2,11,46.18,23.09,7,2.33,3,3,5,1,0,1,2,77.06,0,3,2,282.99,141.5,1.0,1.5,0.143,2.5,1
cust_1330,4,56,399.22,99.8,38,18.38,15,7,17,1,1,1,1,65.41,0,1,0,0.0,0.0,0.25,1.0,0.026,4.25,0
cust_1331,1,12,41.14,41.14,5,0.95,1,1,1,0,0,0,1,92.39,2,1,0,0.0,0.0,1.0,1.0,0.0,1.0,0
cust_1332,19,227,1047.74,55.14,120,44.83,65,10,67,2,1,0,0,0.0,0,0,0,0.0,0.0,0.0,0.0,0.0,3.526,1
cust_1333,4,17,553.11,138.28,7,16.48,1,1,4,0,1,1,0,0.0,1,0,0,0.0,0.0,0.0,0.0,0.143,1.0,0
cust_1334,15,146,886.26,59.08,69,0.65,24,19,27,2,0,1,2,160.35,1,1,0,0.0,0.0,0.133,0.5,0.014,1.8,1
cust_1335,17,175,4868.89,286.41,79,2.41,42,3,44,0,0,0,2,268.04,0,0,1,109.15,109.15,0.118,0.0,0.0,2.588,1
cust_1336,1,8,212.69,212.69,3,7.95,1,1,3,1,0,2,1,43.96,2,1,0,0.0,0.0,1.0,1.0,0.667,3.0,0
cust_1337,7,52,217.34,31.05,29,7.41,10,7,10,0,0,0,2,184.83,1,0,0,0.0,0.0,0.286,0.0,0.0,1.429,0
cust_1338,7,93,1717.64,245.38,43,9.92,22,1,25,2,0,0,1,170.16,0,1,0,0.0,0.0,0.143,1.0,0.0,3.571,1
cust_1339,3,12,432.1,144.03,8,6.23,4,2,8,3,1,2,1,28.4,1,0,0,0.0,0.0,0.333,0.0,0.25,2.667,0
cust_1340,11,119,732.21,66.56,66,13.25,18,13,21,2,0,0,2,172.49,0,1,2,399.22,199.61,0.182,0.5,0.0,1.909,1
cust_1341,6,50,658.98,109.83,25,4.28,5,3,5,0,1,1,1,177.95,3,1,0,0.0,0.0,0.167,1.0,0.04,0.833,1
cust_1342,2,22,326.0,163.0,14,1.94,5,1,6,1,0,1,0,0.0,3,0,0,0.0,0.0,0.0,0.0,0.071,3.0,0
cust_1343,8,49,2100.64,262.58,28,0.34,8,4,10,1,0,1,1,61.32,1,1,1,54.4,54.4,0.125,1.0,0.036,1.25,1
cust_1344,4,26,275.04,68.76,11,3.93,5,2,6,1,1,0,2,173.19,0,0,1,130.88,130.88,0.5,0.0,0.0,1.5,0
cust_1345,6,62,842.92,140.49,34,5.57,13,12,15,0,1,1,3,143.73,2,0,2,262.77,131.38,0.5,0.0,0.029,2.5,0
cust_1346,2,29,477.32,238.66,15,10.76,5,3,7,1,1,0,0,0.0,2,0,1,216.31,216.31,0.0,0.0,0.0,3.5,0
cust_1347,7,103,1166.54,166.65,64,16.42,21,6,25,1,0,2,0,0.0,0,0,1,278.89,278.89,0.0,0.0,0.031,3.571,0
cust_1348,4,26,1323.46,330.86,15,2.75,4,2,8,1,0,0,0,0.0,0,0,0,0.0,0.0,0.0,0.0,0.0,2.0,0
cust_1349,5,25,526.12,105.22,12,6.8,3,2,5,1,1,3,0,0.0,0,0,2,307.83,153.92,0.0,0.0,0.25,1.0,0
cust_1350,1,10,107.64,107.64,5,2.66,1,1,4,1,0,3,2,387.95,2,1,0,0.0,0.0,2.0,0.5,0.6,4.0,1
cust_1351,3,25,103.61,34.54,13,30.19,6,1,6,2,1,0,2,153.78,0,0,1,183.58,183.58,0.667,0.0,0.0,2.0,0
cust_1352,4,49,533.09,133.27,25,10.43,8,3,8,1,0,0,2,28.67,2,0,1,231.69,231.69,0.5,0.0,0.0,2.0,0
cust_1353,5,49,946.83,189.37,21,11.33,6,3,8,1,0,0,2,317.95,3,1,0,0.0,0.0,0.4,0.5,0.0,1.6,1
cust_1354,2,19,509.53,254.77,12,7.58,4,2,4,0,0,0,3,87.41,0,1,0,0.0,0.0,1.5,0.333,0.0,2.0,0
cust_1355,5,55,717.27,143.45,33,3.31,19,2,19,1,0,0,1,156.52,1,1,0,0.0,0.0,0.2,1.0,0.0,3.8,0
cust_1356,3,16,795.35,265.12,8,2.24,1,1,4,4,1,3,2,130.11,1,0,0,0.0,0.0,0.667,0.0,0.375,1.333,0
cust_1357,5,57,990.0,198.0,32,10.69,10,8,13,1,0,1,1,65.1,1,1,1,106.5,106.5,0.2,1.0,0.031,2.6,0
cust_1358,3,28,1144.61,381.54,12,25.47,3,2,5,0,0,1,1,142.41,1,1,0,0.0,0.0,0.333,1.0,0.083,1.667,0
cust_1359,2,26,339.67,169.83,14,2.39,8,6,8,1,0,0,3,554.72,0,1,0,0.0,0.0,1.5,0.333,0.0,4.0,1
cust_1360,11,60,2313.05,210.28,37,8.48,13,1,15,0,0,0,2,154.67,4,2,0,0.0,0.0,0.182,1.0,0.0,1.364,1
cust_1361,5,36,958.29,191.66,20,7.54,8,2,11,0,0,0,2,141.36,0,2,0,0.0,0.0,0.4,1.0,0.0,2.2,1
cust_1362,2,28,510.07,255.04,15,10.26,4,2,4,0,0,0,1,106.09,1,1,1,213.51,213.51,0.5,1.0,0.0,2.0,0
cust_1363,6,60,1048.52,174.75,32,8.86,6,2,9,1,0,0,1,145.93,1,0,1,70.16,70.16,0.167,0.0,0.0,1.5,0
cust_1364,3,42,62.49,20.83,26,3.19,8,6,9,1,0,0,2,73.43,1,1,1,168.49,168.49,0.667,0.5,0.0,3.0,0
cust_1365,17,196,1995.04,117.36,122,11.76,55,4,55,0,0,3,0,0.0,1,0,1,154.32,154.32,0.0,0.0,0.025,3.235,1
cust_1366,2,28,129.49,64.74,17,3.18,8,1,9,1,0,0,0,0.0,0,0,1,85.97,85.97,0.0,0.0,0.0,4.5,0
cust_1367,4,29,406.93,101.73,13,10.58,6,6,7,1,0,1,1,37.67,0,0,0,0.0,0.0,0.25,0.0,0.077,1.75,0
cust_1368,14,69,1580.36,112.88,40,3.57,21,3,24,1,0,1,1,86.28,1,0,2,368.86,184.43,0.071,0.0,0.025,1.714,1
cust_1369,2,25,544.81,272.41,15,0.86,3,2,6,1,0,0,0,0.0,1,0,0,0.0,0.0,0.0,0.0,0.0,3.0,0
cust_1370,8,102,1823.68,227.96,57,1.36,13,5,17,1,0,1,0,0.0,0,0,0,0.0,0.0,0.0,0.0,0.018,2.125,0
cust_1371,11,118,5066.67,460.61,74,17.96,38,14,38,3,0,0,1,18.56,2,1,1,141.69,141.69,0.091,1.0,0.0,3.455,1
cust_1372,8,83,1126.43,140.8,54,1.29,20,19,24,0,0,1,0,0.0,0,0,0,0.0,0.0,0.0,0.0,0.019,3.0,0
cust_1373,5,70,378.13,75.63,31,4.01,17,8,19,3,0,0,1,125.77,3,2,2,369.16,184.58,0.2,2.0,0.0,3.8,1
cust_1374,2,11,165.98,82.99,5,3.39,2,2,4,4,1,0,2,283.34,0,0,1,82.43,82.43,1.0,0.0,0.0,2.0,0
cust_1375,7,75,1720.95,245.85,43,0.6,11,5,14,0,0,1,2,167.15,1,0,2,299.13,149.56,0.286,0.0,0.023,2.0,0
cust_1376,2,9,195.26,97.63,4,9.15,1,1,3,2,0,0,2,268.91,0,0,0,0.0,0.0,1.0,0.0,0.0,1.5,0
cust_1377,10,55,505.07,50.51,37,16.03,8,2,9,1,0,0,1,70.73,1,1,0,0.0,0.0,0.1,1.0,0.0,0.9,0
cust_1378,15,132,2901.18,193.41,60,48.7,21,13,23,1,0,0,1,128.55,1,1,0,0.0,0.0,0.067,1.0,0.0,1.533,0
cust_1379,10,130,2369.21,236.92,65,27.49,34,6,38,3,0,1,1,130.97,1,1,1,72.46,72.46,0.1,1.0,0.015,3.8,1
cust_1380,2,24,94.4,47.2,16,0.51,6,6,6,1,0,2,1,81.38,1,0,0,0.0,0.0,0.5,0.0,0.125,3.0,0
cust_1381,10,147,1040.39,104.04,67,2.98,14,4,17,1,0,0,2,84.85,1,1,0,0.0,0.0,0.2,0.5,0.0,1.7,0
cust_1382,4,17,391.04,97.76,9,5.31,2,2,2,1,0,0,2,242.12,0,0,2,305.21,152.6,0.5,0.0,0.0,0.5,0
cust_1383,2,16,294.39,147.19,7,20.8,1,1,4,0,0,0,2,61.88,0,3,0,0.0,0.0,1.0,1.5,0.0,2.0,1
cust_1384,6,34,583.33,97.22,21,4.46,7,2,9,0,0,2,0,0.0,1,0,0,0.0,0.0,0.0,0.0,0.095,1.5,0
cust_1385,7,30,941.32,134.47,14,8.45,6,5,8,1,0,1,2,146.21,1,0,1,157.61,157.61,0.286,0.0,0.071,1.143,0
cust_1386,5,34,826.8,165.36,15,10.78,6,3,9,0,0,0,3,479.34,1,0,1,358.27,358.27,0.6,0.0,0.0,1.8,1
cust_1387,4,26,189.43,47.36,17,3.54,8,4,8,1,1,1,2,148.82,0,2,1,68.92,68.92,0.5,1.0,0.059,2.0,1
cust_1388,1,8,123.81,123.81,3,8.72,1,1,2,1,1,0,1,156.91,0,1,0,0.0,0.0,1.0,1.0,0.0,2.0,0
cust_1389,6,33,657.39,109.56,20,0.52,6,2,9,1,0,0,2,180.3,1,2,0,0.0,0.0,0.333,1.0,0.0,1.5,1
cust_1390,6,56,744.27,124.04,27,6.54,6,1,7,0,0,1,0,0.0,1,0,0,0.0,0.0,0.0,0.0,0.037,1.167,0
cust_1391,5,70,619.69,123.94,31,4.76,17,4,21,0,0,1,1,62.44,3,1,3,526.32,175.44,0.2,1.0,0.032,4.2,1
cust_1392,3,36,129.13,43.04,23,4.4,5,5,8,1,0,1,2,184.24,2,0,0,0.0,0.0,0.667,0.0,0.043,2.667,0
cust_1393,2,26,730.69,365.34,10,2.68,2,2,5,2,0,1,1,85.22,0,2,1,116.55,116.55,0.5,2.0,0.1,2.5,0
cust_1394,2,25,304.16,152.08,12,17.02,2,2,3,1,0,0,2,228.44,1,1,2,183.08,91.54,1.0,0.5,0.0,1.5,0
cust_1395,4,33,999.38,249.84,20,21.36,6,1,7,1,0,1,4,1014.25,0,1,0,0.0,0.0,1.0,0.25,0.05,1.75,1
cust_1396,3,35,246.47,82.16,19,21.9,10,9,12,0,1,0,0,0.0,1,0,0,0.0,0.0,0.0,0.0,0.0,4.0,0
cust_1397,15,184,4314.99,287.67,111,5.04,36,14,36,0,0,2,4,585.06,1,0,0,0.0,0.0,0.267,0.0,0.018,2.4,1
cust_1398,6,37,900.07,150.01,15,3.0,6,1,8,3,0,0,3,659.37,0,1,0,0.0,0.0,0.5,0.333,0.0,1.333,1
cust_1399,1,13,204.94,204.94,8,1.04,4,1,6,2,0,0,1,164.88,1,0,1,122.1,122.1,1.0,0.0,0.0,6.0,0
cust_1400,9,81,498.47,55.39,36,11.16,20,17,21,0,0,2,3,120.48,1,0,0,0.0,0.0,0.333,0.0,0.056,2.333,0
cust_1401,5,20,564.86,112.97,12,4.01,3,2,6,1,0,1,0,0.0,0,0,0,0.0,0.0,0.0,0.0,0.083,1.2,0
cust_1402,5,55,785.47,157.09,31,3.24,10,1,13,1,0,0,2,164.32,2,0,1,70.33,70.33,0.4,0.0,0.0,2.6,0
cust_1403,7,80,2567.01,366.72,49,4.64,24,5,25,1,0,2,2,213.46,0,2,0,0.0,0.0,0.286,1.0,0.041,3.571,1
cust_1404,4,40,760.03,190.01,18,8.09,10,2,13,2,0,0,1,123.62,0,0,0,0.0,0.0,0.25,0.0,0.0,3.25,0
cust_1405,4,25,278.19,69.55,12,1.77,5,2,5,3,0,2,4,342.01,0,0,0,0.0,0.0,1.0,0.0,0.167,1.25,0
cust_1406,8,74,600.64,75.08,47,32.53,14,6,18,0,0,0,3,176.24,1,1,0,0.0,0.0,0.375,0.333,0.0,2.25,0
cust_1407,3,25,152.29,50.76,16,13.19,4,4,7,1,0,0,1,56.45,1,1,1,82.31,82.31,0.333,1.0,0.0,2.333,0
cust_1408,3,44,260.23,86.74,20,0.48,7,6,10,0,0,1,1,58.55,0,0,2,316.4,158.2,0.333,0.0,0.05,3.333,0
cust_1409,5,65,1451.73,290.35,41,3.66,11,6,13,1,0,0,4,796.71,1,0,1,245.38,245.38,0.8,0.0,0.0,2.6,1
cust_1410,4,49,729.39,182.35,21,0.52,6,1,7,1,0,1,2,741.58,0,0,1,283.85,283.85,0.5,0.0,0.048,1.75,1
cust_1411,13,77,2677.3,205.95,40,2.61,18,11,21,1,0,0,2,488.51,0,1,0,0.0,0.0,0.154,0.5,0.0,1.615,1
cust_1412,9,68,2620.33,291.15,46,3.38,18,10,19,2,1,0,0,0.0,1,0,0,0.0,0.0,0.0,0.0,0.0,2.111,0
cust_1413,5,40,1043.68,208.74,27,12.66,6,1,8,2,0,0,3,249.41,0,0,0,0.0,0.0,0.6,0.0,0.0,1.6,0
cust_1414,4,37,237.03,59.26,18,12.68,4,3,4,0,0,0,0,0.0,1,0,0,0.0,0.0,0.0,0.0,0.0,1.0,0
cust_1415,2,8,472.18,236.09,3,0.46,0,0,4,0,0,1,3,399.15,1,2,0,0.0,0.0,1.5,0.667,0.333,2.0,1
cust_1416,5,52,2066.59,413.32,23,8.87,6,4,6,0,0,1,1,225.15,4,0,1,149.08,149.08,0.2,0.0,0.043,1.2,1
cust_1417,1,7,60.36,60.36,3,32.42,1,1,5,1,0,1,2,116.18,0,1,0,0.0,0.0,2.0,0.5,0.333,5.0,0
cust_1418,7,71,1166.52,166.65,30,9.9,15,8,15,4,0,2,1,29.28,0,0,0,0.0,0.0,0.143,0.0,0.067,2.143,0
cust_1419,2,8,569.6,284.8,4,32.33,1,1,5,0,0,1,1,69.08,1,1,0,0.0,0.0,0.5,1.0,0.25,2.5,0
cust_1420,3,22,735.36,245.12,8,4.79,3,3,3,2,1,1,1,63.21,0,1,1,206.18,206.18,0.333,1.0,0.125,1.0,0
cust_1421,9,112,3742.64,415.85,53,6.16,19,10,20,1,0,0,0,0.0,1,0,0,0.0,0.0,0.0,0.0,0.0,2.222,0
cust_1422,1,9,291.58,291.58,6,6.84,3,2,7,0,1,0,1,64.42,0,0,0,0.0,0.0,1.0,0.0,0.0,7.0,0
cust_1423,6,76,567.3,94.55,40,25.76,10,6,11,1,1,1,3,89.42,0,0,1,60.38,60.38,0.5,0.0,0.025,1.833,0
cust_1424,10,116,2636.16,263.62,48,4.78,12,9,14,3,0,0,4,395.1,1,1,0,0.0,0.0,0.4,0.25,0.0,1.4,1
cust_1425,5,67,715.75,143.15,39,40.99,9,1,12,1,0,1,1,93.58,1,1,0,0.0,0.0,0.2,1.0,0.026,2.4,0
cust_1426,11,44,1334.8,121.35,30,7.83,8,8,10,2,0,0,0,0.0,1,0,0,0.0,0.0,0.0,0.0,0.0,0.909,0
cust_1427,3,20,290.92,96.97,10,2.46,2,1,4,1,0,0,0,0.0,0,0,0,0.0,0.0,0.0,0.0,0.0,1.333,0
cust_1428,6,60,1603.18,267.2,35,1.09,18,5,22,2,0,0,2,87.12,1,1,1,109.59,109.59,0.333,0.5,0.0,3.667,1
cust_1429,2,28,129.94,64.97,18,1.9,5,4,9,1,0,2,1,182.97,2,0,1,161.15,161.15,0.5,0.0,0.111,4.5,1
cust_1430,3,34,486.25,162.08,17,0.4,6,1,8,0,0,0,1,54.38,0,0,1,310.4,310.4,0.333,0.0,0.0,2.667,0
cust_1431,6,54,588.78,98.13,32,11.79,16,7,16,0,0,1,1,77.03,2,0,0,0.0,0.0,0.167,0.0,0.031,2.667,0
cust_1432,5,27,741.35,148.27,14,7.28,6,1,9,0,1,0,1,66.26,0,0,0,0.0,0.0,0.2,0.0,0.0,1.8,0
cust_1433,5,47,650.07,130.01,32,13.39,9,7,10,1,0,0,2,434.75,0,0,1,89.5,89.5,0.4,0.0,0.0,2.0,1
cust_1434,6,53,908.55,151.42,29,15.24,6,2,7,3,0,0,4,325.4,0,0,0,0.0,0.0,0.667,0.0,0.0,1.167,0
cust_1435,5,62,915.83,183.17,41,26.79,23,11,23,0,0,2,0,0.0,0,0,0,0.0,0.0,0.0,0.0,0.049,4.6,0
cust_1436,2,17,180.13,90.06,9,1.24,4,3,7,1,0,2,1,51.5,0,0,0,0.0,0.0,0.5,0.0,0.222,3.5,0
cust_1437,3,22,196.14,65.38,13,2.06,6,6,6,2,0,1,2,362.74,2,0,0,0.0,0.0,0.667,0.0,0.077,2.0,1
cust_1438,9,44,796.45,88.49,22,7.95,7,7,8,0,1,0,2,273.88,1,0,1,188.03,188.03,0.222,0.0,0.0,0.889,0
cust_1439,1,4,162.53,162.53,2,1.39,0,0,0,1,1,0,3,193.84,2,0,1,176.92,176.92,3.0,0.0,0.0,0.0,0
cust_1440,3,26,446.64,148.88,15,0.97,6,5,10,4,0,2,0,0.0,1,0,0,0.0,0.0,0.0,0.0,0.133,3.333,0
cust_1441,5,39,445.52,89.1,15,10.98,3,1,4,1,0,0,3,581.52,0,1,0,0.0,0.0,0.6,0.333,0.0,0.8,1
cust_1442,5,50,805.94,161.19,20,12.9,10,4,14,1,0,0,2,50.83,1,0,0,0.0,0.0,0.4,0.0,0.0,2.8,0
cust_1443,1,11,276.46,276.46,6,18.54,2,2,5,1,0,0,1,100.06,0,0,1,100.09,100.09,1.0,0.0,0.0,5.0,0
cust_1444,6,26,899.86,149.98,11,24.74,5,1,9,0,0,1,2,65.33,3,1,1,147.46,147.46,0.333,0.5,0.091,1.5,0
cust_1445,5,47,426.65,85.33,28,5.84,11,11,11,0,0,1,0,0.0,1,0,0,0.0,0.0,0.0,0.0,0.036,2.2,0
cust_1446,5,67,282.49,56.5,33,39.06,14,2,17,0,0,1,2,113.66,1,2,1,194.96,194.96,0.4,1.0,0.03,3.4,0
cust_1447,2,18,296.9,148.45,10,0.39,4,4,6,0,1,0,1,42.6,1,2,1,119.0,119.0,0.5,2.0,0.0,3.0,0
cust_1448,16,155,1285.68,80.36,70,20.41,35,9,38,3,0,0,3,822.65,1,1,1,216.33,216.33,0.188,0.333,0.0,2.375,1
cust_1449,5,46,589.59,117.92,21,3.88,6,6,8,3,0,0,0,0.0,1,0,0,0.0,0.0,0.0,0.0,0.0,1.6,0
cust_1450,1,8,185.97,185.97,4,25.47,1,1,3,0,2,0,1,268.49,1,0,3,451.4,150.47,1.0,0.0,0.0,3.0,0
cust_1451,1,5,175.43,175.43,2,2.52,0,0,3,2,0,1,1,51.07,0,0,0,0.0,0.0,1.0,0.0,0.5,3.0,0
cust_1452,1,5,283.1,283.1,2,13.51,0,0,2,1,1,0,1,67.02,0,0,1,119.64,119.64,1.0,0.0,0.0,2.0,0
cust_1453,9,53,401.01,44.56,25,5.54,10,1,14,2,0,3,0,0.0,0,0,0,0.0,0.0,0.0,0.0,0.12,1.556,0
cust_1454,9,114,1149.9,127.77,52,4.8,16,8,20,1,0,0,2,65.99,0,0,0,0.0,0.0,0.222,0.0,0.0,2.222,0
cust_1455,15,105,1957.52,130.5,69,0.61,14,7,17,2,0,1,0,0.0,1,0,0,0.0,0.0,0.0,0.0,0.014,1.133,0
cust_1456,3,43,490.63,163.54,25,12.24,12,2,14,1,0,0,4,869.72,0,1,0,0.0,0.0,1.333,0.25,0.0,4.667,1
cust_1457,15,193,1053.12,70.21,104,1.93,58,6,58,1,0,1,0,0.0,2,0,1,139.29,139.29,0.0,0.0,0.01,3.867,1
cust_1458,5,57,469.85,93.97,38,6.22,14,3,17,0,0,0,1,68.22,2,2,1,89.24,89.24,0.2,2.0,0.0,3.4,1
cust_1459,9,107,591.43,65.71,66,1.52,35,6,37,0,0,2,3,401.39,1,1,4,799.95,199.99,0.333,0.333,0.03,4.111,1
cust_1460,2,9,342.45,171.23,6,9.28,2,2,4,1,0,1,3,372.57,1,1,1,180.69,180.69,1.5,0.333,0.167,2.0,1
cust_1461,14,143,1277.22,91.23,82,2.63,46,8,48,1,0,0,2,269.36,1,0,0,0.0,0.0,0.143,0.0,0.0,3.429,1
cust_1462,2,28,485.52,242.76,12,9.02,4,4,4,1,0,2,1,144.53,1,1,0,0.0,0.0,0.5,1.0,0.167,2.0,1
cust_1463,6,26,1336.71,222.78,15,29.3,4,1,8,1,0,0,1,130.07,0,3,0,0.0,0.0,0.167,3.0,0.0,1.333,0
cust_1464,6,43,1565.19,260.87,19,25.37,10,1,11,2,0,1,2,151.89,2,1,1,336.71,336.71,0.333,0.5,0.053,1.833,0
cust_1465,8,36,886.62,110.83,18,2.24,9,4,9,0,0,3,1,85.05,0,0,0,0.0,0.0,0.125,0.0,0.167,1.125,0
cust_1466,15,154,1669.96,111.33,85,1.04,30,1,31,0,0,0,2,203.96,2,0,0,0.0,0.0,0.133,0.0,0.0,2.067,1
cust_1467,6,31,698.11,116.35,13,0.44,6,6,10,2,0,0,2,185.22,1,1,2,269.67,134.84,0.333,0.5,0.0,1.667,1
cust_1468,6,55,515.55,85.93,22,17.63,4,1,6,0,0,1,3,441.05,1,2,0,0.0,0.0,0.5,0.667,0.045,1.0,1
cust_1469,5,59,311.48,62.3,29,2.87,15,3,16,2,0,0,1,59.29,1,2,0,0.0,0.0,0.2,2.0,0.0,3.2,1
cust_1470,1,5,77.79,77.79,3,3.34,1,1,2,1,0,0,2,184.91,1,0,1,418.39,418.39,2.0,0.0,0.0,2.0,0
cust_1471,2,24,638.65,319.32,9,2.57,3,1,3,1,0,3,1,62.39,0,0,0,0.0,0.0,0.5,0.0,0.333,1.5,0
cust_1472,6,27,622.68,103.78,11,18.33,5,3,9,1,2,0,3,508.19,0,0,0,0.0,0.0,0.5,0.0,0.0,1.5,0
cust_1473,9,50,3312.77,368.09,32,38.59,8,3,11,0,0,1,2,95.56,0,0,0,0.0,0.0,0.222,0.0,0.031,1.222,0
cust_1474,5,35,500.79,100.16,17,14.07,4,2,5,0,1,0,1,154.44,0,0,0,0.0,0.0,0.2,0.0,0.0,1.0,0
cust_1475,6,76,956.6,159.43,51,17.35,21,9,21,0,0,1,5,754.65,0,0,1,175.33,175.33,0.833,0.0,0.02,3.5,1
cust_1476,6,80,1048.4,174.73,41,9.69,22,16,24,1,0,0,2,313.35,1,1,0,0.0,0.0,0.333,0.5,0.0,4.0,1
cust_1477,6,38,873.22,145.54,24,7.52,6,3,10,0,1,2,0,0.0,2,0,1,87.73,87.73,0.0,0.0,0.083,1.667,0
cust_1478,3,15,301.42,100.47,7,12.79,2,2,4,1,0,0,0,0.0,1,0,0,0.0,0.0,0.0,0.0,0.0,1.333,0
cust_1479,1,13,39.47,39.47,5,0.36,2,2,4,0,0,0,1,204.76,0,1,0,0.0,0.0,1.0,1.0,0.0,4.0,0
cust_1480,2,22,274.2,137.1,14,0.63,6,5,9,0,0,2,1,68.15,1,0,0,0.0,0.0,0.5,0.0,0.143,4.5,0
cust_1481,3,17,255.2,85.07,11,11.62,4,3,5,1,0,0,0,0.0,0,0,0,0.0,0.0,0.0,0.0,0.0,1.667,0
cust_1482,10,101,1034.99,103.5,61,4.08,35,17,38,1,1,0,2,115.61,1,1,0,0.0,0.0,0.2,0.5,0.0,3.8,1
cust_1483,6,81,595.21,99.2,51,6.71,20,9,20,1,0,0,0,0.0,2,0,0,0.0,0.0,0.0,0.0,0.0,3.333,0
cust_1484,5,23,1595.14,319.03,9,15.23,4,4,7,1,0,1,0,0.0,1,0,0,0.0,0.0,0.0,0.0,0.111,1.4,0
cust_1485,6,29,450.85,75.14,18,8.61,8,2,8,1,0,0,2,367.79,0,2,1,153.53,153.53,0.333,1.0,0.0,1.333,1
cust_1486,4,28,1452.01,363.0,15,16.36,7,2,8,0,0,0,1,99.12,0,2,0,0.0,0.0,0.25,2.0,0.0,2.0,0
cust_1487,6,67,2457.26,409.54,35,5.43,13,4,14,2,0,0,5,335.52,2,0,0,0.0,0.0,0.833,0.0,0.0,2.333,1
cust_1488,5,29,1189.89,237.98,16,3.39,4,2,7,2,0,0,3,409.73,1,1,0,0.0,0.0,0.6,0.333,0.0,1.4,1
cust_1489,10,129,281.91,28.19,62,2.68,15,13,17,1,0,2,0,0.0,0,0,0,0.0,0.0,0.0,0.0,0.032,1.7,0
cust_1490,9,110,548.24,60.92,66,1.41,31,16,34,1,0,1,2,89.44,0,0,0,0.0,0.0,0.222,0.0,0.015,3.778,1
cust_1491,10,101,2675.72,267.57,49,0.37,17,4,21,0,0,1,0,0.0,2,0,1,169.0,169.0,0.0,0.0,0.02,2.1,0
cust_1492,4,21,286.87,71.72,11,0.55,4,1,5,3,2,0,2,63.13,1,1,1,161.51,161.51,0.5,0.5,0.0,1.25,1
cust_1493,5,74,766.56,153.31,32,3.16,15,12,19,1,0,1,0,0.0,1,0,1,74.78,74.78,0.0,0.0,0.031,3.8,0
cust_1494,3,28,297.95,99.32,16,3.26,8,5,12,2,0,0,1,64.97,2,1,0,0.0,0.0,0.333,1.0,0.0,4.0,0
cust_1495,4,35,1122.95,280.74,15,4.81,6,2,10,0,0,0,0,0.0,1,0,0,0.0,0.0,0.0,0.0,0.0,2.5,0
cust_1496,1,14,147.17,147.17,6,8.96,1,1,3,3,0,2,2,150.83,1,1,2,138.03,69.02,2.0,0.5,0.333,3.0,1
cust_1497,1,13,160.67,160.67,5,14.24,2,1,3,1,1,1,1,103.71,1,0,0,0.0,0.0,1.0,0.0,0.2,3.0,0
cust_1498,10,90,5091.16,509.12,39,2.2,14,14,15,1,1,0,1,184.35,0,1,0,0.0,0.0,0.1,1.0,0.0,1.5,1
cust_1499,15,129,5500.02,366.67,60,14.24,34,8,35,2,0,1,1,228.32,0,0,0,0.0,0.0,0.067,0.0,0.017,2.333,1
cust_1500,8,40,1173.56,146.7,18,1.5,9,9,12,0,0,2,1,139.6,1,2,0,0.0,0.0,0.125,2.0,0.111,1.5,1
cust_1501,9,127,306.18,34.02,63,44.82,31,18,31,1,0,1,2,254.62,0,0,0,0.0,0.0,0.222,0.0,0.016,3.444,0
cust_1502,3,39,644.91,214.97,16,3.36,4,1,5,3,2,0,2,96.85,1,1,1,160.41,160.41,0.667,0.5,0.0,1.667,1
cust_1503,5,37,2209.45,441.89,25,18.16,8,3,10,0,0,3,1,42.76,1,0,3,246.16,82.05,0.2,0.0,0.12,2.0,0
cust_1504,5,61,198.67,39.73,26,2.11,14,13,16,2,0,0,2,228.08,0,0,0,0.0,0.0,0.4,0.0,0.0,3.2,1
cust_1505,5,61,1152.39,230.48,37,30.09,7,3,7,1,0,0,0,0.0,0,0,0,0.0,0.0,0.0,0.0,0.0,1.4,0
cust_1506,3,19,868.92,289.64,10,17.52,5,1,8,2,0,1,1,74.74,2,0,0,0.0,0.0,0.333,0.0,0.1,2.667,0
cust_1507,15,161,2197.4,146.49,91,4.45,32,15,34,1,0,1,2,506.83,0,0,1,116.7,116.7,0.133,0.0,0.011,2.267,1
cust_1508,3,20,468.7,156.23,8,5.47,4,1,4,1,0,0,1,223.67,1,0,0,0.0,0.0,0.333,0.0,0.0,1.333,0
cust_1509,10,126,1487.13,148.71,59,0.04,24,5,26,1,0,2,1,111.95,1,2,0,0.0,0.0,0.1,2.0,0.034,2.6,1
cust_1510,4,22,269.47,67.37,13,2.9,5,5,5,0,0,0,0,0.0,3,0,1,222.64,222.64,0.0,0.0,0.0,1.25,0
cust_1511,4,45,2133.35,533.34,24,3.41,11,7,13,0,0,0,0,0.0,0,0,0,0.0,0.0,0.0,0.0,0.0,3.25,0
cust_1512,7,53,373.01,53.29,28,6.03,14,12,17,2,0,3,1,107.05,0,1,0,0.0,0.0,0.143,1.0,0.107,2.429,1
cust_1513,2,8,464.5,232.25,4,1.5,1,1,4,0,0,2,4,254.15,3,1,0,0.0,0.0,2.0,0.25,0.5,2.0,1
cust_1514,2,10,445.97,222.99,5,6.52,1,1,3,1,0,1,2,234.8,1,0,0,0.0,0.0,1.0,0.0,0.2,1.5,0
cust_1515,5,56,361.16,72.23,35,11.04,11,9,13,3,0,1,2,295.79,0,0,1,237.21,237.21,0.4,0.0,0.029,2.6,1
cust_1516,5,33,772.54,154.51,20,4.64,10,5,14,3,0,1,1,153.35,0,1,1,158.15,158.15,0.2,1.0,0.05,2.8,1
cust_1517,5,54,316.47,63.29,26,2.64,10,10,11,0,1,0,2,213.3,1,1,0,0.0,0.0,0.4,0.5,0.0,2.2,1
cust_1518,3,25,585.64,195.21,16,7.93,8,1,11,0,1,1,2,270.51,0,3,0,0.0,0.0,0.667,1.5,0.062,3.667,1
cust_1519,15,174,4489.24,299.28,96,0.29,57,6,59,0,0,2,1,33.17,2,0,0,0.0,0.0,0.067,0.0,0.021,3.933,1
cust_1520,2,18,317.08,158.54,10,4.17,4,2,5,1,1,1,2,81.08,2,2,0,0.0,0.0,1.0,1.0,0.1,2.5,1
cust_1521,6,44,1342.78,223.8,29,7.5,9,6,11,0,0,0,2,129.41,2,2,1,245.55,245.55,0.333,1.0,0.0,1.833,1
cust_1522,4,22,310.27,77.57,11,4.09,6,4,7,2,0,0,0,0.0,2,0,0,0.0,0.0,0.0,0.0,0.0,1.75,0
cust_1523,1,7,77.01,77.01,4,4.24,1,1,2,2,0,0,1,122.63,1,0,1,52.32,52.32,1.0,0.0,0.0,2.0,0
cust_1524,9,98,1354.16,150.46,57,18.86,17,10,20,1,0,1,1,40.22,1,1,0,0.0,0.0,0.111,1.0,0.018,2.222,0
cust_1525,13,157,775.62,59.66,82,27.18,18,9,22,1,1,2,2,156.13,0,1,0,0.0,0.0,0.154,0.5,0.024,1.692,1
cust_1526,3,17,217.78,72.59,10,17.57,2,1,2,1,1,2,0,0.0,2,0,1,158.01,158.01,0.0,0.0,0.2,0.667,0
cust_1527,3,33,291.62,97.21,14,1.04,7,3,9,5,1,1,0,0.0,0,0,1,304.33,304.33,0.0,0.0,0.071,3.0,0
cust_1528,6,35,1174.63,195.77,20,3.42,5,3,6,1,0,3,2,77.32,1,1,1,107.72,107.72,0.333,0.5,0.15,1.0,1
cust_1529,3,19,229.32,76.44,7,12.42,1,1,5,5,0,0,0,0.0,2,0,0,0.0,0.0,0.0,0.0,0.0,1.667,0
cust_1530,2,19,286.05,143.02,8,36.65,2,1,3,0,0,0,1,71.23,0,1,1,149.68,149.68,0.5,1.0,0.0,1.5,0
cust_1531,7,50,1613.89,230.56,28,2.77,13,4,15,1,0,0,3,378.48,0,2,0,0.0,0.0,0.429,0.667,0.0,2.143,1
cust_1532,5,56,526.4,105.28,27,22.85,9,1,9,1,1,1,0,0.0,1,0,1,181.52,181.52,0.0,0.0,0.037,1.8,0
cust_1533,6,87,642.57,107.1,41,13.43,13,12,16,2,0,0,1,174.41,3,0,1,163.21,163.21,0.167,0.0,0.0,2.667,1
cust_1534,5,28,983.52,196.7,19,41.01,7,1,7,1,0,2,3,195.83,3,1,1,46.91,46.91,0.6,0.333,0.105,1.4,0
cust_1535,4,41,648.88,162.22,20,0.98,4,3,7,1,0,1,2,188.96,1,0,0,0.0,0.0,0.5,0.0,0.05,1.75,0
cust_1536,16,226,1815.64,113.48,128,5.02,50,6,51,0,1,1,2,225.92,1,2,0,0.0,0.0,0.125,1.0,0.008,3.188,1
cust_1537,4,23,335.0,83.75,12,6.5,7,3,11,0,0,1,1,57.68,1,2,1,43.25,43.25,0.25,2.0,0.083,2.75,1
cust_1538,6,48,573.68,95.61,20,11.15,10,3,13,3,0,3,2,397.06,2,0,0,0.0,0.0,0.333,0.0,0.15,2.167,1
cust_1539,4,21,933.97,233.49,12,10.61,2,2,3,0,0,1,1,29.98,0,0,0,0.0,0.0,0.25,0.0,0.083,0.75,0
cust_1540,4,44,421.23,105.31,24,23.68,11,2,13,3,0,1,2,142.15,3,1,1,160.0,160.0,0.5,0.5,0.042,3.25,1
cust_1541,14,159,7946.88,567.63,81,18.24,31,8,33,1,0,0,3,291.73,1,0,1,80.94,80.94,0.214,0.0,0.0,2.357,1
cust_1542,6,67,533.15,88.86,28,0.57,14,6,18,3,0,1,3,352.22,0,1,0,0.0,0.0,0.5,0.333,0.036,3.0,1
cust_1543,12,119,2494.96,207.91,58,6.67,13,3,17,1,0,1,1,104.87,1,1,0,0.0,0.0,0.083,1.0,0.017,1.417,1
cust_1544,7,85,1495.15,213.59,56,5.23,16,16,18,0,0,1,1,140.43,1,2,1,102.0,102.0,0.143,2.0,0.018,2.571,1
cust_1545,3,13,542.4,180.8,5,58.59,2,1,4,0,0,2,3,166.91,3,0,0,0.0,0.0,1.0,0.0,0.4,1.333,0
cust_1546,19,276,1072.4,56.44,128,5.57,69,13,72,0,1,0,2,304.51,1,0,1,201.21,201.21,0.105,0.0,0.0,3.789,1
cust_1547,7,45,1824.51,260.64,20,11.48,8,8,12,1,0,1,1,77.02,1,1,2,182.46,91.23,0.143,1.0,0.05,1.714,0
cust_1548,1,5,140.4,140.4,3,3.35,0,0,2,2,1,1,2,112.24,0,2,0,0.0,0.0,2.0,1.0,0.333,2.0,1
cust_1549,4,57,1237.66,309.41,34,9.54,18,17,21,2,0,2,0,0.0,1,0,0,0.0,0.0,0.0,0.0,0.059,5.25,0
cust_1550,6,78,717.54,119.59,51,2.31,18,5,19,0,1,1,0,0.0,0,0,1,39.62,39.62,0.0,0.0,0.02,3.167,0
cust_1551,3,37,355.54,118.51,24,9.25,5,5,9,1,0,0,0,0.0,0,0,0,0.0,0.0,0.0,0.0,0.0,3.0,0
cust_1552,1,5,186.54,186.54,3,20.26,1,1,5,2,0,0,0,0.0,1,0,0,0.0,0.0,0.0,0.0,0.0,5.0,0
cust_1553,5,64,702.77,140.55,34,0.19,12,8,14,3,0,1,4,675.87,2,1,1,99.09,99.09,0.8,0.25,0.029,2.8,1
cust_1554,4,42,236.32,59.08,22,7.02,6,6,8,1,0,1,1,41.96,1,2,1,124.64,124.64,0.25,2.0,0.045,2.0,1
cust_1555,4,48,934.95,233.74,31,40.38,16,3,18,1,0,0,0,0.0,1,0,1,137.66,137.66,0.0,0.0,0.0,4.5,0
cust_1556,8,118,420.05,52.51,58,1.73,22,4,24,1,0,0,2,148.12,1,0,1,69.77,69.77,0.25,0.0,0.0,3.0,1
cust_1557,1,6,256.59,256.59,2,2.03,0,0,0,0,0,1,1,18.27,2,2,1,278.9,278.9,1.0,2.0,0.5,0.0,0
cust_1558,4,38,320.94,80.23,18,6.36,9,6,11,1,0,0,1,41.92,2,1,0,0.0,0.0,0.25,1.0,0.0,2.75,0
cust_1559,17,208,7165.94,421.53,127,20.48,51,9,52,0,0,1,1,83.4,0,0,0,0.0,0.0,0.059,0.0,0.008,3.059,1
cust_1560,3,26,173.95,57.98,11,8.27,2,2,4,1,0,0,3,489.38,1,0,0,0.0,0.0,1.0,0.0,0.0,1.333,0
cust_1561,11,50,683.83,62.17,31,7.11,18,12,20,0,0,2,0,0.0,0,0,1,133.87,133.87,0.0,0.0,0.065,1.818,1
cust_1562,7,36,546.06,78.01,23,0.91,7,3,8,3,1,1,2,130.27,1,0,2,228.42,114.21,0.286,0.0,0.043,1.143,0
cust_1563,5,53,1257.15,251.43,22,32.7,13,7,16,2,0,2,2,257.04,2,1,0,0.0,0.0,0.4,0.5,0.091,3.2,1
cust_1564,3,21,598.93,199.64,9,4.26,1,1,2,1,0,0,0,0.0,2,0,0,0.0,0.0,0.0,0.0,0.0,0.667,0
cust_1565,13,71,3430.64,263.9,32,2.9,12,9,16,0,0,0,1,137.59,0,2,0,0.0,0.0,0.077,2.0,0.0,1.231,1
cust_1566,4,30,839.99,210.0,15,5.31,7,1,8,2,0,3,0,0.0,0,0,1,115.15,115.15,0.0,0.0,0.2,2.0,0
cust_1567,8,49,1115.39,139.42,27,5.35,15,6,19,3,0,0,1,5.16,0,1,0,0.0,0.0,0.125,1.0,0.0,2.375,0
cust_1568,8,34,2373.79,296.72,18,6.13,9,9,9,0,0,0,0,0.0,2,0,1,93.88,93.88,0.0,0.0,0.0,1.125,0
cust_1569,10,56,3643.93,364.39,36,11.66,10,8,11,0,0,1,1,40.77,0,1,2,350.8,175.4,0.1,1.0,0.028,1.1,0
cust_1570,7,95,514.8,73.54,42,20.25,12,10,15,2,1,0,2,203.61,3,0,1,312.94,312.94,0.286,0.0,0.0,2.143,0
cust_1571,5,20,1432.96,286.59,12,0.59,4,3,4,0,0,0,1,58.68,2,0,2,103.92,51.96,0.2,0.0,0.0,0.8,0
cust_1572,3,37,851.34,283.78,20,6.75,4,2,6,1,0,1,1,188.9,0,1,3,414.79,138.26,0.333,1.0,0.05,2.0,1
cust_1573,4,49,325.83,81.46,30,5.34,14,11,17,1,0,2,2,136.15,1,1,0,0.0,0.0,0.5,0.5,0.067,4.25,1
cust_1574,5,51,485.33,97.07,25,0.11,14,4,15,1,0,1,2,261.46,0,0,0,0.0,0.0,0.4,0.0,0.04,3.0,1
cust_1575,5,31,1211.06,242.21,16,16.95,7,4,8,2,0,0,1,61.92,2,0,0,0.0,0.0,0.2,0.0,0.0,1.6,0
cust_1576,3,40,317.23,105.74,16,1.1,6,3,9,1,0,0,1,143.25,1,2,1,84.7,84.7,0.333,2.0,0.0,3.0,1
cust_1577,5,46,804.79,160.96,20,1.22,8,2,10,0,0,1,0,0.0,2,0,0,0.0,0.0,0.0,0.0,0.05,2.0,0
cust_1578,8,47,1343.95,167.99,24,0.5,10,5,12,2,0,1,1,246.12,0,2,0,0.0,0.0,0.125,2.0,0.042,1.5,1
cust_1579,10,87,773.89,77.39,47,2.24,22,10,22,2,0,2,4,338.63,0,0,1,239.56,239.56,0.4,0.0,0.043,2.2,1
cust_1580,4,24,310.05,77.51,10,1.95,5,2,8,1,1,0,1,114.47,2,0,0,0.0,0.0,0.25,0.0,0.0,2.0,0
cust_1581,3,24,208.06,69.35,15,4.28,7,4,11,1,0,0,3,1053.0,0,2,4,357.84,89.46,1.0,0.667,0.0,3.667,1
cust_1582,2,18,405.18,202.59,12,10.77,5,2,8,1,0,0,1,93.29,0,1,2,224.44,112.22,0.5,1.0,0.0,4.0,0
cust_1583,6,47,347.53,57.92,27,0.56,15,12,17,0,0,1,2,133.6,1,0,0,0.0,0.0,0.333,0.0,0.037,2.833,0
cust_1584,5,56,1274.47,254.89,23,19.68,12,12,14,2,0,0,0,0.0,0,0,0,0.0,0.0,0.0,0.0,0.0,2.8,0
cust_1585,3,42,307.69,102.56,26,3.95,13,7,13,1,1,0,1,135.33,0,1,0,0.0,0.0,0.333,1.0,0.0,4.333,0
cust_1586,1,7,159.9,159.9,3,9.33,0,0,3,2,1,1,4,602.6,1,1,1,117.22,117.22,4.0,0.25,0.333,3.0,1
cust_1587,3,23,202.0,67.33,14,0.12,6,1,7,2,0,1,2,359.19,0,3,0,0.0,0.0,0.667,1.5,0.071,2.333,1
cust_1588,7,84,2986.5,426.64,44,4.55,16,15,20,0,0,1,2,410.47,2,1,0,0.0,0.0,0.286,0.5,0.023,2.857,1
cust_1589,5,49,1062.38,212.48,20,0.02,8,6,11,1,0,0,1,68.13,1,1,0,0.0,0.0,0.2,1.0,0.0,2.2,0
cust_1590,3,26,622.01,207.34,12,1.81,5,2,9,2,0,0,0,0.0,1,0,0,0.0,0.0,0.0,0.0,0.0,3.0,0
cust_1591,6,77,1317.68,219.61,40,5.94,19,18,22,5,1,1,1,222.59,0,0,0,0.0,0.0,0.167,0.0,0.025,3.667,0
cust_1592,6,82,1180.77,196.79,50,7.66,27,5,29,2,0,0,0,0.0,0,0,0,0.0,0.0,0.0,0.0,0.0,4.833,0
cust_1593,2,20,147.06,73.53,8,1.66,4,3,8,1,0,2,1,177.66,3,1,0,0.0,0.0,0.5,1.0,0.25,4.0,1
cust_1594,4,24,343.97,85.99,11,13.67,4,4,7,4,0,0,1,108.05,0,1,0,0.0,0.0,0.25,1.0,0.0,1.75,0
cust_1595,15,136,2065.35,137.69,57,2.09,31,14,32,2,0,0,1,41.43,2,1,0,0.0,0.0,0.067,1.0,0.0,2.133,1
cust_1596,4,38,805.34,201.33,22,1.23,11,2,13,1,0,1,1,65.59,0,1,0,0.0,0.0,0.25,1.0,0.045,3.25,1
cust_1597,11,96,2568.36,233.49,52,4.06,14,4,15,0,0,0,1,245.38,0,2,0,0.0,0.0,0.091,2.0,0.0,1.364,1
cust_1598,7,48,635.06,90.72,32,8.02,6,3,6,3,0,1,3,491.9,1,0,1,175.79,175.79,0.429,0.0,0.031,0.857,1
cust_1599,4,36,520.71,130.18,22,45.01,4,4,4,2,0,0,4,499.06,1,1,0,0.0,0.0,1.0,0.25,0.0,1.0,0
cust_1600,4,35,1374.85,343.71,22,5.43,9,4,9,3,0,2,1,77.44,1,1,0,0.0,0.0,0.25,1.0,0.091,2.25,1
cust_1601,2,12,759.08,379.54,5,5.55,2,1,4,2,0,2,3,328.22,0,0,2,216.96,108.48,1.5,0.0,0.4,2.0,1
cust_1602,7,97,814.84,116.41,46,0.61,22,10,23,0,0,0,1,105.61,0,0,1,154.88,154.88,0.143,0.0,0.0,3.286,0
cust_1603,4,54,1045.89,261.47,29,14.52,15,14,18,1,0,0,2,94.97,3,0,0,0.0,0.0,0.5,0.0,0.0,4.5,0
cust_1604,9,111,477.41,53.05,44,2.01,11,6,13,1,0,0,1,294.23,1,2,0,0.0,0.0,0.111,2.0,0.0,1.444,1
cust_1605,5,42,592.66,118.53,27,13.66,14,10,17,2,0,1,0,0.0,2,0,1,113.07,113.07,0.0,0.0,0.037,3.4,0
cust_1606,1,8,287.64,287.64,5,24.15,1,1,3,5,0,1,1,167.39,1,2,0,0.0,0.0,1.0,2.0,0.2,3.0,0
cust_1607,7,83,2279.46,325.64,34,14.62,18,16,22,4,1,0,1,90.26,0,0,0,0.0,0.0,0.143,0.0,0.0,3.143,0
cust_1608,3,32,559.03,186.34,20,10.28,10,3,10,0,0,0,0,0.0,0,0,1,85.84,85.84,0.0,0.0,0.0,3.333,0
cust_1609,3,31,111.91,37.3,12,9.26,5,2,5,0,0,1,2,74.88,1,1,0,0.0,0.0,0.667,0.5,0.083,1.667,0
cust_1610,14,75,496.6,35.47,32,6.04,10,1,14,1,0,1,1,66.88,1,1,0,0.0,0.0,0.071,1.0,0.031,1.0,0
cust_1611,5,54,887.53,177.51,22,1.56,5,3,6,1,0,1,2,217.36,1,0,1,164.21,164.21,0.4,0.0,0.045,1.2,1
cust_1612,5,69,937.53,187.51,37,15.09,18,16,18,2,0,0,2,142.25,0,1,0,0.0,0.0,0.4,0.5,0.0,3.6,0
cust_1613,3,14,1349.76,449.92,8,6.49,2,1,2,0,0,1,1,116.4,0,0,0,0.0,0.0,0.333,0.0,0.125,0.667,0
cust_1614,7,54,646.89,92.41,24,9.83,9,5,10,0,1,0,2,274.62,0,0,1,68.45,68.45,0.286,0.0,0.0,1.429,0
cust_1615,2,19,131.86,65.93,11,4.68,4,1,5,2,1,1,3,207.11,0,0,0,0.0,0.0,1.5,0.0,0.091,2.5,0
cust_1616,6,69,799.45,133.24,31,2.24,14,10,18,2,0,0,3,439.49,4,2,0,0.0,0.0,0.5,0.667,0.0,3.0,1
cust_1617,3,14,336.39,112.13,9,16.43,3,1,3,2,2,0,0,0.0,3,0,0,0.0,0.0,0.0,0.0,0.0,1.0,0
cust_1618,15,204,3231.65,215.44,133,4.19,63,15,67,0,0,1,0,0.0,3,0,0,0.0,0.0,0.0,0.0,0.008,4.467,1
cust_1619,5,22,1190.01,238.0,13,20.15,6,1,8,0,0,0,1,104.79,2,1,1,122.72,122.72,0.2,1.0,0.0,1.6,0
cust_1620,24,322,3133.8,130.58,185,33.73,89,8,90,1,1,0,1,189.17,0,0,0,0.0,0.0,0.042,0.0,0.0,3.75,1
cust_1621,8,34,1847.87,230.98,16,17.72,5,3,6,0,0,1,1,112.13,0,0,1,81.88,81.88,0.125,0.0,0.062,0.75,0
cust_1622,11,62,844.95,76.81,27,1.37,15,7,15,1,0,2,1,177.21,1,0,0,0.0,0.0,0.091,0.0,0.074,1.364,0
cust_1623,2,25,340.57,170.28,13,19.31,5,3,8,3,0,1,4,373.53,1,0,0,0.0,0.0,2.0,0.0,0.077,4.0,0
cust_1624,4,53,110.83,27.71,27,7.33,10,5,14,1,0,0,1,167.87,3,0,0,0.0,0.0,0.25,0.0,0.0,3.5,0
cust_1625,5,74,456.52,91.3,44,2.76,18,7,19,2,0,0,1,88.17,0,0,1,78.64,78.64,0.2,0.0,0.0,3.8,0
cust_1626,6,31,1223.33,203.89,13,0.98,5,2,6,1,0,1,2,165.89,1,0,0,0.0,0.0,0.333,0.0,0.077,1.0,0
cust_1627,6,58,2214.77,369.13,32,3.26,16,3,16,1,0,0,2,82.78,0,1,1,198.42,198.42,0.333,0.5,0.0,2.667,0
cust_1628,7,33,585.16,83.59,20,1.48,7,1,7,3,0,0,0,0.0,1,0,0,0.0,0.0,0.0,0.0,0.0,1.0,0
cust_1629,1,5,173.18,173.18,2,0.26,1,1,4,1,0,0,0,0.0,1,0,0,0.0,0.0,0.0,0.0,0.0,4.0,0
cust_1630,6,35,488.68,81.45,22,44.03,11,11,13,1,0,0,4,472.63,1,1,0,0.0,0.0,0.667,0.25,0.0,2.167,1
cust_1631,3,14,343.01,114.34,7,17.81,2,2,4,2,0,1,2,104.12,1,1,0,0.0,0.0,0.667,0.5,0.143,1.333,0
cust_1632,8,110,1546.5,193.31,49,13.43,11,6,11,1,1,0,1,125.35,0,0,0,0.0,0.0,0.125,0.0,0.0,1.375,0
cust_1633,12,64,865.13,72.09,29,2.14,15,2,18,1,1,0,1,106.06,1,1,0,0.0,0.0,0.083,1.0,0.0,1.5,1
cust_1634,7,76,799.45,114.21,36,0.28,9,5,9,0,0,0,1,114.78,1,1,0,0.0,0.0,0.143,1.0,0.0,1.286,1
cust_1635,1,10,161.68,161.68,4,6.64,0,0,2,0,0,0,1,101.23,0,0,0,0.0,0.0,1.0,0.0,0.0,2.0,0
cust_1636,1,6,168.89,168.89,3,13.54,1,1,5,1,1,1,0,0.0,0,0,1,41.43,41.43,0.0,0.0,0.333,5.0,0
cust_1637,16,239,2421.91,151.37,163,32.92,49,10,50,0,0,1,3,402.3,0,0,1,124.09,124.09,0.188,0.0,0.006,3.125,1
cust_1638,2,15,323.35,161.68,10,18.57,2,2,3,0,0,0,1,55.8,1,3,2,387.56,193.78,0.5,3.0,0.0,1.5,1
cust_1639,4,55,378.52,94.63,27,22.4,7,1,10,4,1,0,0,0.0,0,0,0,0.0,0.0,0.0,0.0,0.0,2.5,0
cust_1640,4,57,344.22,86.05,37,2.73,18,2,20,1,0,0,0,0.0,0,0,0,0.0,0.0,0.0,0.0,0.0,5.0,0
cust_1641,3,43,220.74,73.58,29,1.69,14,2,17,3,0,0,0,0.0,2,0,0,0.0,0.0,0.0,0.0,0.0,5.667,0
cust_1642,9,110,720.52,80.06,53,2.85,11,10,14,1,0,1,1,129.36,0,2,2,275.13,137.56,0.111,2.0,0.019,1.556,1
cust_1643,5,33,378.77,75.75,22,1.49,9,4,12,1,0,2,1,331.53,1,2,0,0.0,0.0,0.2,2.0,0.091,2.4,1
cust_1644,7,37,1071.09,153.01,25,16.02,6,6,7,3,0,0,1,23.71,3,0,1,157.39,157.39,0.143,0.0,0.0,1.0,0
cust_1645,2,20,162.84,81.42,12,23.33,4,2,7,0,0,1,1,245.17,2,1,0,0.0,0.0,0.5,1.0,0.083,3.5,0
cust_1646,2,15,323.95,161.98,7,3.67,2,1,4,1,0,0,1,146.0,0,0,1,211.01,211.01,0.5,0.0,0.0,2.0,0
cust_1647,6,78,792.48,132.08,45,20.95,12,7,14,1,0,0,3,349.45,1,2,0,0.0,0.0,0.5,0.667,0.0,2.333,1
cust_1648,3,36,538.82,179.61,18,0.57,10,4,14,0,0,1,1,69.83,1,1,1,304.82,304.82,0.333,1.0,0.056,4.667,1
cust_1649,8,56,1173.16,146.65,39,11.31,22,17,24,0,1,0,1,103.74,3,0,2,190.66,95.33,0.125,0.0,0.0,3.0,1
cust_1650,1,4,138.04,138.04,1,7.5,0,0,1,0,1,0,2,152.58,1,0,0,0.0,0.0,2.0,0.0,0.0,1.0,0
cust_1651,6,39,1525.42,254.24,26,3.24,7,7,9,1,1,1,2,231.74,2,1,1,233.64,233.64,0.333,0.5,0.038,1.5,1
cust_1652,10,102,2403.76,240.38,43,14.62,18,7,18,1,0,0,3,184.15,1,2,2,150.9,75.45,0.3,0.667,0.0,1.8,1
cust_1653,2,9,344.54,172.27,3,2.38,1,1,4,0,1,1,0,0.0,2,0,0,0.0,0.0,0.0,0.0,0.333,2.0,0
cust_1654,3,33,712.92,237.64,22,5.38,7,4,11,0,1,0,1,110.67,3,0,0,0.0,0.0,0.333,0.0,0.0,3.667,0
cust_1655,6,68,482.35,80.39,44,12.37,11,4,11,3,0,2,1,14.92,0,1,1,150.68,150.68,0.167,1.0,0.045,1.833,0
cust_1656,5,29,580.99,116.2,14,4.13,6,6,8,1,0,1,0,0.0,2,0,0,0.0,0.0,0.0,0.0,0.071,1.6,0
cust_1657,6,63,711.07,118.51,43,19.34,19,1,21,2,0,2,1,29.07,1,1,0,0.0,0.0,0.167,1.0,0.047,3.5,1
cust_1658,4,42,662.55,165.64,27,20.06,5,1,8,0,0,0,2,249.58,1,1,0,0.0,0.0,0.5,0.5,0.0,2.0,0
cust_1659,1,9,55.11,55.11,6,2.26,3,2,6,0,0,2,0,0.0,0,0,0,0.0,0.0,0.0,0.0,0.333,6.0,0
cust_1660,3,43,513.08,171.03,24,5.81,11,4,12,0,0,1,1,134.39,2,1,0,0.0,0.0,0.333,1.0,0.042,4.0,0
cust_1661,6,31,1213.78,202.3,21,5.66,5,4,9,0,0,1,2,182.35,1,0,0,0.0,0.0,0.333,0.0,0.048,1.5,0
cust_1662,1,8,198.23,198.23,5,5.28,1,1,2,3,0,1,0,0.0,1,0,0,0.0,0.0,0.0,0.0,0.2,2.0,0
cust_1663,3,41,157.24,52.41,27,6.97,15,9,17,1,1,2,1,81.07,1,0,1,124.54,124.54,0.333,0.0,0.074,5.667,1
cust_1664,4,32,234.48,58.62,15,0.77,7,1,11,0,0,1,4,500.26,0,1,0,0.0,0.0,1.0,0.25,0.067,2.75,1
cust_1665,13,112,1211.01,93.15,62,20.41,21,12,25,1,0,0,2,430.98,0,1,0,0.0,0.0,0.154,0.5,0.0,1.923,1
cust_1666,4,45,1503.61,375.9,29,3.42,10,5,11,0,0,0,4,673.17,1,1,2,312.1,156.05,1.0,0.25,0.0,2.75,1
cust_1667,5,56,867.19,173.44,32,0.02,13,1,15,1,0,1,1,79.58,0,0,0,0.0,0.0,0.2,0.0,0.031,3.0,0
cust_1668,9,38,543.18,60.35,24,11.56,11,9,13,3,0,1,2,231.81,1,0,1,247.9,247.9,0.222,0.0,0.042,1.444,1
cust_1669,3,27,540.21,180.07,18,10.51,4,2,5,2,1,1,2,73.13,0,0,0,0.0,0.0,0.667,0.0,0.056,1.667,0
cust_1670,4,30,606.74,151.68,19,40.84,5,1,9,2,0,0,2,143.47,0,1,0,0.0,0.0,0.5,0.5,0.0,2.25,0
cust_1671,3,32,583.15,194.38,15,12.7,3,3,7,1,1,0,0,0.0,1,0,0,0.0,0.0,0.0,0.0,0.0,2.333,0
cust_1672,6,60,820.76,136.79,26,4.05,15,2,15,0,0,1,0,0.0,1,0,0,0.0,0.0,0.0,0.0,0.038,2.5,0
cust_1673,2,22,281.43,140.72,10,30.5,5,1,6,1,0,0,1,149.2,0,1,2,321.51,160.76,0.5,1.0,0.0,3.0,0
cust_1674,10,111,923.34,92.33,66,4.55,27,11,29,2,0,1,2,159.14,2,1,1,118.74,118.74,0.2,0.5,0.015,2.9,1
cust_1675,3,20,1297.29,432.43,8,17.22,2,2,2,0,0,0,2,216.89,0,2,1,170.01,170.01,0.667,1.0,0.0,0.667,1
cust_1676,4,26,452.9,113.22,11,4.09,3,2,4,3,0,0,2,123.81,0,1,0,0.0,0.0,0.5,0.5,0.0,1.0,0
cust_1677,4,32,511.06,127.77,15,0.5,6,2,10,0,0,1,1,94.58,1,2,1,127.84,127.84,0.25,2.0,0.067,2.5,1
cust_1678,4,26,412.44,103.11,17,13.23,8,2,11,2,0,0,1,161.17,1,1,0,0.0,0.0,0.25,1.0,0.0,2.75,0
cust_1679,5,57,177.32,35.46,23,4.31,10,1,11,2,0,1,0,0.0,0,0,0,0.0,0.0,0.0,0.0,0.043,2.2,0
cust_1680,9,95,506.12,56.24,39,4.14,7,2,11,0,0,1,3,325.15,1,1,0,0.0,0.0,0.333,0.333,0.026,1.222,1
cust_1681,3,19,464.64,154.88,10,12.58,4,3,7,3,0,1,0,0.0,1,0,0,0.0,0.0,0.0,0.0,0.1,2.333,0
cust_1682,9,123,993.97,110.44,55,3.89,30,1,32,1,0,0,0,0.0,1,0,0,0.0,0.0,0.0,0.0,0.0,3.556,1
cust_1683,1,9,48.18,48.18,4,1.26,0,0,3,3,1,4,1,60.5,0,1,0,0.0,0.0,1.0,1.0,1.0,3.0,0
cust_1684,2,10,420.27,210.14,4,5.18,2,2,4,3,0,0,1,46.45,2,1,0,0.0,0.0,0.5,1.0,0.0,2.0,0
cust_1685,4,25,825.66,206.42,14,17.36,7,4,10,1,1,0,1,23.97,1,0,0,0.0,0.0,0.25,0.0,0.0,2.5,0
cust_1686,3,29,562.78,187.59,12,1.39,3,2,7,0,0,0,0,0.0,0,0,0,0.0,0.0,0.0,0.0,0.0,2.333,0
cust_1687,14,108,2075.77,148.27,73,8.09,35,16,35,1,0,0,1,83.27,0,1,0,0.0,0.0,0.071,1.0,0.0,2.5,1
cust_1688,6,80,2003.82,333.97,34,1.42,8,4,10,0,0,1,4,459.71,0,1,0,0.0,0.0,0.667,0.25,0.029,1.667,1
cust_1689,7,66,738.99,105.57,45,0.5,20,11,21,3,1,0,1,93.38,0,1,0,0.0,0.0,0.143,1.0,0.0,3.0,1
cust_1690,7,98,1034.79,147.83,62,4.76,25,18,28,2,0,1,4,184.41,1,1,2,171.28,85.64,0.571,0.25,0.016,4.0,1
cust_1691,8,40,544.44,68.06,25,10.73,13,7,14,1,0,1,1,104.37,1,2,0,0.0,0.0,0.125,2.0,0.04,1.75,1
cust_1692,11,124,570.63,51.88,56,3.22,21,7,23,0,0,0,2,553.94,1,0,0,0.0,0.0,0.182,0.0,0.0,2.091,1
cust_1693,9,123,2764.58,307.18,73,5.9,27,14,29,1,0,1,0,0.0,0,0,0,0.0,0.0,0.0,0.0,0.014,3.222,0
cust_1694,3,21,561.88,187.29,13,6.76,7,1,10,2,0,0,0,0.0,2,0,0,0.0,0.0,0.0,0.0,0.0,3.333,0
cust_1695,3,16,520.72,173.57,9,18.41,5,5,6,2,0,1,2,132.24,3,0,1,148.39,148.39,0.667,0.0,0.111,2.0,0
cust_1696,12,108,5038.62,419.89,61,17.09,13,4,13,1,0,0,2,139.05,1,2,0,0.0,0.0,0.167,1.0,0.0,1.083,0
cust_1697,13,189,591.01,45.46,84,0.02,33,8,33,0,1,1,1,70.7,2,0,0,0.0,0.0,0.077,0.0,0.012,2.538,1
cust_1698,2,21,120.17,60.09,11,5.34,2,2,2,1,0,1,1,45.09,0,1,1,92.46,92.46,0.5,1.0,0.091,1.0,0
cust_1699,11,121,4147.2,377.02,53,10.67,16,2,16,1,0,0,1,42.41,1,2,2,308.0,154.0,0.091,2.0,0.0,1.455,1
cust_1700,5,56,753.99,150.8,38,19.13,17,4,17,1,0,0,1,52.03,1,1,0,0.0,0.0,0.2,1.0,0.0,3.4,0
cust_1701,5,22,743.97,148.79,13,0.5,3,3,6,0,0,1,2,36.35,1,1,1,234.6,234.6,0.4,0.5,0.077,1.2,0
cust_1702,5,44,569.36,113.87,18,9.9,3,3,3,1,0,0,0,0.0,1,0,0,0.0,0.0,0.0,0.0,0.0,0.6,0
cust_1703,8,38,1157.75,144.72,20,18.45,9,4,11,0,0,0,1,96.31,0,0,0,0.0,0.0,0.125,0.0,0.0,1.375,0
cust_1704,3,22,542.38,180.79,13,2.94,5,1,7,1,0,1,4,691.99,0,0,0,0.0,0.0,1.333,0.0,0.077,2.333,1
cust_1705,6,78,1748.11,291.35,33,2.3,18,2,21,0,0,1,0,0.0,2,0,0,0.0,0.0,0.0,0.0,0.03,3.5,0
cust_1706,3,33,1037.25,345.75,19,6.31,7,6,7,1,0,1,0,0.0,1,0,1,186.18,186.18,0.0,0.0,0.053,2.333,0
cust_1707,3,44,674.3,224.77,19,32.86,10,6,13,2,0,2,1,92.51,2,1,0,0.0,0.0,0.333,1.0,0.105,4.333,0
cust_1708,10,58,4187.59,418.76,30,11.81,13,3,16,2,0,0,2,223.14,1,1,0,0.0,0.0,0.2,0.5,0.0,1.6,0
cust_1709,7,58,643.41,91.92,34,5.52,12,2,16,0,0,3,1,60.03,1,1,1,257.77,257.77,0.143,1.0,0.088,2.286,0
cust_1710,8,103,2052.21,256.53,52,0.21,23,12,25,1,0,0,3,317.99,1,1,0,0.0,0.0,0.375,0.333,0.0,3.125,1
cust_1711,4,25,718.09,179.52,12,8.14,5,1,6,0,1,1,3,861.57,1,0,1,210.56,210.56,0.75,0.0,0.083,1.5,1
cust_1712,3,17,507.74,169.25,11,4.29,3,2,6,2,0,0,1,95.29,0,1,0,0.0,0.0,0.333,1.0,0.0,2.0,0
cust_1713,1,8,97.71,97.71,3,2.05,1,1,4,3,0,1,3,240.86,0,2,0,0.0,0.0,3.0,0.667,0.333,4.0,1
cust_1714,8,65,1095.78,136.97,38,6.93,17,2,20,1,1,2,2,284.94,1,1,0,0.0,0.0,0.25,0.5,0.053,2.5,1
cust_1715,4,59,431.05,107.76,38,4.18,14,14,14,2,0,0,0,0.0,4,0,0,0.0,0.0,0.0,0.0,0.0,3.5,0
cust_1716,13,117,441.29,33.95,52,0.39,21,16,22,1,0,0,1,72.9,1,2,0,0.0,0.0,0.077,2.0,0.0,1.692,1
cust_1717,6,80,999.3,166.55,33,12.93,19,19,19,1,0,1,3,248.53,2,1,0,0.0,0.0,0.5,0.333,0.03,3.167,1
cust_1718,4,55,1533.55,383.39,35,13.19,7,6,7,1,0,2,0,0.0,0,0,0,0.0,0.0,0.0,0.0,0.057,1.75,0
cust_1719,9,51,860.97,95.66,28,9.65,12,8,13,1,0,1,1,204.83,2,1,0,0.0,0.0,0.111,1.0,0.036,1.444,1
cust_1720,1,11,171.5,171.5,7,18.38,3,2,7,2,0,0,3,334.99,2,0,0,0.0,0.0,3.0,0.0,0.0,7.0,0
cust_1721,4,28,303.01,75.75,12,2.27,3,3,5,0,0,0,3,176.73,0,0,0,0.0,0.0,0.75,0.0,0.0,1.25,0
cust_1722,11,55,2647.19,240.65,35,3.37,9,4,11,1,0,2,2,184.11,0,0,0,0.0,0.0,0.182,0.0,0.057,1.0,0
cust_1723,1,13,297.48,297.48,5,6.14,1,1,3,1,2,4,1,39.92,0,0,0,0.0,0.0,1.0,0.0,0.8,3.0,0
cust_1724,9,64,352.25,39.14,42,0.62,9,6,9,3,0,0,1,159.26,1,1,1,319.64,319.64,0.111,1.0,0.0,1.0,1
cust_1725,4,31,514.41,128.6,20,21.5,8,5,8,0,0,0,1,252.59,0,0,1,128.51,128.51,0.25,0.0,0.0,2.0,0
cust_1726,5,37,555.54,111.11,21,6.75,9,2,9,2,0,0,1,41.11,0,0,0,0.0,0.0,0.2,0.0,0.0,1.8,0
cust_1727,3,18,378.07,126.02,10,3.93,5,1,9,1,0,1,1,93.37,1,3,2,145.29,72.64,0.333,3.0,0.1,3.0,1
cust_1728,12,105,2781.87,231.82,52,6.5,11,8,11,2,0,0,1,210.57,2,1,1,151.78,151.78,0.083,1.0,0.0,0.917,1
cust_1729,2,17,248.76,124.38,7,3.93,2,2,3,1,1,0,3,67.07,2,0,0,0.0,0.0,1.5,0.0,0.0,1.5,0
cust_1730,4,33,1069.7,267.43,17,3.37,8,4,8,2,0,0,0,0.0,1,0,1,190.77,190.77,0.0,0.0,0.0,2.0,0
cust_1731,2,28,67.02,33.51,16,5.94,8,7,8,0,0,0,3,673.58,0,0,2,498.03,249.02,1.5,0.0,0.0,4.0,1
cust_1732,4,30,640.67,160.17,20,6.58,4,3,7,0,0,1,2,440.67,2,1,0,0.0,0.0,0.5,0.5,0.05,1.75,1
cust_1733,8,34,1351.95,168.99,21,5.68,4,2,5,0,0,0,0,0.0,0,0,0,0.0,0.0,0.0,0.0,0.0,0.625,0
cust_1734,11,65,705.46,64.13,34,7.94,17,2,20,1,0,0,1,129.78,1,1,0,0.0,0.0,0.091,1.0,0.0,1.818,1
cust_1735,6,71,2129.7,354.95,44,15.3,11,6,14,0,0,0,2,272.02,2,2,0,0.0,0.0,0.333,1.0,0.0,2.333,1
cust_1736,1,10,115.57,115.57,4,0.59,1,1,1,1,0,0,0,0.0,3,0,0,0.0,0.0,0.0,0.0,0.0,1.0,0
cust_1737,5,72,1050.32,210.06,37,16.69,8,3,12,2,0,2,2,332.46,3,1,2,107.32,53.66,0.4,0.5,0.054,2.4,1
cust_1738,7,81,632.98,90.43,42,2.59,13,1,14,0,0,3,2,86.78,1,1,2,263.83,131.92,0.286,0.5,0.071,2.0,1
cust_1739,17,104,1345.91,79.17,72,2.9,18,15,18,1,1,0,2,163.74,0,0,0,0.0,0.0,0.118,0.0,0.0,1.059,0
cust_1740,2,10,454.95,227.48,5,9.15,2,2,4,0,0,1,0,0.0,0,0,1,31.83,31.83,0.0,0.0,0.2,2.0,0
cust_1741,4,38,339.02,84.75,16,37.16,7,7,9,0,2,1,1,32.09,0,0,0,0.0,0.0,0.25,0.0,0.062,2.25,0
cust_1742,4,45,506.11,126.53,18,0.18,4,4,8,2,1,2,2,223.57,0,1,1,205.99,205.99,0.5,0.5,0.111,2.0,1
cust_1743,5,29,480.56,96.11,17,11.18,3,2,4,1,0,0,0,0.0,1,0,0,0.0,0.0,0.0,0.0,0.0,0.8,0
cust_1744,7,74,1536.44,219.49,36,11.94,13,11,14,0,0,2,1,47.06,1,2,1,168.21,168.21,0.143,2.0,0.056,2.0,1
cust_1745,5,67,547.08,109.42,44,8.52,12,7,15,0,0,2,1,129.79,0,2,0,0.0,0.0,0.2,2.0,0.045,3.0,1
cust_1746,3,36,207.32,69.11,19,0.1,3,1,5,0,0,0,3,101.3,0,0,0,0.0,0.0,1.0,0.0,0.0,1.667,0
cust_1747,3,33,543.44,181.15,16,9.32,4,1,6,4,0,0,1,73.21,1,1,1,53.26,53.26,0.333,1.0,0.0,2.0,0
cust_1748,3,38,998.76,332.92,23,1.22,6,4,8,1,0,0,0,0.0,0,0,1,231.09,231.09,0.0,0.0,0.0,2.667,0
cust_1749,4,20,956.72,239.18,10,0.81,4,2,5,3,1,1,2,73.88,1,0,0,0.0,0.0,0.5,0.0,0.1,1.25,0
cust_1750,6,37,1458.74,243.12,22,11.91,11,4,11,1,0,1,1,146.72,1,2,1,94.84,94.84,0.167,2.0,0.045,1.833,1
cust_1751,9,39,883.82,98.2,23,12.05,6,4,8,3,0,2,0,0.0,0,0,1,178.9,178.9,0.0,0.0,0.087,0.889,0
cust_1752,2,11,323.7,161.85,6,22.06,1,1,3,1,1,0,3,21.25,2,0,0,0.0,0.0,1.5,0.0,0.0,1.5,0
cust_1753,4,56,459.75,114.94,36,0.03,12,1,16,1,0,0,1,286.4,2,0,1,128.73,128.73,0.25,0.0,0.0,4.0,1
cust_1754,2,12,147.09,73.54,7,4.76,1,1,4,0,0,0,1,130.15,1,1,0,0.0,0.0,0.5,1.0,0.0,2.0,0
cust_1755,1,11,183.41,183.41,6,0.12,3,3,7,3,0,1,1,118.69,3,1,2,383.79,191.9,1.0,1.0,0.167,7.0,1
cust_1756,3,34,514.97,171.66,23,4.54,6,5,6,0,0,0,1,33.68,2,0,0,0.0,0.0,0.333,0.0,0.0,2.0,0
cust_1757,1,11,133.11,133.11,4,6.77,0,0,4,1,0,0,3,602.4,1,0,0,0.0,0.0,3.0,0.0,0.0,4.0,1
cust_1758,9,90,2548.3,283.14,61,7.54,25,7,29,1,1,0,1,49.14,0,1,1,141.35,141.35,0.111,1.0,0.0,3.222,1
cust_1759,7,65,370.51,52.93,28,4.4,11,2,13,2,0,1,0,0.0,1,0,1,140.47,140.47,0.0,0.0,0.036,1.857,0
cust_1760,6,51,1222.65,203.78,23,12.92,10,4,12,2,0,1,1,166.95,0,0,0,0.0,0.0,0.167,0.0,0.043,2.0,0
cust_1761,2,28,371.78,185.89,18,5.37,10,2,13,2,0,1,2,202.0,0,3,0,0.0,0.0,1.0,1.5,0.056,6.5,1
cust_1762,3,12,131.25,43.75,6,7.28,1,1,4,1,0,1,2,62.98,1,2,0,0.0,0.0,0.667,1.0,0.167,1.333,0
cust_1763,2,9,364.9,182.45,4,16.1,1,1,5,2,0,0,1,95.63,0,0,0,0.0,0.0,0.5,0.0,0.0,2.5,0
cust_1764,11,103,560.97,51.0,49,1.92,16,7,17,1,0,1,1,171.38,1,1,0,0.0,0.0,0.091,1.0,0.02,1.545,1
cust_1765,3,22,332.44,110.81,10,3.87,4,4,5,3,1,1,1,200.74,0,1,0,0.0,0.0,0.333,1.0,0.1,1.667,0
cust_1766,12,101,1430.93,119.24,43,7.37,18,4,21,0,1,1,2,222.65,0,1,0,0.0,0.0,0.167,0.5,0.023,1.75,1
cust_1767,13,194,1213.25,93.33,89,14.59,36,10,36,2,0,0,1,65.06,1,2,0,0.0,0.0,0.077,2.0,0.0,2.769,1
cust_1768,3,37,270.49,90.16,21,5.54,7,2,10,2,0,0,1,56.81,0,1,0,0.0,0.0,0.333,1.0,0.0,3.333,0
cust_1769,6,81,570.55,95.09,49,0.76,18,3,22,1,0,2,2,428.93,1,1,0,0.0,0.0,0.333,0.5,0.041,3.667,1
cust_1770,3,24,463.66,154.55,14,44.95,7,1,8,1,0,0,1,192.72,0,2,1,150.99,150.99,0.333,2.0,0.0,2.667,0
cust_1771,15,99,3927.65,261.84,50,12.31,22,7,26,4,0,0,0,0.0,1,0,0,0.0,0.0,0.0,0.0,0.0,1.733,0
cust_1772,8,99,1549.42,193.68,66,12.83,32,19,32,2,0,2,1,110.86,1,0,0,0.0,0.0,0.125,0.0,0.03,4.0,0
cust_1773,6,77,1306.61,217.77,38,6.26,11,5,13,2,0,0,2,205.3,4,0,0,0.0,0.0,0.333,0.0,0.0,2.167,1
cust_1774,1,10,320.92,320.92,4,7.92,2,1,5,0,0,1,2,282.16,0,0,0,0.0,0.0,2.0,0.0,0.25,5.0,0
cust_1775,12,166,3433.89,286.16,113,51.24,24,8,26,1,1,2,1,54.94,0,2,0,0.0,0.0,0.083,2.0,0.018,2.167,1
cust_1776,6,87,1283.97,213.99,48,9.04,21,18,22,0,0,1,1,100.89,1,1,0,0.0,0.0,0.167,1.0,0.021,3.667,1
cust_1777,5,45,303.81,60.76,31,2.47,16,4,16,0,0,1,3,73.11,1,0,0,0.0,0.0,0.6,0.0,0.032,3.2,0
cust_1778,7,45,762.6,108.94,23,33.35,12,5,16,1,0,0,2,154.07,1,1,1,167.22,167.22,0.286,0.5,0.0,2.286,0
cust_1779,6,58,246.1,41.02,36,7.72,11,2,14,2,0,1,4,410.3,0,2,1,167.98,167.98,0.667,0.5,0.028,2.333,1
cust_1780,20,297,1164.58,58.23,128,0.21,49,6,50,2,1,0,1,81.19,0,0,1,212.57,212.57,0.05,0.0,0.0,2.5,1
cust_1781,2,14,233.84,116.92,9,8.52,1,1,1,3,0,1,1,75.84,1,0,0,0.0,0.0,0.5,0.0,0.111,0.5,0
cust_1782,4,43,600.93,150.23,19,0.73,9,7,13,1,0,1,3,389.91,0,2,2,451.63,225.82,0.75,0.667,0.053,3.25,1
cust_1783,3,34,790.18,263.39,14,7.5,3,1,7,1,0,0,1,67.5,0,0,0,0.0,0.0,0.333,0.0,0.0,2.333,0
cust_1784,3,19,663.25,221.08,8,17.45,2,1,3,3,0,0,0,0.0,0,0,2,253.47,126.74,0.0,0.0,0.0,1.0,0
cust_1785,7,73,2141.46,305.92,41,7.74,24,13,28,2,0,0,3,613.66,2,3,0,0.0,0.0,0.429,1.0,0.0,4.0,1
cust_1786,4,29,297.37,74.34,14,4.68,7,6,9,3,0,2,0,0.0,2,0,0,0.0,0.0,0.0,0.0,0.143,2.25,0
cust_1787,4,53,1197.43,299.36,36,21.42,11,4,13,2,1,1,1,222.0,1,0,0,0.0,0.0,0.25,0.0,0.028,3.25,0
cust_1788,4,47,762.0,190.5,30,26.25,8,3,8,1,0,2,2,188.29,1,0,0,0.0,0.0,0.5,0.0,0.067,2.0,0
cust_1789,1,13,241.16,241.16,8,4.27,2,2,4,6,0,3,1,77.36,0,0,2,108.72,54.36,1.0,0.0,0.375,4.0,0
cust_1790,5,30,823.22,164.64,19,6.91,9,9,10,1,0,0,0,0.0,1,0,0,0.0,0.0,0.0,0.0,0.0,2.0,0
cust_1791,3,13,565.82,188.61,8,40.7,3,1,3,0,0,2,0,0.0,0,0,1,258.31,258.31,0.0,0.0,0.25,1.0,0
cust_1792,9,120,1329.99,147.78,79,1.96,22,7,25,1,1,0,1,124.84,2,1,1,276.22,276.22,0.111,1.0,0.0,2.778,1
cust_1793,4,33,491.6,122.9,22,3.54,6,4,10,1,0,0,2,226.75,0,0,0,0.0,0.0,0.5,0.0,0.0,2.5,0
cust_1794,2,11,307.61,153.81,7,5.59,2,2,4,0,0,1,3,386.14,2,1,0,0.0,0.0,1.5,0.333,0.143,2.0,1
cust_1795,4,20,733.29,183.32,9,1.06,3,3,6,4,2,0,1,60.36,0,0,1,96.91,96.91,0.25,0.0,0.0,1.5,0
cust_1796,1,9,364.75,364.75,4,3.18,2,1,6,2,0,1,2,26.87,0,2,1,89.03,89.03,2.0,1.0,0.25,6.0,1
cust_1797,7,39,665.37,95.05,23,7.87,4,1,5,2,0,0,4,305.36,1,0,1,80.43,80.43,0.571,0.0,0.0,0.714,0
cust_1798,5,51,483.22,96.64,22,2.59,10,10,13,1,0,1,2,126.71,1,0,1,73.07,73.07,0.4,0.0,0.045,2.6,0
cust_1799,2,24,223.46,111.73,11,11.59,5,1,5,4,0,0,1,61.29,1,1,1,298.39,298.39,0.5,1.0,0.0,2.5,0
cust_1800,3,29,946.8,315.6,18,4.27,8,4,9,0,0,1,3,397.53,1,2,0,0.0,0.0,1.0,0.667,0.056,3.0,1
cust_1801,1,13,264.64,264.64,7,0.94,2,1,4,1,0,0,4,591.56,0,1,0,0.0,0.0,4.0,0.25,0.0,4.0,1
cust_1802,4,22,671.44,167.86,13,14.46,5,5,8,1,0,0,0,0.0,1,0,0,0.0,0.0,0.0,0.0,0.0,2.0,0
cust_1803,2,18,272.68,136.34,12,8.38,6,2,7,0,0,1,0,0.0,0,0,2,71.34,35.67,0.0,0.0,0.083,3.5,0
cust_1804,5,28,385.1,77.02,16,17.42,3,2,4,2,0,1,1,61.9,2,1,0,0.0,0.0,0.2,1.0,0.062,0.8,0
cust_1805,7,95,375.55,53.65,50,4.47,29,15,32,0,0,1,0,0.0,1,0,1,150.75,150.75,0.0,0.0,0.02,4.571,0
cust_1806,4,57,497.9,124.48,27,0.2,6,2,8,1,0,2,3,331.29,0,1,2,268.4,134.2,0.75,0.333,0.074,2.0,1
cust_1807,3,25,217.73,72.58,12,0.48,3,3,4,1,0,0,4,946.35,2,0,0,0.0,0.0,1.333,0.0,0.0,1.333,1
cust_1808,5,36,1279.89,255.98,17,15.87,8,4,11,0,1,1,1,272.8,0,1,1,175.99,175.99,0.2,1.0,0.059,2.2,1
cust_1809,4,28,642.38,160.6,11,5.29,5,5,6,0,1,1,2,225.29,0,2,0,0.0,0.0,0.5,1.0,0.091,1.5,1
cust_1810,6,80,854.34,142.39,38,37.46,8,2,8,2,1,0,2,194.81,2,0,2,150.94,75.47,0.333,0.0,0.0,1.333,0
cust_1811,5,57,330.42,66.08,37,17.74,9,2,12,0,0,1,1,75.21,1,3,0,0.0,0.0,0.2,3.0,0.027,2.4,1
cust_1812,7,95,786.88,112.41,58,0.16,33,4,36,3,0,1,1,135.05,1,1,0,0.0,0.0,0.143,1.0,0.017,5.143,1
cust_1813,4,21,578.49,144.62,12,20.4,3,3,4,0,0,1,1,161.98,0,1,2,141.92,70.96,0.25,1.0,0.083,1.0,1
cust_1814,10,92,3176.76,317.68,61,2.39,12,7,15,1,0,1,1,104.05,1,2,0,0.0,0.0,0.1,2.0,0.016,1.5,1
cust_1815,3,34,449.89,149.96,16,6.66,4,1,4,1,0,3,1,92.46,1,1,1,162.12,162.12,0.333,1.0,0.188,1.333,0
cust_1816,13,180,2566.67,197.44,103,7.05,50,8,52,1,0,1,1,111.58,1,1,1,226.3,226.3,0.077,1.0,0.01,4.0,1
cust_1817,6,49,540.3,90.05,20,0.62,11,1,11,0,1,0,1,53.5,1,0,0,0.0,0.0,0.167,0.0,0.0,1.833,0
cust_1818,7,52,921.85,131.69,34,1.34,8,6,11,1,0,0,1,40.64,0,2,0,0.0,0.0,0.143,2.0,0.0,1.571,1
cust_1819,7,98,414.84,59.26,52,5.5,15,12,18,1,0,0,4,323.44,0,2,0,0.0,0.0,0.571,0.5,0.0,2.571,1
cust_1820,8,36,2288.84,286.1,16,10.29,6,6,7,2,0,0,1,35.2,1,0,1,211.56,211.56,0.125,0.0,0.0,0.875,0
cust_1821,5,46,1248.86,249.77,21,3.07,10,4,14,3,0,0,3,152.71,1,0,0,0.0,0.0,0.6,0.0,0.0,2.8,0
cust_1822,4,36,1432.16,358.04,23,7.47,10,7,14,1,0,2,2,133.17,1,1,1,157.83,157.83,0.5,0.5,0.087,3.5,1
cust_1823,2,11,288.26,144.13,4,4.77,1,1,3,1,0,0,1,109.89,1,1,1,53.07,53.07,0.5,1.0,0.0,1.5,0
cust_1824,4,33,166.5,41.62,22,9.95,4,2,5,1,1,0,1,43.37,0,2,2,225.1,112.55,0.25,2.0,0.0,1.25,1
cust_1825,4,47,541.19,135.3,24,5.52,7,3,7,1,0,0,0,0.0,0,0,0,0.0,0.0,0.0,0.0,0.0,1.75,0
cust_1826,1,8,91.35,91.35,3,19.08,0,0,1,0,0,1,2,297.56,0,3,0,0.0,0.0,2.0,1.5,0.333,1.0,1
cust_1827,5,37,800.76,160.15,18,41.19,3,1,4,2,1,0,1,41.04,1,1,0,0.0,0.0,0.2,1.0,0.0,0.8,0
cust_1828,13,163,1928.46,148.34,85,24.42,50,8,50,0,0,1,4,436.22,1,1,1,107.56,107.56,0.308,0.25,0.012,3.846,1
cust_1829,3,44,372.84,124.28,24,1.85,7,1,8,1,0,2,2,145.77,3,1,1,105.77,105.77,0.667,0.5,0.083,2.667,1
cust_1830,3,37,264.62,88.21,21,6.11,11,11,14,1,0,3,1,54.8,2,0,2,339.26,169.63,0.333,0.0,0.143,4.667,0
cust_1831,9,119,2267.07,251.9,63,6.14,24,16,26,2,0,1,3,566.17,0,1,0,0.0,0.0,0.333,0.333,0.016,2.889,1
cust_1832,8,114,634.35,79.29,60,18.36,35,9,39,1,0,0,2,181.18,0,1,1,352.22,352.22,0.25,0.5,0.0,4.875,1
cust_1833,2,25,327.38,163.69,12,4.42,3,3,3,0,0,0,0,0.0,0,0,0,0.0,0.0,0.0,0.0,0.0,1.5,0
cust_1834,10,147,3404.96,340.5,75,7.98,18,12,22,1,0,0,2,156.38,2,2,1,276.41,276.41,0.2,1.0,0.0,2.2,1
cust_1835,8,97,1937.43,242.18,52,9.4,10,2,13,0,0,0,2,34.57,0,2,1,106.44,106.44,0.25,1.0,0.0,1.625,1
cust_1836,3,33,253.06,84.35,19,1.18,9,4,13,2,0,0,1,132.43,1,0,1,37.15,37.15,0.333,0.0,0.0,4.333,0
cust_1837,4,46,677.93,169.48,20,8.16,6,2,9,1,0,1,1,70.89,0,2,0,0.0,0.0,0.25,2.0,0.05,2.25,0
cust_1838,4,55,229.53,57.38,34,2.83,18,1,22,2,1,0,5,270.0,1,2,0,0.0,0.0,1.25,0.4,0.0,5.5,1
cust_1839,2,23,153.95,76.97,13,2.31,5,2,7,1,0,3,1,93.8,0,0,2,160.04,80.02,0.5,0.0,0.231,3.5,1
cust_1840,2,24,241.1,120.55,11,2.88,4,1,7,0,0,0,2,219.51,0,0,1,154.05,154.05,1.0,0.0,0.0,3.5,0
cust_1841,5,31,644.72,128.94,16,1.05,6,6,6,3,0,0,3,413.86,0,0,1,194.9,194.9,0.6,0.0,0.0,1.2,1
cust_1842,5,70,1167.06,233.41,47,0.72,14,10,14,0,1,1,0,0.0,0,0,1,165.66,165.66,0.0,0.0,0.021,2.8,0
cust_1843,3,26,381.07,127.02,10,10.41,2,2,3,2,0,1,1,83.41,0,0,0,0.0,0.0,0.333,0.0,0.1,1.0,0
cust_1844,5,28,726.33,145.27,18,28.3,6,2,7,1,1,0,2,114.75,1,1,0,0.0,0.0,0.4,0.5,0.0,1.4,0
cust_1845,3,38,682.94,227.65,21,11.65,5,1,7,0,0,1,1,152.3,1,1,0,0.0,0.0,0.333,1.0,0.048,2.333,0
cust_1846,11,87,957.22,87.02,50,3.74,28,11,32,0,0,1,0,0.0,1,0,1,123.33,123.33,0.0,0.0,0.02,2.909,1
cust_1847,4,24,1336.22,334.06,14,4.08,7,4,11,0,1,1,1,87.41,1,0,1,99.06,99.06,0.25,0.0,0.071,2.75,0
cust_1848,3,20,887.36,295.79,10,7.8,4,2,7,1,0,1,2,170.73,0,1,0,0.0,0.0,0.667,0.5,0.1,2.333,0
cust_1849,4,17,621.17,155.29,7,20.12,2,2,4,3,0,1,2,116.57,1,0,1,457.72,457.72,0.5,0.0,0.143,1.0,0
cust_1850,2,9,431.02,215.51,6,2.26,2,1,5,2,0,1,2,192.45,1,1,1,149.6,149.6,1.0,0.5,0.167,2.5,1
cust_1851,3,31,464.96,154.99,19,6.32,7,3,7,2,1,1,1,145.02,0,3,1,131.75,131.75,0.333,3.0,0.053,2.333,1
cust_1852,5,67,683.51,136.7,38,6.91,18,4,18,4,0,0,2,227.98,2,1,0,0.0,0.0,0.4,0.5,0.0,3.6,1
cust_1853,2,17,343.2,171.6,9,26.77,2,1,6,0,1,0,1,72.71,0,2,0,0.0,0.0,0.5,2.0,0.0,3.0,0
cust_1854,1,10,254.14,254.14,5,7.68,2,2,3,4,0,0,3,914.59,4,0,1,158.78,158.78,3.0,0.0,0.0,3.0,1
cust_1855,5,64,1197.61,239.52,41,15.18,21,11,22,0,1,0,4,362.11,1,0,1,104.2,104.2,0.8,0.0,0.0,4.4,1
cust_1856,7,55,660.62,94.37,22,0.92,8,1,8,0,0,0,0,0.0,0,0,1,59.32,59.32,0.0,0.0,0.0,1.143,0
cust_1857,8,89,1130.4,141.3,58,3.96,11,5,14,1,0,0,1,23.9,1,1,0,0.0,0.0,0.125,1.0,0.0,1.75,0
cust_1858,2,15,137.32,68.66,6,9.45,1,1,5,2,0,0,2,150.33,0,1,1,143.17,143.17,1.0,0.5,0.0,2.5,0
cust_1859,6,66,1193.39,198.9,38,11.32,17,15,20,0,1,0,1,130.35,1,0,0,0.0,0.0,0.167,0.0,0.0,3.333,0
cust_1860,1,6,217.02,217.02,2,21.65,1,1,2,2,0,1,0,0.0,3,0,0,0.0,0.0,0.0,0.0,0.5,2.0,0
cust_1861,5,73,946.22,189.24,44,8.93,24,7,26,1,0,0,1,33.67,1,2,0,0.0,0.0,0.2,2.0,0.0,5.2,1
cust_1862,9,43,4896.52,544.06,18,3.42,9,8,10,0,0,1,2,15.79,0,2,0,0.0,0.0,0.222,1.0,0.056,1.111,0
cust_1863,4,38,651.5,162.87,21,7.75,12,3,15,4,0,0,1,136.58,2,0,0,0.0,0.0,0.25,0.0,0.0,3.75,0
cust_1864,4,28,158.25,39.56,18,12.43,5,1,6,1,0,2,2,357.94,2,2,1,151.04,151.04,0.5,1.0,0.111,1.5,1
cust_1865,11,116,1624.92,147.72,63,15.34,12,4,13,0,0,2,0,0.0,0,0,1,133.42,133.42,0.0,0.0,0.032,1.182,0
cust_1866,8,69,661.08,82.64,29,28.93,9,1,10,1,0,2,5,871.52,1,0,1,282.92,282.92,0.625,0.0,0.069,1.25,1
cust_1867,3,22,688.38,229.46,9,2.12,3,3,4,1,0,2,1,58.92,0,0,1,231.81,231.81,0.333,0.0,0.222,1.333,0
cust_1868,3,20,776.08,258.69,11,10.82,3,2,7,1,1,0,0,0.0,1,0,0,0.0,0.0,0.0,0.0,0.0,2.333,0
cust_1869,3,18,375.09,125.03,7,2.24,1,1,1,1,0,1,2,239.68,0,1,0,0.0,0.0,0.667,0.5,0.143,0.333,0
cust_1870,17,214,2505.71,147.39,90,3.83,36,6,37,1,0,0,1,154.34,2,0,0,0.0,0.0,0.059,0.0,0.0,2.176,1
cust_1871,9,57,1580.25,175.58,30,1.54,8,6,9,3,0,0,0,0.0,3,0,1,161.86,161.86,0.0,0.0,0.0,1.0,0
cust_1872,14,175,2405.92,171.85,80,14.83,39,5,43,0,0,1,2,120.31,0,1,0,0.0,0.0,0.143,0.5,0.012,3.071,1
cust_1873,6,56,1555.51,259.25,25,24.53,5,2,9,2,0,1,1,66.83,1,0,1,142.95,142.95,0.167,0.0,0.04,1.5,0
cust_1874,6,28,1006.14,167.69,15,0.3,8,2,10,1,1,1,1,45.06,0,1,1,261.39,261.39,0.167,1.0,0.067,1.667,0
cust_1875,1,5,142.55,142.55,2,16.79,1,1,5,0,1,0,0,0.0,1,0,1,210.62,210.62,0.0,0.0,0.0,5.0,0
cust_1876,10,138,1255.85,125.59,64,2.77,35,19,37,2,0,1,0,0.0,2,0,1,89.51,89.51,0.0,0.0,0.016,3.7,1
cust_1877,1,10,62.6,62.6,5,6.67,2,1,4,4,0,1,1,33.45,0,1,1,216.1,216.1,1.0,1.0,0.2,4.0,0
cust_1878,2,12,158.07,79.03,5,13.79,2,1,3,1,1,1,3,170.25,4,0,1,213.82,213.82,1.5,0.0,0.2,1.5,0
cust_1879,2,23,151.93,75.97,9,7.07,1,1,4,0,0,1,2,295.46,2,0,0,0.0,0.0,1.0,0.0,0.111,2.0,0
cust_1880,3,39,1432.48,477.49,23,2.63,10,5,11,1,0,1,2,364.06,0,2,1,282.9,282.9,0.667,1.0,0.043,3.667,1
cust_1881,8,61,1120.61,140.08,35,23.66,17,2,17,1,0,0,4,716.56,2,0,1,108.52,108.52,0.5,0.0,0.0,2.125,1
cust_1882,3,30,647.32,215.77,13,9.0,3,1,5,1,1,0,1,78.15,0,1,1,139.78,139.78,0.333,1.0,0.0,1.667,0
cust_1883,8,57,1593.46,199.18,32,26.77,14,5,17,0,0,0,2,154.21,2,1,0,0.0,0.0,0.25,0.5,0.0,2.125,0
cust_1884,1,4,42.64,42.64,2,18.75,0,0,4,0,1,1,4,841.51,1,2,1,176.59,176.59,4.0,0.5,0.5,4.0,1
cust_1885,3,25,390.64,130.21,17,20.92,6,3,10,0,0,0,0,0.0,1,0,1,129.85,129.85,0.0,0.0,0.0,3.333,0
cust_1886,1,12,186.97,186.97,6,4.49,1,1,5,1,0,0,0,0.0,1,0,1,226.57,226.57,0.0,0.0,0.0,5.0,0
cust_1887,8,72,275.06,34.38,30,43.67,14,14,17,1,0,1,4,826.43,0,0,1,237.77,237.77,0.5,0.0,0.033,2.125,1
cust_1888,10,84,1301.13,130.11,45,19.13,25,5,29,0,0,0,3,266.88,3,2,1,184.05,184.05,0.3,0.667,0.0,2.9,1
cust_1889,7,56,1584.46,226.35,22,4.12,11,8,15,0,0,0,1,113.42,0,0,0,0.0,0.0,0.143,0.0,0.0,2.143,0
cust_1890,7,63,820.27,117.18,33,22.67,11,4,13,0,0,2,0,0.0,1,0,0,0.0,0.0,0.0,0.0,0.061,1.857,0
cust_1891,8,60,1661.79,207.72,40,14.08,23,16,27,0,0,0,0,0.0,0,0,1,111.69,111.69,0.0,0.0,0.0,3.375,0
cust_1892,12,128,1010.7,84.22,69,12.91,23,6,26,0,0,0,3,306.64,0,0,0,0.0,0.0,0.25,0.0,0.0,2.167,1
cust_1893,3,14,336.81,112.27,7,0.06,2,2,6,1,0,0,3,155.13,0,0,0,0.0,0.0,1.0,0.0,0.0,2.0,0
cust_1894,3,38,647.76,215.92,17,0.23,9,3,10,0,0,1,0,0.0,0,0,0,0.0,0.0,0.0,0.0,0.059,3.333,0
cust_1895,4,23,534.18,133.54,9,11.87,4,2,6,0,0,2,1,187.97,1,0,1,186.61,186.61,0.25,0.0,0.222,1.5,1
cust_1896,6,65,411.32,68.55,45,3.27,22,12,22,1,0,0,0,0.0,3,0,0,0.0,0.0,0.0,0.0,0.0,3.667,1
cust_1897,12,107,2727.37,227.28,53,0.6,12,8,13,1,0,0,0,0.0,2,0,0,0.0,0.0,0.0,0.0,0.0,1.083,0
cust_1898,1,12,171.06,171.06,5,3.37,1,1,1,1,0,0,3,118.97,2,0,1,214.74,214.74,3.0,0.0,0.0,1.0,0
cust_1899,7,91,606.06,86.58,51,18.2,10,1,13,1,0,0,3,182.5,1,0,0,0.0,0.0,0.429,0.0,0.0,1.857,0
cust_1900,7,43,1495.08,213.58,26,6.36,13,10,13,1,0,0,1,82.3,1,1,1,78.9,78.9,0.143,1.0,0.0,1.857,1
cust_1901,4,45,488.01,122.0,21,9.56,6,4,6,0,0,0,1,118.87,0,3,0,0.0,0.0,0.25,3.0,0.0,1.5,1
cust_1902,10,60,2977.94,297.79,33,16.12,8,6,12,0,1,1,0,0.0,0,0,1,344.35,344.35,0.0,0.0,0.03,1.2,0
cust_1903,4,21,1032.02,258.0,10,3.91,2,2,4,3,1,0,1,57.94,2,1,0,0.0,0.0,0.25,1.0,0.0,1.0,0
cust_1904,6,85,889.98,148.33,46,0.11,20,11,20,1,1,0,1,242.05,1,0,0,0.0,0.0,0.167,0.0,0.0,3.333,0
cust_1905,2,11,385.34,192.67,4,3.91,1,1,4,1,0,1,0,0.0,1,0,1,390.08,390.08,0.0,0.0,0.25,2.0,0
cust_1906,5,32,1436.68,287.34,17,31.39,9,4,12,2,0,1,1,37.46,2,0,0,0.0,0.0,0.2,0.0,0.059,2.4,0
cust_1907,6,32,884.11,147.35,13,6.58,4,3,7,1,0,1,2,140.31,1,1,0,0.0,0.0,0.333,0.5,0.077,1.167,1
cust_1908,4,36,162.83,40.71,23,8.44,12,4,16,2,1,0,0,0.0,4,0,0,0.0,0.0,0.0,0.0,0.0,4.0,0
cust_1909,5,70,956.69,191.34,41,14.29,17,6,18,0,0,3,1,323.77,2,0,0,0.0,0.0,0.2,0.0,0.073,3.6,0
cust_1910,2,13,465.24,232.62,8,1.22,3,2,7,1,0,1,2,204.18,3,1,0,0.0,0.0,1.0,0.5,0.125,3.5,1
cust_1911,1,9,237.82,237.82,5,13.24,1,1,5,0,0,0,2,108.31,0,0,1,34.42,34.42,2.0,0.0,0.0,5.0,0
cust_1912,2,17,166.26,83.13,7,3.53,3,2,3,2,0,2,1,25.39,0,0,0,0.0,0.0,0.5,0.0,0.286,1.5,0
cust_1913,3,23,901.04,300.35,12,4.91,2,2,4,2,1,0,1,35.66,2,0,0,0.0,0.0,0.333,0.0,0.0,1.333,0
cust_1914,2,20,981.82,490.91,11,3.14,5,4,8,1,0,3,2,46.4,0,0,1,265.51,265.51,1.0,0.0,0.273,4.0,0
cust_1915,5,50,1175.67,235.13,25,1.67,9,6,11,0,1,2,0,0.0,0,0,1,133.0,133.0,0.0,0.0,0.08,2.2,0
cust_1916,2,15,241.81,120.9,8,4.49,2,2,3,3,0,0,1,76.84,0,1,0,0.0,0.0,0.5,1.0,0.0,1.5,0
cust_1917,8,106,1424.83,178.1,47,0.99,18,18,20,2,0,2,1,54.17,1,1,0,0.0,0.0,0.125,1.0,0.043,2.5,1
cust_1918,8,36,1661.25,207.66,22,18.63,11,5,13,3,0,1,2,164.99,0,3,0,0.0,0.0,0.25,1.5,0.045,1.625,1
cust_1919,2,9,441.6,220.8,6,3.65,1,1,2,0,0,0,3,232.18,0,1,2,76.02,38.01,1.5,0.333,0.0,1.0,0
cust_1920,3,44,490.09,163.36,21,10.6,5,4,6,0,0,1,2,188.01,1,2,0,0.0,0.0,0.667,1.0,0.048,2.0,0
cust_1921,8,97,594.69,74.34,61,3.52,25,5,28,4,1,3,0,0.0,3,0,1,58.58,58.58,0.0,0.0,0.049,3.5,1
cust_1922,1,12,217.93,217.93,5,2.37,2,1,5,1,0,0,2,93.01,1,0,2,170.18,85.09,2.0,0.0,0.0,5.0,0
cust_1923,9,95,880.29,97.81,45,12.51,16,3,17,1,0,2,0,0.0,0,0,0,0.0,0.0,0.0,0.0,0.044,1.889,0
cust_1924,5,43,600.91,120.18,23,9.78,7,6,8,0,2,1,0,0.0,0,0,0,0.0,0.0,0.0,0.0,0.043,1.6,0
cust_1925,1,10,86.96,86.96,5,2.46,1,1,5,1,0,0,1,62.62,2,1,1,248.33,248.33,1.0,1.0,0.0,5.0,1
cust_1926,7,35,489.43,69.92,20,9.47,4,3,7,2,1,0,1,110.86,1,1,1,216.58,216.58,0.143,1.0,0.0,1.0,0
cust_1927,3,37,351.98,117.33,21,0.05,4,4,7,0,0,1,0,0.0,0,0,0,0.0,0.0,0.0,0.0,0.048,2.333,0
cust_1928,3,29,517.67,172.56,12,1.95,6,5,10,0,0,0,2,302.43,0,2,0,0.0,0.0,0.667,1.0,0.0,3.333,1
cust_1929,3,43,314.98,104.99,18,13.01,4,4,8,3,0,0,0,0.0,1,0,0,0.0,0.0,0.0,0.0,0.0,2.667,0
cust_1930,3,33,253.87,84.62,13,5.28,4,3,7,3,0,0,3,408.08,0,2,1,165.83,165.83,1.0,0.667,0.0,2.333,1
cust_1931,5,28,724.13,144.83,19,2.28,11,3,15,2,0,0,0,0.0,0,0,1,187.51,187.51,0.0,0.0,0.0,3.0,0
cust_1932,4,37,181.46,45.37,21,7.05,11,6,14,0,0,1,1,32.95,0,0,0,0.0,0.0,0.25,0.0,0.048,3.5,0
cust_1933,6,27,177.78,29.63,17,6.26,3,2,3,2,0,0,1,59.47,1,0,0,0.0,0.0,0.167,0.0,0.0,0.5,0
cust_1934,2,24,486.49,243.25,13,10.05,5,4,8,1,0,1,4,339.96,0,1,0,0.0,0.0,2.0,0.25,0.077,4.0,1
cust_1935,3,28,184.72,61.57,12,0.75,5,5,9,1,0,2,1,62.46,1,0,0,0.0,0.0,0.333,0.0,0.167,3.0,0
cust_1936,1,8,153.02,153.02,4,17.11,0,0,1,0,0,0,2,228.79,3,1,0,0.0,0.0,2.0,0.5,0.0,1.0,0
cust_1937,3,43,735.08,245.03,23,0.6,11,6,13,2,0,0,1,85.65,1,0,1,163.64,163.64,0.333,0.0,0.0,4.333,0
cust_1938,9,129,1394.92,154.99,67,6.05,39,13,41,0,0,1,1,199.98,0,1,0,0.0,0.0,0.111,1.0,0.015,4.556,1
cust_1939,8,115,717.84,89.73,58,12.4,21,8,23,0,0,1,1,9.42,2,1,0,0.0,0.0,0.125,1.0,0.017,2.875,1
cust_1940,11,70,1617.51,147.05,41,4.23,15,1,17,0,1,0,1,135.69,2,0,3,412.77,137.59,0.091,0.0,0.0,1.545,1
cust_1941,3,36,289.92,96.64,21,24.09,9,2,10,2,0,0,3,59.23,0,1,1,108.96,108.96,1.0,0.333,0.0,3.333,0
cust_1942,3,43,342.32,114.11,19,14.07,9,6,11,1,1,4,1,74.43,1,2,1,91.62,91.62,0.333,2.0,0.211,3.667,1
cust_1943,2,20,105.11,52.55,12,5.55,6,6,6,4,2,0,0,0.0,1,0,0,0.0,0.0,0.0,0.0,0.0,3.0,0
cust_1944,2,12,60.41,30.2,7,2.03,1,1,5,1,0,1,3,254.89,0,2,0,0.0,0.0,1.5,0.667,0.143,2.5,1
cust_1945,3,38,327.43,109.14,21,0.44,10,7,13,1,0,0,1,99.21,1,2,0,0.0,0.0,0.333,2.0,0.0,4.333,1
cust_1946,1,13,66.68,66.68,8,16.18,4,1,5,2,1,0,1,18.97,0,0,0,0.0,0.0,1.0,0.0,0.0,5.0,0
cust_1947,6,70,1139.97,190.0,31,2.16,6,6,8,1,0,0,2,67.46,0,1,0,0.0,0.0,0.333,0.5,0.0,1.333,0
cust_1948,3,21,428.45,142.82,14,3.14,3,3,5,1,0,0,4,360.02,1,0,0,0.0,0.0,1.333,0.0,0.0,1.667,1
cust_1949,1,6,114.36,114.36,2,0.1,0,0,2,2,0,0,1,120.11,0,0,1,134.74,134.74,1.0,0.0,0.0,2.0,0
cust_1950,5,54,1766.45,353.29,25,0.18,9,4,13,2,0,0,2,285.93,1,0,0,0.0,0.0,0.4,0.0,0.0,2.6,0
cust_1951,5,46,853.02,170.6,29,2.62,17,17,18,2,0,1,2,521.02,0,2,0,0.0,0.0,0.4,1.0,0.034,3.6,1
cust_1952,6,68,948.65,158.11,34,20.63,10,3,10,0,0,0,3,199.73,1,0,0,0.0,0.0,0.5,0.0,0.0,1.667,0
cust_1953,4,20,1173.55,293.39,12,15.18,5,5,8,2,0,0,6,803.22,2,0,2,489.78,244.89,1.5,0.0,0.0,2.0,1
cust_1954,8,43,633.9,79.24,21,14.69,8,1,8,0,0,0,1,187.62,3,0,2,183.33,91.66,0.125,0.0,0.0,1.0,0
cust_1955,3,23,309.74,103.25,12,17.55,4,2,4,3,0,0,2,271.86,0,0,0,0.0,0.0,0.667,0.0,0.0,1.333,0
cust_1956,9,61,660.16,73.35,28,2.07,12,12,14,0,0,1,1,123.2,4,1,0,0.0,0.0,0.111,1.0,0.036,1.556,1
cust_1957,7,75,988.2,141.17,46,38.66,19,6,20,2,0,1,0,0.0,0,0,0,0.0,0.0,0.0,0.0,0.022,2.857,0
cust_1958,2,16,825.25,412.62,7,2.64,1,1,3,0,0,0,5,223.37,0,2,0,0.0,0.0,2.5,0.4,0.0,1.5,1
cust_1959,6,69,623.87,103.98,46,1.62,24,18,27,1,0,0,1,154.57,0,1,0,0.0,0.0,0.167,1.0,0.0,4.5,1
cust_1960,5,62,659.18,131.84,31,3.49,8,8,9,2,0,0,3,749.62,2,0,0,0.0,0.0,0.6,0.0,0.0,1.8,1
cust_1961,5,30,305.89,61.18,16,7.56,4,2,4,0,0,0,1,130.43,1,1,0,0.0,0.0,0.2,1.0,0.0,0.8,0
cust_1962,8,112,1969.0,246.13,45,1.33,20,12,22,1,0,0,0,0.0,2,0,0,0.0,0.0,0.0,0.0,0.0,2.75,0
cust_1963,14,177,4554.87,325.35,122,13.42,47,5,47,0,0,0,1,82.41,0,0,1,108.63,108.63,0.071,0.0,0.0,3.357,1
cust_1964,4,43,421.28,105.32,27,4.64,11,10,14,2,0,0,3,189.85,1,0,2,369.09,184.54,0.75,0.0,0.0,3.5,1
cust_1965,2,27,974.93,487.46,14,8.4,5,5,9,0,0,0,2,295.74,0,1,0,0.0,0.0,1.0,0.5,0.0,4.5,0
cust_1966,4,27,173.33,43.33,18,13.25,6,2,9,2,0,0,4,438.53,1,0,1,66.71,66.71,1.0,0.0,0.0,2.25,0
cust_1967,2,17,248.7,124.35,11,23.22,4,2,5,0,0,0,1,31.76,1,0,0,0.0,0.0,0.5,0.0,0.0,2.5,0
cust_1968,4,19,414.77,103.69,10,17.11,2,1,6,0,0,1,1,97.9,1,0,1,227.98,227.98,0.25,0.0,0.1,1.5,0
cust_1969,3,27,443.3,147.77,12,7.71,7,1,7,1,0,0,1,34.26,0,0,0,0.0,0.0,0.333,0.0,0.0,2.333,0
cust_1970,8,76,1775.99,222.0,41,47.3,17,13,21,1,1,2,0,0.0,0,0,0,0.0,0.0,0.0,0.0,0.049,2.625,0
cust_1971,13,140,4079.63,313.82,69,7.54,21,7,23,1,0,1,2,141.81,0,0,0,0.0,0.0,0.154,0.0,0.014,1.769,1
cust_1972,3,14,282.21,94.07,7,7.68,3,2,3,1,1,0,1,146.97,2,1,0,0.0,0.0,0.333,1.0,0.0,1.0,0
cust_1973,2,8,346.64,173.32,5,1.73,2,2,6,0,0,0,2,491.58,0,1,0,0.0,0.0,1.0,0.5,0.0,3.0,1
cust_1974,5,43,799.22,159.84,20,1.61,6,2,9,3,1,1,2,202.45,1,0,0,0.0,0.0,0.4,0.0,0.05,1.8,0
cust_1975,2,12,478.99,239.49,7,1.85,2,2,6,1,1,1,1,45.25,1,2,0,0.0,0.0,0.5,2.0,0.143,3.0,1
cust_1976,2,24,224.59,112.3,16,8.96,6,1,7,1,0,1,0,0.0,1,0,2,324.44,162.22,0.0,0.0,0.062,3.5,0
cust_1977,4,45,363.15,90.79,28,5.36,8,8,8,4,0,2,1,79.33,1,1,0,0.0,0.0,0.25,1.0,0.071,2.0,0
cust_1978,16,121,1578.18,98.64,67,4.88,35,5,39,2,0,1,1,94.42,0,0,1,159.79,159.79,0.062,0.0,0.015,2.438,1
cust_1979,8,36,1640.93,205.12,20,1.36,8,2,8,0,1,0,2,156.72,0,0,0,0.0,0.0,0.25,0.0,0.0,1.0,0
cust_1980,2,12,101.13,50.57,7,4.8,1,1,4,1,1,0,1,85.33,0,3,0,0.0,0.0,0.5,3.0,0.0,2.0,0
cust_1981,6,69,606.22,101.04,28,4.75,16,7,17,1,0,2,2,72.71,1,0,0,0.0,0.0,0.333,0.0,0.071,2.833,0
cust_1982,11,163,1469.34,133.58,101,9.7,43,19,43,1,0,0,0,0.0,0,0,0,0.0,0.0,0.0,0.0,0.0,3.909,0
cust_1983,4,30,681.49,170.37,16,4.92,8,1,9,0,1,1,2,134.23,1,1,0,0.0,0.0,0.5,0.5,0.062,2.25,1
cust_1984,8,102,1329.91,166.24,52,5.43,20,2,23,0,0,1,3,378.65,0,1,0,0.0,0.0,0.375,0.333,0.019,2.875,1
cust_1985,1,13,75.31,75.31,8,3.18,3,1,3,2,0,0,1,55.98,0,2,0,0.0,0.0,1.0,2.0,0.0,3.0,0
cust_1986,2,9,120.58,60.29,4,1.41,1,1,4,2,0,0,0,0.0,2,0,0,0.0,0.0,0.0,0.0,0.0,2.0,0
cust_1987,13,183,2340.07,180.01,122,3.57,45,9,48,0,0,0,1,127.17,1,1,0,0.0,0.0,0.077,1.0,0.0,3.692,1
cust_1988,2,18,190.45,95.22,10,0.44,2,1,3,1,0,1,2,375.14,1,1,1,85.99,85.99,1.0,0.5,0.1,1.5,1
cust_1989,7,102,923.32,131.9,59,2.28,34,13,37,0,0,0,1,90.84,0,2,0,0.0,0.0,0.143,2.0,0.0,5.286,1
cust_1990,6,59,488.03,81.34,32,3.93,8,1,11,0,0,1,1,228.12,2,1,0,0.0,0.0,0.167,1.0,0.031,1.833,1
cust_1991,18,118,1448.03,80.45,54,1.57,22,15,26,1,1,1,1,108.58,2,0,0,0.0,0.0,0.056,0.0,0.019,1.444,1
cust_1992,5,73,964.25,192.85,42,10.94,9,2,9,3,0,0,3,119.03,2,2,1,139.51,139.51,0.6,0.667,0.0,1.8,1
cust_1993,2,13,304.07,152.03,8,3.3,4,1,7,0,0,3,2,124.47,0,1,1,176.17,176.17,1.0,0.5,0.375,3.5,1
cust_1994,2,27,240.77,120.39,10,9.56,4,1,6,0,1,3,1,269.88,0,1,0,0.0,0.0,0.5,1.0,0.3,3.0,1
cust_1995,6,35,833.89,138.98,17,10.33,8,1,10,0,0,0,1,87.37,0,0,3,860.55,286.85,0.167,0.0,0.0,1.667,0
cust_1996,9,102,936.36,104.04,66,5.93,28,11,32,0,0,1,0,0.0,1,0,0,0.0,0.0,0.0,0.0,0.015,3.556,0
cust_1997,2,17,288.06,144.03,10,5.96,5,5,8,1,0,1,0,0.0,0,0,0,0.0,0.0,0.0,0.0,0.1,4.0,0
cust_1998,6,88,706.86,117.81,51,8.71,21,16,25,1,0,1,1,265.01,2,1,0,0.0,0.0,0.167,1.0,0.02,4.167,1
cust_1999,5,30,1586.49,317.3,14,3.04,5,5,7,1,0,0,1,107.87,0,0,0,0.0,0.0,0.2,0.0,0.0,1.4,0
cust_2000,5,42,502.68,100.54,24,0.21,9,3,9,0,0,3,2,27.56,1,2,0,0.0,0.0,0.4,1.0,0.125,1.8,1
cust_2001,6,66,512.41,85.4,41,10.36,8,6,11,2,0,0,1,10.43,5,0,0,0.0,0.0,0.167,0.0,0.0,1.833,0
cust_2002,1,14,257.52,257.52,7,9.38,2,1,6,0,0,0,1,192.28,0,3,0,0.0,0.0,1.0,3.0,0.0,6.0,1
cust_2003,11,80,1342.88,122.08,36,6.47,20,10,20,3,0,0,2,179.08,0,2,0,0.0,0.0,0.182,1.0,0.0,1.818,1
cust_2004,2,16,539.44,269.72,6,20.86,2,2,6,1,0,0,3,370.94,1,1,0,0.0,0.0,1.5,0.333,0.0,3.0,0
cust_2005,3,27,586.8,195.6,14,7.11,7,7,7,0,1,0,1,247.31,0,1,5,1428.64,285.73,0.333,1.0,0.0,2.333,1
cust_2006,8,54,634.48,79.31,32,3.62,8,2,8,1,0,0,6,1100.11,1,1,0,0.0,0.0,0.75,0.167,0.0,1.0,1
cust_2007,10,129,1468.34,146.83,57,12.5,22,3,26,3,0,0,0,0.0,2,0,0,0.0,0.0,0.0,0.0,0.0,2.6,0
cust_2008,2,10,132.67,66.34,5,32.81,1,1,3,0,0,0,1,95.7,2,2,0,0.0,0.0,0.5,2.0,0.0,1.5,0
cust_2009,8,94,2428.61,303.58,53,13.35,24,14,28,2,0,2,1,106.71,0,0,1,130.09,130.09,0.125,0.0,0.038,3.5,1
cust_2010,2,19,169.89,84.95,8,23.95,4,3,5,2,0,0,1,180.07,0,2,2,638.82,319.41,0.5,2.0,0.0,2.5,0
cust_2011,3,19,84.2,28.07,9,1.2,4,1,7,1,2,0,2,344.55,0,0,0,0.0,0.0,0.667,0.0,0.0,2.333,0
cust_2012,6,56,439.17,73.19,32,1.29,7,7,9,4,0,0,2,415.57,2,1,0,0.0,0.0,0.333,0.5,0.0,1.5,1
cust_2013,3,39,1023.75,341.25,24,1.68,7,6,9,2,0,1,3,345.92,2,0,0,0.0,0.0,1.0,0.0,0.042,3.0,1
cust_2014,3,26,525.61,175.2,15,12.14,6,2,10,1,0,0,1,78.23,0,1,0,0.0,0.0,0.333,1.0,0.0,3.333,0
cust_2015,6,32,878.28,146.38,19,4.94,9,7,12,0,0,0,2,77.06,1,2,1,169.04,169.04,0.333,1.0,0.0,2.0,1
cust_2016,2,8,93.44,46.72,4,6.5,1,1,2,0,0,2,3,482.96,0,0,0,0.0,0.0,1.5,0.0,0.5,1.0,0
cust_2017,4,50,1425.88,356.47,32,3.04,11,10,15,0,0,0,3,135.69,0,2,1,37.52,37.52,0.75,0.667,0.0,3.75,1
cust_2018,1,7,280.55,280.55,4,13.32,1,1,4,4,0,3,1,47.37,1,1,1,285.77,285.77,1.0,1.0,0.75,4.0,0
cust_2019,3,42,218.3,72.77,26,18.67,5,2,9,0,1,1,2,27.63,2,2,3,357.07,119.02,0.667,1.0,0.038,3.0,1
cust_2020,2,21,89.49,44.75,12,1.75,5,2,8,3,0,1,2,185.49,1,2,0,0.0,0.0,1.0,1.0,0.083,4.0,1
cust_2021,12,105,2587.74,215.64,73,2.14,34,1,36,0,0,0,0,0.0,2,0,1,186.92,186.92,0.0,0.0,0.0,3.0,1
cust_2022,9,91,2197.92,244.21,37,4.15,11,3,15,1,0,2,0,0.0,2,0,0,0.0,0.0,0.0,0.0,0.054,1.667,1
cust_2023,7,63,1259.74,179.96,28,3.29,13,9,14,1,0,0,0,0.0,1,0,2,229.85,114.92,0.0,0.0,0.0,2.0,0
cust_2024,7,97,1947.25,278.18,62,7.58,18,10,21,0,0,1,1,100.79,1,1,1,193.83,193.83,0.143,1.0,0.016,3.0,1
cust_2025,3,27,490.28,163.43,17,13.97,8,5,9,0,0,0,0,0.0,1,0,1,198.22,198.22,0.0,0.0,0.0,3.0,0
cust_2026,6,30,571.15,95.19,19,15.76,7,5,8,1,0,0,2,502.72,0,0,0,0.0,0.0,0.333,0.0,0.0,1.333,1
cust_2027,8,84,2334.7,291.84,55,2.34,30,5,34,1,0,1,1,64.88,0,0,0,0.0,0.0,0.125,0.0,0.018,4.25,0
cust_2028,3,32,278.11,92.7,16,1.93,6,2,9,1,0,0,1,86.7,2,2,0,0.0,0.0,0.333,2.0,0.0,3.0,1
cust_2029,2,24,280.14,140.07,16,4.52,4,2,4,1,0,2,2,206.55,1,1,0,0.0,0.0,1.0,0.5,0.125,2.0,0
cust_2030,7,99,1240.63,177.23,45,1.6,23,4,24,0,0,2,0,0.0,1,0,0,0.0,0.0,0.0,0.0,0.044,3.429,0
cust_2031,2,17,266.26,133.13,11,0.96,5,4,8,1,0,0,2,189.31,2,1,0,0.0,0.0,1.0,0.5,0.0,4.0,0
cust_2032,5,39,1554.87,310.97,22,2.78,5,3,7,4,0,0,1,85.12,0,0,0,0.0,0.0,0.2,0.0,0.0,1.4,0
cust_2033,7,65,1849.44,264.21,29,5.01,6,2,7,0,0,0,0,0.0,2,0,1,80.17,80.17,0.0,0.0,0.0,1.0,0
cust_2034,3,41,287.57,95.86,25,8.86,6,2,7,0,1,3,2,322.36,0,0,0,0.0,0.0,0.667,0.0,0.12,2.333,0
cust_2035,10,147,3097.91,309.79,71,12.85,38,7,39,0,0,0,1,10.22,0,0,0,0.0,0.0,0.1,0.0,0.0,3.9,0
cust_2036,3,44,135.54,45.18,20,2.52,6,4,8,0,0,0,1,33.85,1,0,0,0.0,0.0,0.333,0.0,0.0,2.667,0
cust_2037,1,6,43.88,43.88,2,17.07,0,0,2,2,0,2,2,80.92,0,2,0,0.0,0.0,2.0,1.0,1.0,2.0,0
cust_2038,5,47,2764.6,552.92,19,0.34,8,6,12,1,0,1,1,179.07,2,1,0,0.0,0.0,0.2,1.0,0.053,2.4,1
cust_2039,7,47,1848.46,264.07,29,5.87,14,14,14,3,1,0,3,121.36,1,0,0,0.0,0.0,0.429,0.0,0.0,2.0,0
cust_2040,1,8,69.56,69.56,4,10.03,2,1,6,2,0,0,1,38.02,1,0,0,0.0,0.0,1.0,0.0,0.0,6.0,0
cust_2041,9,39,1091.96,121.33,27,3.44,10,7,10,2,0,0,1,112.4,1,0,2,180.56,90.28,0.111,0.0,0.0,1.111,0
cust_2042,8,46,971.06,121.38,24,11.51,8,3,9,1,1,0,1,20.6,1,0,1,251.84,251.84,0.125,0.0,0.0,1.125,0
cust_2043,1,8,238.58,238.58,5,20.18,1,1,4,0,0,0,1,81.9,1,0,0,0.0,0.0,1.0,0.0,0.0,4.0,0
cust_2044,2,16,409.96,204.98,11,0.94,4,3,5,0,2,1,1,20.86,1,2,0,0.0,0.0,0.5,2.0,0.091,2.5,0
cust_2045,13,91,3880.75,298.52,37,7.19,15,9,17,0,0,0,0,0.0,0,0,0,0.0,0.0,0.0,0.0,0.0,1.308,0
cust_2046,4,26,362.42,90.61,11,0.19,3,1,3,4,0,0,3,332.79,1,0,0,0.0,0.0,0.75,0.0,0.0,0.75,0
cust_2047,5,61,1243.47,248.69,30,3.28,11,6,12,1,0,3,1,25.14,0,1,0,0.0,0.0,0.2,1.0,0.1,2.4,1
cust_2048,3,21,252.99,84.33,13,1.47,6,2,6,2,0,0,1,83.23,0,0,1,301.8,301.8,0.333,0.0,0.0,2.0,0
cust_2049,3,35,536.58,178.86,22,9.79,9,6,13,0,0,0,0,0.0,1,0,0,0.0,0.0,0.0,0.0,0.0,4.333,0
cust_2050,1,8,179.41,179.41,4,2.86,1,1,3,1,0,1,3,313.6,1,1,1,187.89,187.89,3.0,0.333,0.25,3.0,1
cust_2051,7,89,930.86,132.98,40,3.32,12,7,14,1,0,0,3,155.87,1,2,1,160.84,160.84,0.429,0.667,0.0,2.0,1
cust_2052,8,46,671.5,83.94,29,2.3,13,3,16,1,0,0,3,153.2,1,1,0,0.0,0.0,0.375,0.333,0.0,2.0,0
cust_2053,2,11,381.34,190.67,6,2.79,2,1,3,1,0,0,2,142.75,0,1,3,471.17,157.06,1.0,0.5,0.0,1.5,1
cust_2054,8,91,1961.77,245.22,37,2.55,14,1,16,1,0,0,1,68.38,1,1,1,155.6,155.6,0.125,1.0,0.0,2.0,0
cust_2055,3,42,1366.81,455.6,26,11.97,7,1,10,0,0,0,7,525.81,1,0,1,100.85,100.85,2.333,0.0,0.0,3.333,1
cust_2056,14,78,1918.1,137.01,53,31.19,14,7,16,1,0,0,0,0.0,1,0,0,0.0,0.0,0.0,0.0,0.0,1.143,0
cust_2057,2,9,247.56,123.78,3,6.74,1,1,5,1,0,2,3,400.74,1,1,0,0.0,0.0,1.5,0.333,0.667,2.5,1
cust_2058,4,57,1207.41,301.85,27,9.17,15,11,16,1,1,0,2,191.91,0,0,0,0.0,0.0,0.5,0.0,0.0,4.0,0
cust_2059,10,52,2907.64,290.76,33,17.04,16,12,17,1,0,0,0,0.0,1,0,0,0.0,0.0,0.0,0.0,0.0,1.7,0
cust_2060,11,74,598.47,54.41,42,6.46,23,10,23,1,0,1,0,0.0,0,0,1,244.62,244.62,0.0,0.0,0.024,2.091,1
cust_2061,10,142,2508.24,250.82,98,3.6,52,2,55,1,1,2,1,38.76,1,1,2,333.36,166.68,0.1,1.0,0.02,5.5,1
cust_2062,6,76,1393.76,232.29,51,30.15,19,7,23,1,0,0,2,286.46,1,1,0,0.0,0.0,0.333,0.5,0.0,3.833,1
cust_2063,1,7,129.33,129.33,3,23.66,1,1,1,2,0,0,1,214.65,0,2,1,79.99,79.99,1.0,2.0,0.0,1.0,0
cust_2064,2,28,327.46,163.73,16,2.49,4,3,8,2,1,1,1,123.86,0,1,0,0.0,0.0,0.5,1.0,0.062,4.0,0
cust_2065,12,122,685.38,57.12,72,12.14,35,1,35,0,0,0,0,0.0,3,0,0,0.0,0.0,0.0,0.0,0.0,2.917,1
cust_2066,4,19,981.86,245.47,8,10.42,2,1,2,2,0,0,1,147.53,0,1,0,0.0,0.0,0.25,1.0,0.0,0.5,0
cust_2067,6,70,1303.95,217.33,29,10.49,7,2,8,2,2,1,1,24.66,1,1,0,0.0,0.0,0.167,1.0,0.034,1.333,1
cust_2068,4,39,1261.55,315.39,22,17.76,5,2,9,1,2,1,1,160.43,1,1,0,0.0,0.0,0.25,1.0,0.045,2.25,0
cust_2069,3,30,271.37,90.46,15,11.21,7,5,10,1,0,2,1,132.1,1,0,0,0.0,0.0,0.333,0.0,0.133,3.333,1
cust_2070,4,59,400.88,100.22,33,7.3,12,3,15,0,0,1,2,212.58,0,0,0,0.0,0.0,0.5,0.0,0.03,3.75,0
cust_2071,7,39,938.36,134.05,18,18.71,3,1,3,1,0,1,1,69.7,0,1,0,0.0,0.0,0.143,1.0,0.056,0.429,0
cust_2072,7,78,347.17,49.6,44,3.08,23,10,23,0,0,2,1,34.52,0,0,0,0.0,0.0,0.143,0.0,0.045,3.286,0
cust_2073,3,27,342.57,114.19,13,11.37,5,5,9,1,1,1,1,168.56,2,2,1,68.03,68.03,0.333,2.0,0.077,3.0,1
cust_2074,12,83,3552.86,296.07,55,12.09,11,2,12,2,0,0,1,140.37,0,1,0,0.0,0.0,0.083,1.0,0.0,1.0,0
cust_2075,2,23,375.11,187.56,11,20.43,3,2,4,1,0,1,1,116.38,0,1,1,354.86,354.86,0.5,1.0,0.091,2.0,0
cust_2076,4,45,203.68,50.92,29,63.82,14,4,18,0,0,2,2,208.13,2,3,0,0.0,0.0,0.5,1.5,0.069,4.5,1
cust_2077,4,53,374.26,93.56,27,8.15,6,6,10,2,0,2,2,191.78,1,1,0,0.0,0.0,0.5,0.5,0.074,2.5,1
cust_2078,16,218,1430.01,89.38,125,6.62,61,19,62,2,0,1,0,0.0,2,0,1,176.29,176.29,0.0,0.0,0.008,3.875,1
cust_2079,6,61,2133.32,355.55,29,9.18,11,4,11,2,0,2,0,0.0,0,0,0,0.0,0.0,0.0,0.0,0.069,1.833,0
cust_2080,10,75,2037.83,203.78,48,10.75,24,7,25,0,0,0,1,174.99,1,1,1,95.71,95.71,0.1,1.0,0.0,2.5,1
cust_2081,1,9,296.41,296.41,5,12.48,2,1,4,1,0,1,0,0.0,0,0,1,195.78,195.78,0.0,0.0,0.2,4.0,0
cust_2082,1,7,41.61,41.61,4,3.3,2,1,4,0,0,1,2,109.05,2,0,0,0.0,0.0,2.0,0.0,0.25,4.0,0
cust_2083,5,35,695.77,139.15,20,6.68,4,1,8,0,1,0,2,306.28,0,0,1,167.03,167.03,0.4,0.0,0.0,1.6,0
cust_2084,2,20,177.87,88.94,9,4.63,3,2,5,0,1,1,0,0.0,1,0,0,0.0,0.0,0.0,0.0,0.111,2.5,0
cust_2085,3,33,297.81,99.27,19,0.4,6,3,9,0,0,2,1,140.69,0,0,0,0.0,0.0,0.333,0.0,0.105,3.0,0
cust_2086,11,115,1305.91,118.72,79,9.4,31,2,33,1,1,2,2,533.51,1,1,1,163.69,163.69,0.182,0.5,0.025,3.0,1
cust_2087,17,246,2150.06,126.47,146,20.78,85,8,86,3,0,0,4,424.93,1,0,0,0.0,0.0,0.235,0.0,0.0,5.059,1
cust_2088,5,36,572.42,114.48,24,25.44,5,3,7,0,0,3,4,634.07,1,1,2,116.87,58.44,0.8,0.25,0.125,1.4,1
cust_2089,2,16,118.37,59.18,7,7.29,3,3,3,0,0,2,3,212.9,0,2,0,0.0,0.0,1.5,0.667,0.286,1.5,1
cust_2090,2,22,720.34,360.17,14,14.52,8,5,12,1,0,2,1,128.5,0,0,0,0.0,0.0,0.5,0.0,0.143,6.0,0
cust_2091,7,74,1081.03,154.43,45,12.46,26,19,26,1,0,2,1,132.2,0,1,0,0.0,0.0,0.143,1.0,0.044,3.714,1
cust_2092,7,28,2989.73,427.1,18,2.6,9,6,11,3,0,3,2,108.85,0,1,1,254.51,254.51,0.286,0.5,0.167,1.571,1
cust_2093,1,7,284.32,284.32,4,0.65,1,1,1,1,0,0,2,132.13,0,0,0,0.0,0.0,2.0,0.0,0.0,1.0,0
cust_2094,2,13,202.58,101.29,7,13.78,1,1,4,3,0,0,1,95.25,1,0,0,0.0,0.0,0.5,0.0,0.0,2.0,0
cust_2095,4,52,1133.57,283.39,31,3.32,13,11,13,0,0,1,2,402.87,4,2,2,293.8,146.9,0.5,1.0,0.032,3.25,1
cust_2096,8,108,518.86,64.86,73,7.97,32,17,35,1,0,0,0,0.0,1,0,1,109.45,109.45,0.0,0.0,0.0,4.375,0
cust_2097,6,42,611.87,101.98,22,7.42,7,4,8,2,0,1,3,322.57,0,1,0,0.0,0.0,0.5,0.333,0.045,1.333,1
cust_2098,5,25,610.95,122.19,17,17.03,7,5,7,0,0,0,2,262.81,0,0,1,133.28,133.28,0.4,0.0,0.0,1.4,0
cust_2099,3,18,437.74,145.91,7,10.35,1,1,3,2,1,1,3,237.33,0,1,0,0.0,0.0,1.0,0.333,0.143,1.0,0
cust_2100,7,41,738.42,105.49,16,18.78,7,1,8,3,0,0,3,243.51,0,0,1,107.29,107.29,0.429,0.0,0.0,1.143,0
cust_2101,10,66,1345.31,134.53,36,13.95,20,13,24,1,1,0,1,157.58,2,0,1,251.32,251.32,0.1,0.0,0.0,2.4,0
cust_2102,4,26,695.61,173.9,17,86.87,6,4,10,2,0,0,2,183.91,0,2,1,174.17,174.17,0.5,1.0,0.0,2.5,0
cust_2103,1,9,138.64,138.64,4,19.94,2,1,4,0,0,0,3,303.1,1,0,0,0.0,0.0,3.0,0.0,0.0,4.0,0
cust_2104,5,37,625.2,125.04,22,2.37,9,3,12,1,0,0,0,0.0,1,0,0,0.0,0.0,0.0,0.0,0.0,2.4,0
cust_2105,13,132,3387.78,260.6,74,32.54,14,14,14,3,0,2,1,59.36,3,0,0,0.0,0.0,0.077,0.0,0.027,1.077,0
cust_2106,4,31,1121.07,280.27,15,4.16,3,2,7,4,0,1,0,0.0,2,0,0,0.0,0.0,0.0,0.0,0.067,1.75,0
cust_2107,3,38,580.54,193.51,18,9.36,9,8,9,2,0,0,4,784.29,0,1,1,115.59,115.59,1.333,0.25,0.0,3.0,1
cust_2108,3,43,249.59,83.2,18,28.36,3,3,4,1,0,0,1,51.54,1,2,1,111.95,111.95,0.333,2.0,0.0,1.333,0
cust_2109,16,135,1046.51,65.41,75,2.41,43,6,43,1,0,1,1,153.49,0,1,1,104.12,104.12,0.062,1.0,0.013,2.688,1
cust_2110,3,13,432.04,144.01,6,19.47,3,3,7,0,0,0,0,0.0,2,0,0,0.0,0.0,0.0,0.0,0.0,2.333,0
cust_2111,5,33,474.69,94.94,16,30.61,5,5,8,2,0,2,1,187.63,1,1,1,96.7,96.7,0.2,1.0,0.125,1.6,0
cust_2112,8,40,1400.34,175.04,27,19.22,8,2,12,1,1,0,2,306.35,0,1,0,0.0,0.0,0.25,0.5,0.0,1.5,0
cust_2113,7,54,523.53,74.79,34,17.1,15,3,17,2,0,0,1,48.89,4,0,0,0.0,0.0,0.143,0.0,0.0,2.429,0
cust_2114,4,44,1135.24,283.81,24,3.07,10,4,14,2,0,0,1,44.05,1,1,1,164.86,164.86,0.25,1.0,0.0,3.5,1
cust_2115,1,9,370.18,370.18,5,5.23,1,1,1,1,0,0,0,0.0,1,0,0,0.0,0.0,0.0,0.0,0.0,1.0,0
cust_2116,5,33,739.51,147.9,15,14.29,4,2,4,2,0,1,1,93.27,1,2,0,0.0,0.0,0.2,2.0,0.067,0.8,0
cust_2117,3,37,366.09,122.03,22,1.26,10,2,13,0,1,0,0,0.0,0,0,0,0.0,0.0,0.0,0.0,0.0,4.333,0
cust_2118,5,27,1972.54,394.51,18,21.93,9,3,13,2,0,3,2,119.57,0,2,0,0.0,0.0,0.4,1.0,0.167,2.6,1
cust_2119,11,71,2404.63,218.6,47,2.36,13,8,14,0,0,4,2,280.41,1,1,1,54.87,54.87,0.182,0.5,0.085,1.273,1
cust_2120,1,11,347.25,347.25,4,8.32,1,1,2,0,0,2,1,218.71,2,0,0,0.0,0.0,1.0,0.0,0.5,2.0,0
cust_2121,3,18,431.73,143.91,7,1.11,3,3,4,0,0,0,0,0.0,1,0,0,0.0,0.0,0.0,0.0,0.0,1.333,0
cust_2122,7,80,591.85,84.55,55,2.05,13,10,15,1,0,0,1,67.96,1,0,3,563.28,187.76,0.143,0.0,0.0,2.143,0
cust_2123,4,58,594.0,148.5,26,8.81,9,8,10,0,0,0,2,279.44,1,0,0,0.0,0.0,0.5,0.0,0.0,2.5,0
cust_2124,6,78,1567.11,261.18,44,10.07,23,7,25,1,0,2,0,0.0,1,0,1,225.87,225.87,0.0,0.0,0.045,4.167,1
cust_2125,5,28,1078.49,215.7,11,3.14,3,1,4,2,0,0,3,89.4,0,1,1,220.12,220.12,0.6,0.333,0.0,0.8,0
cust_2126,3,29,393.23,131.08,18,1.27,5,5,8,1,0,0,2,264.71,1,0,1,106.27,106.27,0.667,0.0,0.0,2.667,1
cust_2127,5,43,337.76,67.55,18,7.98,8,5,12,0,0,1,3,112.12,1,1,1,228.41,228.41,0.6,0.333,0.056,2.4,1
cust_2128,10,149,1237.73,123.77,88,18.37,31,18,33,0,0,1,0,0.0,0,0,0,0.0,0.0,0.0,0.0,0.011,3.3,0
cust_2129,5,73,341.31,68.26,30,2.25,14,11,14,1,0,0,0,0.0,1,0,0,0.0,0.0,0.0,0.0,0.0,2.8,0
cust_2130,10,53,3922.41,392.24,23,11.76,5,1,7,0,0,0,3,40.08,0,3,0,0.0,0.0,0.3,1.0,0.0,0.7,1
cust_2131,7,97,241.19,34.46,53,4.88,22,7,26,2,0,0,2,182.89,0,2,1,128.51,128.51,0.286,1.0,0.0,3.714,1
cust_2132,4,24,361.8,90.45,9,28.66,3,3,5,0,0,1,2,251.53,0,2,0,0.0,0.0,0.5,1.0,0.111,1.25,0
cust_2133,2,15,244.12,122.06,6,0.86,3,1,5,1,0,1,1,99.0,0,0,1,90.77,90.77,0.5,0.0,0.167,2.5,0
cust_2134,4,31,833.19,208.3,13,0.41,5,2,9,1,0,0,1,107.66,3,2,1,275.94,275.94,0.25,2.0,0.0,2.25,1
cust_2135,2,14,341.07,170.54,5,1.33,2,1,3,1,0,0,3,128.27,1,0,0,0.0,0.0,1.5,0.0,0.0,1.5,0
cust_2136,2,26,89.46,44.73,17,15.25,4,3,8,2,0,1,2,223.23,0,1,0,0.0,0.0,1.0,0.5,0.059,4.0,0
cust_2137,5,38,490.51,98.1,20,25.61,11,5,14,2,0,0,3,114.88,0,0,0,0.0,0.0,0.6,0.0,0.0,2.8,0
cust_2138,5,64,564.64,112.93,42,17.29,9,5,10,1,0,1,2,359.02,2,0,0,0.0,0.0,0.4,0.0,0.024,2.0,1
cust_2139,2,29,227.08,113.54,14,12.65,3,2,5,0,0,1,2,298.61,1,1,1,170.1,170.1,1.0,0.5,0.071,2.5,1
cust_2140,11,145,1808.69,164.43,59,0.59,13,3,17,2,0,3,3,275.01,0,1,0,0.0,0.0,0.273,0.333,0.051,1.545,1
cust_2141,5,39,1534.58,306.92,23,2.41,12,2,15,1,0,1,2,21.05,1,2,1,155.68,155.68,0.4,1.0,0.043,3.0,1
cust_2142,6,70,338.37,56.4,28,27.39,13,9,16,2,0,0,3,172.24,3,1,0,0.0,0.0,0.5,0.333,0.0,2.667,0
cust_2143,5,49,800.07,160.01,27,9.75,15,11,15,0,0,0,0,0.0,1,0,0,0.0,0.0,0.0,0.0,0.0,3.0,0
cust_2144,2,25,133.55,66.77,11,6.32,2,2,5,0,0,0,2,254.8,1,0,1,102.1,102.1,1.0,0.0,0.0,2.5,0
cust_2145,12,68,2916.93,243.08,40,10.56,19,19,19,1,0,2,3,300.85,3,1,2,355.75,177.88,0.25,0.333,0.05,1.583,1
cust_2146,2,22,377.32,188.66,14,1.97,5,5,8,3,0,1,2,215.48,1,0,0,0.0,0.0,1.0,0.0,0.071,4.0,0
cust_2147,2,25,91.53,45.76,17,22.34,7,3,11,2,0,0,1,171.38,1,0,0,0.0,0.0,0.5,0.0,0.0,5.5,0
cust_2148,21,259,4890.97,232.9,144,10.68,58,10,60,1,0,1,1,129.62,0,1,0,0.0,0.0,0.048,1.0,0.007,2.857,1
cust_2149,3,43,470.95,156.98,24,6.37,11,1,12,1,1,0,1,164.15,2,0,0,0.0,0.0,0.333,0.0,0.0,4.0,0
cust_2150,3,13,147.32,49.11,5,6.11,2,2,5,2,0,0,1,46.33,2,1,0,0.0,0.0,0.333,1.0,0.0,1.667,0
cust_2151,6,46,808.44,134.74,29,17.28,12,11,15,1,0,0,0,0.0,1,0,0,0.0,0.0,0.0,0.0,0.0,2.5,0
cust_2152,8,73,1502.98,187.87,50,3.68,27,14,27,2,0,0,0,0.0,0,0,0,0.0,0.0,0.0,0.0,0.0,3.375,0
cust_2153,2,14,1190.85,595.42,7,1.47,3,3,5,3,0,0,1,145.15,0,0,0,0.0,0.0,0.5,0.0,0.0,2.5,0
cust_2154,4,29,291.23,72.81,18,2.05,9,3,13,0,0,0,0,0.0,2,0,1,170.16,170.16,0.0,0.0,0.0,3.25,0
cust_2155,5,29,209.33,41.87,18,0.85,8,5,12,1,0,0,0,0.0,3,0,0,0.0,0.0,0.0,0.0,0.0,2.4,0
cust_2156,4,51,391.94,97.99,32,7.09,13,9,15,1,0,2,1,56.07,0,2,1,329.36,329.36,0.25,2.0,0.062,3.75,1
cust_2157,10,139,1706.24,170.62,87,11.31,19,15,23,0,0,1,1,130.57,0,1,0,0.0,0.0,0.1,1.0,0.011,2.3,1
cust_2158,5,24,855.94,171.19,11,27.18,5,4,6,1,0,0,3,265.03,1,2,0,0.0,0.0,0.6,0.667,0.0,1.2,0
cust_2159,9,51,1315.86,146.21,31,13.9,9,4,13,0,0,0,4,149.03,0,0,0,0.0,0.0,0.444,0.0,0.0,1.444,0
cust_2160,6,39,857.48,142.91,17,8.75,3,2,4,2,0,0,3,171.34,2,0,0,0.0,0.0,0.5,0.0,0.0,0.667,0
cust_2161,9,86,1167.43,129.71,52,19.95,21,1,24,2,0,1,4,489.45,1,3,1,82.25,82.25,0.444,0.75,0.019,2.667,1
cust_2162,9,114,1107.25,123.03,45,22.28,20,12,24,0,1,2,0,0.0,1,0,1,100.97,100.97,0.0,0.0,0.044,2.667,0
cust_2163,2,9,636.75,318.38,6,12.46,2,1,6,2,0,0,3,367.14,2,1,1,68.35,68.35,1.5,0.333,0.0,3.0,1
cust_2164,13,143,1038.32,79.87,92,0.58,43,9,44,1,0,0,1,113.95,2,0,1,250.18,250.18,0.077,0.0,0.0,3.385,1
cust_2165,1,5,104.73,104.73,3,3.45,1,1,4,2,0,0,1,124.15,1,3,0,0.0,0.0,1.0,3.0,0.0,4.0,1
cust_2166,5,73,279.05,55.81,31,4.1,16,4,19,0,0,0,2,144.16,2,1,1,92.03,92.03,0.4,0.5,0.0,3.8,1
cust_2167,6,83,1061.48,176.91,53,59.45,26,6,26,0,0,1,0,0.0,0,0,0,0.0,0.0,0.0,0.0,0.019,4.333,0
cust_2168,13,187,3331.24,256.25,123,6.24,64,2,67,0,2,1,1,79.41,2,2,0,0.0,0.0,0.077,2.0,0.008,5.154,1
cust_2169,3,15,448.78,149.59,9,14.35,3,3,5,0,0,0,1,215.43,1,0,0,0.0,0.0,0.333,0.0,0.0,1.667,0
cust_2170,6,56,1970.8,328.47,38,16.81,8,3,8,1,0,0,0,0.0,1,0,0,0.0,0.0,0.0,0.0,0.0,1.333,0
cust_2171,3,17,402.17,134.06,7,10.59,3,2,6,1,0,0,2,176.45,2,0,0,0.0,0.0,0.667,0.0,0.0,2.0,0
cust_2172,8,84,436.58,54.57,51,0.18,14,5,15,0,0,3,1,135.27,2,2,0,0.0,0.0,0.125,2.0,0.059,1.875,1
cust_2173,4,26,789.92,197.48,14,0.2,7,7,9,1,0,0,0,0.0,2,0,3,121.48,40.49,0.0,0.0,0.0,2.25,0
cust_2174,9,112,373.49,41.5,49,17.08,23,6,23,0,0,0,0,0.0,1,0,1,168.54,168.54,0.0,0.0,0.0,2.556,0
cust_2175,4,44,343.6,85.9,26,13.44,13,13,17,2,1,0,2,366.0,0,0,1,140.32,140.32,0.5,0.0,0.0,4.25,1
cust_2176,5,51,627.68,125.54,32,7.68,10,1,11,0,0,0,2,195.26,2,1,2,376.62,188.31,0.4,0.5,0.0,2.2,0
cust_2177,10,130,819.37,81.94,58,2.86,26,3,28,1,0,3,2,52.98,1,1,0,0.0,0.0,0.2,0.5,0.052,2.8,1
cust_2178,5,47,2453.99,490.8,29,0.91,11,5,12,0,0,1,2,133.96,1,2,0,0.0,0.0,0.4,1.0,0.034,2.4,1
cust_2179,12,83,1763.87,146.99,35,1.79,10,9,10,0,0,1,2,161.38,1,0,0,0.0,0.0,0.167,0.0,0.029,0.833,0
cust_2180,6,64,860.92,143.49,36,8.68,18,1,20,0,0,0,1,109.05,1,1,0,0.0,0.0,0.167,1.0,0.0,3.333,0
cust_2181,2,29,380.59,190.29,18,7.89,7,2,7,2,0,1,1,98.72,1,0,2,459.48,229.74,0.5,0.0,0.056,3.5,0
cust_2182,8,84,634.98,79.37,37,28.35,10,9,10,1,1,0,2,50.92,2,1,0,0.0,0.0,0.25,0.5,0.0,1.25,0
cust_2183,6,65,1228.54,204.76,37,31.53,11,1,14,1,0,1,0,0.0,2,0,2,277.11,138.56,0.0,0.0,0.027,2.333,0
cust_2184,3,42,696.57,232.19,22,8.58,6,4,7,0,0,0,2,95.45,0,1,0,0.0,0.0,0.667,0.5,0.0,2.333,0
cust_2185,4,38,772.22,193.05,22,18.42,7,6,10,0,0,1,0,0.0,1,0,0,0.0,0.0,0.0,0.0,0.045,2.5,0
cust_2186,11,164,5575.82,506.89,86,16.73,23,2,26,2,0,0,4,601.95,1,1,2,326.79,163.4,0.364,0.25,0.0,2.364,1
cust_2187,14,80,1395.38,99.67,38,13.96,13,4,14,1,1,1,0,0.0,0,0,0,0.0,0.0,0.0,0.0,0.026,1.0,0
cust_2188,7,69,933.76,133.39,32,5.75,15,13,17,0,1,0,3,239.41,0,1,0,0.0,0.0,0.429,0.333,0.0,2.429,1
cust_2189,4,25,218.7,54.68,16,4.93,9,6,10,1,0,2,0,0.0,2,0,0,0.0,0.0,0.0,0.0,0.125,2.5,0
cust_2190,2,17,247.84,123.92,7,3.07,1,1,5,1,0,1,0,0.0,0,0,0,0.0,0.0,0.0,0.0,0.143,2.5,0
cust_2191,6,35,834.95,139.16,15,27.66,4,1,6,0,0,2,5,832.74,2,1,2,636.77,318.38,0.833,0.2,0.133,1.0,1
cust_2192,5,32,894.99,179.0,13,17.98,2,1,5,0,0,1,2,134.44,0,1,0,0.0,0.0,0.4,0.5,0.077,1.0,0
cust_2193,9,56,1268.63,140.96,23,1.95,6,5,6,3,0,2,1,75.93,3,0,2,160.59,80.3,0.111,0.0,0.087,0.667,0
cust_2194,7,52,555.5,79.36,21,2.91,7,1,7,1,0,1,2,151.08,0,1,0,0.0,0.0,0.286,0.5,0.048,1.0,0
cust_2195,8,43,1527.51,190.94,19,8.71,7,1,10,0,1,2,3,176.71,0,1,2,272.9,136.45,0.375,0.333,0.105,1.25,1
cust_2196,1,12,174.18,174.18,5,5.34,1,1,3,2,0,1,2,405.88,1,1,2,214.09,107.04,2.0,0.5,0.2,3.0,1
cust_2197,1,6,126.8,126.8,2,2.41,0,0,4,0,0,0,1,139.57,0,2,0,0.0,0.0,1.0,2.0,0.0,4.0,0
cust_2198,2,17,206.88,103.44,7,15.66,2,1,4,2,0,3,0,0.0,0,0,1,65.83,65.83,0.0,0.0,0.429,2.0,0
cust_2199,7,29,599.04,85.58,12,0.02,4,3,5,2,0,0,1,86.29,0,2,0,0.0,0.0,0.143,2.0,0.0,0.714,1
cust_2200,8,41,2392.02,299.0,23,4.2,8,2,12,2,0,0,1,189.22,3,1,0,0.0,0.0,0.125,1.0,0.0,1.5,0
cust_2201,7,97,1573.81,224.83,59,26.5,32,2,33,0,0,0,2,152.14,0,0,1,94.29,94.29,0.286,0.0,0.0,4.714,0
cust_2202,6,79,1317.4,219.57,46,14.3,19,17,21,1,0,0,3,234.16,2,3,0,0.0,0.0,0.5,1.0,0.0,3.5,1
cust_2203,1,13,138.76,138.76,7,5.13,2,2,5,1,0,0,1,67.04,1,1,0,0.0,0.0,1.0,1.0,0.0,5.0,0
cust_2204,2,17,502.89,251.45,9,26.41,2,1,5,0,0,0,4,285.58,1,2,1,106.39,106.39,2.0,0.5,0.0,2.5,1
cust_2205,4,22,648.43,162.11,12,23.11,4,2,5,1,0,2,1,77.25,0,1,0,0.0,0.0,0.25,1.0,0.167,1.25,0
cust_2206,6,31,814.01,135.67,20,0.54,10,2,14,2,0,0,0,0.0,1,0,0,0.0,0.0,0.0,0.0,0.0,2.333,0
cust_2207,3,31,252.75,84.25,18,1.37,10,3,11,1,1,1,1,24.51,2,0,1,171.14,171.14,0.333,0.0,0.056,3.667,0
cust_2208,9,117,1264.74,140.53,48,4.9,16,2,20,2,0,0,1,55.77,2,1,1,221.94,221.94,0.111,1.0,0.0,2.222,1
cust_2209,4,55,121.51,30.38,31,26.51,8,5,8,1,0,3,2,227.31,2,0,0,0.0,0.0,0.5,0.0,0.097,2.0,0
cust_2210,3,21,738.82,246.27,11,18.59,6,4,8,0,1,3,1,60.73,0,0,2,296.74,148.37,0.333,0.0,0.273,2.667,0
cust_2211,6,45,463.21,77.2,24,0.49,6,5,9,0,0,1,1,196.61,2,2,1,275.78,275.78,0.167,2.0,0.042,1.5,1
cust_2212,3,15,269.31,89.77,8,7.18,2,1,5,2,0,0,3,330.99,0,3,1,198.4,198.4,1.0,1.0,0.0,1.667,1
cust_2213,6,75,669.99,111.66,45,12.74,12,7,16,3,0,1,1,255.02,0,1,0,0.0,0.0,0.167,1.0,0.022,2.667,1
cust_2214,3,21,254.69,84.9,8,3.23,3,3,3,1,1,0,3,79.21,2,0,1,60.05,60.05,1.0,0.0,0.0,1.0,0
cust_2215,4,37,734.55,183.64,20,12.82,7,5,10,1,1,2,2,98.13,2,0,0,0.0,0.0,0.5,0.0,0.1,2.5,0
cust_2216,5,71,1343.36,268.67,45,4.62,14,12,15,2,0,1,1,118.38,1,0,0,0.0,0.0,0.2,0.0,0.022,3.0,0
cust_2217,4,49,1113.48,278.37,27,3.2,13,10,14,0,0,1,1,220.13,0,2,1,170.39,170.39,0.25,2.0,0.037,3.5,1
cust_2218,8,36,990.59,123.82,15,4.99,6,4,9,0,0,0,0,0.0,2,0,0,0.0,0.0,0.0,0.0,0.0,1.125,0
cust_2219,8,32,746.86,93.36,20,30.12,11,8,15,2,0,0,0,0.0,0,0,0,0.0,0.0,0.0,0.0,0.0,1.875,0
cust_2220,2,25,516.2,258.1,17,23.57,5,4,7,1,0,1,2,484.84,2,0,0,0.0,0.0,1.0,0.0,0.059,3.5,0
cust_2221,5,50,337.33,67.47,32,24.53,17,5,17,1,1,0,4,423.57,1,2,1,250.19,250.19,0.8,0.5,0.0,3.4,1
cust_2222,5,59,1185.55,237.11,30,24.93,9,8,11,2,1,1,2,179.86,1,1,0,0.0,0.0,0.4,0.5,0.033,2.2,0
cust_2223,2,11,377.13,188.57,6,1.96,1,1,1,1,0,0,1,33.04,1,1,1,205.54,205.54,0.5,1.0,0.0,0.5,0
cust_2224,2,27,360.32,180.16,15,22.64,3,2,6,2,0,0,1,234.13,1,1,1,164.17,164.17,0.5,1.0,0.0,3.0,1
cust_2225,4,50,381.27,95.32,30,2.39,12,3,16,0,0,1,0,0.0,0,0,0,0.0,0.0,0.0,0.0,0.033,4.0,0
cust_2226,7,96,1570.39,224.34,57,18.21,29,1,30,2,0,0,4,308.66,0,3,0,0.0,0.0,0.571,0.75,0.0,4.286,1
cust_2227,3,23,439.41,146.47,10,7.81,2,2,3,1,0,0,0,0.0,1,0,0,0.0,0.0,0.0,0.0,0.0,1.0,0
cust_2228,5,35,1147.46,229.49,22,2.74,11,2,12,2,0,0,2,204.34,0,0,0,0.0,0.0,0.4,0.0,0.0,2.4,0
cust_2229,7,39,357.03,51.0,25,5.08,12,11,16,1,0,0,3,693.66,1,0,1,231.02,231.02,0.429,0.0,0.0,2.286,1
cust_2230,4,56,143.07,35.77,29,5.68,6,5,8,2,0,1,1,80.05,0,2,0,0.0,0.0,0.25,2.0,0.034,2.0,1
cust_2231,3,17,1285.36,428.45,7,13.21,1,1,4,4,1,2,1,59.2,1,0,0,0.0,0.0,0.333,0.0,0.286,1.333,0
cust_2232,2,10,97.6,48.8,5,9.31,1,1,5,1,0,0,4,677.12,1,0,0,0.0,0.0,2.0,0.0,0.0,2.5,1
cust_2233,4,24,1184.58,296.15,12,16.97,5,4,8,0,1,1,0,0.0,1,0,1,106.63,106.63,0.0,0.0,0.083,2.0,0
cust_2234,7,87,1482.75,211.82,54,5.06,22,18,25,1,0,2,1,9.13,0,3,0,0.0,0.0,0.143,3.0,0.037,3.571,1
cust_2235,3,41,677.81,225.94,20,13.61,6,4,8,0,0,1,1,97.58,0,0,0,0.0,0.0,0.333,0.0,0.05,2.667,0
cust_2236,4,51,160.58,40.15,24,15.74,5,1,6,4,0,2,0,0.0,3,0,0,0.0,0.0,0.0,0.0,0.083,1.5,0
cust_2237,6,61,1187.21,197.87,40,0.65,14,13,14,0,0,1,0,0.0,0,0,1,207.16,207.16,0.0,0.0,0.025,2.333,0
cust_2238,5,74,716.61,143.32,43,4.71,20,6,24,4,0,1,0,0.0,0,0,0,0.0,0.0,0.0,0.0,0.023,4.8,0
cust_2239,15,71,1017.17,67.81,30,21.71,7,2,11,1,0,0,2,182.24,1,0,0,0.0,0.0,0.133,0.0,0.0,0.733,0
cust_2240,18,243,1790.06,99.45,147,12.21,79,1,83,2,0,0,0,0.0,0,0,1,166.82,166.82,0.0,0.0,0.0,4.611,1
cust_2241,5,43,644.81,128.96,26,5.42,5,2,8,2,0,0,3,263.31,0,1,1,215.67,215.67,0.6,0.333,0.0,1.6,1
cust_2242,2,18,240.27,120.13,8,2.02,3,3,5,3,1,0,1,169.15,1,1,1,167.61,167.61,0.5,1.0,0.0,2.5,1
cust_2243,3,16,1088.82,362.94,11,1.02,3,1,7,2,0,0,1,85.03,0,1,1,370.41,370.41,0.333,1.0,0.0,2.333,0
cust_2244,13,56,1501.83,115.53,28,2.61,6,5,9,1,0,0,1,76.88,1,1,1,164.34,164.34,0.077,1.0,0.0,0.692,0
cust_2245,6,44,1639.12,273.19,30,2.81,10,10,12,0,1,0,2,148.64,0,2,1,173.45,173.45,0.333,1.0,0.0,2.0,1
cust_2246,5,29,867.56,173.51,14,4.63,6,4,6,1,0,0,2,165.36,1,0,1,164.18,164.18,0.4,0.0,0.0,1.2,0
cust_2247,10,93,477.01,47.7,54,1.95,13,4,15,2,0,2,1,22.63,1,2,0,0.0,0.0,0.1,2.0,0.037,1.5,1
cust_2248,21,118,1349.98,64.28,65,1.58,25,5,26,1,0,1,5,298.7,1,1,1,164.47,164.47,0.238,0.2,0.015,1.238,1
cust_2249,4,22,210.02,52.5,15,18.58,5,1,5,3,2,0,1,59.03,0,0,2,359.52,179.76,0.25,0.0,0.0,1.25,0
cust_2250,2,27,344.62,172.31,14,2.87,5,1,5,1,0,4,1,115.68,0,1,0,0.0,0.0,0.5,1.0,0.286,2.5,1
cust_2251,2,28,395.64,197.82,12,8.25,6,1,6,3,1,1,0,0.0,1,0,0,0.0,0.0,0.0,0.0,0.083,3.0,0
cust_2252,4,58,387.41,96.85,37,2.22,12,4,15,1,0,0,1,146.19,2,0,0,0.0,0.0,0.25,0.0,0.0,3.75,0
cust_2253,3,34,645.84,215.28,14,6.77,8,7,8,0,0,0,3,531.78,0,0,0,0.0,0.0,1.0,0.0,0.0,2.667,0
cust_2254,12,149,2057.45,171.45,99,3.24,41,15,44,0,0,1,0,0.0,0,0,1,164.92,164.92,0.0,0.0,0.01,3.667,1
cust_2255,4,52,941.37,235.34,22,0.91,11,4,12,0,0,2,2,253.5,2,1,0,0.0,0.0,0.5,0.5,0.091,3.0,1
cust_2256,2,22,349.44,174.72,12,40.27,4,3,4,2,0,0,1,44.27,0,1,0,0.0,0.0,0.5,1.0,0.0,2.0,0
cust_2257,13,99,2674.49,205.73,60,6.12,14,12,18,1,0,1,1,151.67,1,1,0,0.0,0.0,0.077,1.0,0.017,1.385,1
cust_2258,8,45,838.7,104.84,22,4.99,5,4,8,0,0,0,2,384.59,3,1,2,320.83,160.42,0.25,0.5,0.0,1.0,1
cust_2259,1,6,148.28,148.28,3,2.22,1,1,4,0,0,1,3,209.18,0,1,0,0.0,0.0,3.0,0.333,0.333,4.0,0
cust_2260,9,119,804.77,89.42,68,6.84,38,16,40,0,0,0,0,0.0,1,0,0,0.0,0.0,0.0,0.0,0.0,4.444,1
cust_2261,4,46,1476.26,369.07,23,10.08,5,4,5,1,0,1,1,101.22,0,0,0,0.0,0.0,0.25,0.0,0.043,1.25,0
cust_2262,9,81,1888.04,209.78,40,3.63,19,11,19,2,1,2,0,0.0,2,0,0,0.0,0.0,0.0,0.0,0.05,2.111,0
cust_2263,12,51,2022.63,168.55,22,6.55,9,6,11,1,0,1,0,0.0,0,0,1,179.73,179.73,0.0,0.0,0.045,0.917,0
cust_2264,11,76,581.19,52.84,45,2.71,20,18,23,1,1,1,8,1015.72,0,1,1,113.04,113.04,0.727,0.125,0.022,2.091,1
cust_2265,6,72,1605.93,267.66,36,7.5,10,1,13,0,0,0,0,0.0,0,0,0,0.0,0.0,0.0,0.0,0.0,2.167,0
cust_2266,5,48,1489.56,297.91,23,15.47,5,2,7,0,2,1,0,0.0,0,0,0,0.0,0.0,0.0,0.0,0.043,1.4,0
cust_2267,9,79,617.2,68.58,54,0.62,12,9,13,0,0,2,1,88.88,2,1,2,437.25,218.62,0.111,1.0,0.037,1.444,1
cust_2268,1,7,139.88,139.88,3,7.29,0,0,3,2,1,0,2,204.88,0,2,2,195.39,97.7,2.0,1.0,0.0,3.0,1
cust_2269,8,85,1273.92,159.24,56,5.1,15,8,15,0,1,1,0,0.0,1,0,0,0.0,0.0,0.0,0.0,0.018,1.875,0
cust_2270,5,73,393.56,78.71,50,0.77,12,1,13,3,0,0,2,250.05,1,0,2,153.31,76.66,0.4,0.0,0.0,2.6,1
cust_2271,6,83,659.66,109.94,53,28.22,16,12,20,1,0,0,1,62.54,3,0,0,0.0,0.0,0.167,0.0,0.0,3.333,0
cust_2272,1,4,101.49,101.49,1,3.01,0,0,2,0,0,1,2,242.04,1,0,0,0.0,0.0,2.0,0.0,1.0,2.0,0
cust_2273,11,102,2848.67,258.97,67,8.32,38,4,41,3,0,1,2,177.27,1,1,1,181.15,181.15,0.182,0.5,0.015,3.727,1
cust_2274,6,45,2050.41,341.73,20,4.66,11,2,14,1,0,0,1,55.05,0,0,0,0.0,0.0,0.167,0.0,0.0,2.333,0
cust_2275,11,105,1404.72,127.7,53,3.16,16,2,18,2,0,1,1,13.11,2,0,0,0.0,0.0,0.091,0.0,0.019,1.636,0
cust_2276,5,53,961.71,192.34,36,7.49,8,7,11,1,2,0,2,452.4,2,1,0,0.0,0.0,0.4,0.5,0.0,2.2,1
cust_2277,6,37,283.59,47.26,19,11.68,11,10,14,1,0,1,0,0.0,2,0,1,53.96,53.96,0.0,0.0,0.053,2.333,0
cust_2278,3,37,874.27,291.42,22,15.4,8,5,8,0,0,0,1,46.26,2,0,1,61.63,61.63,0.333,0.0,0.0,2.667,0
cust_2279,5,46,985.2,197.04,22,10.05,13,11,13,1,0,4,2,324.42,2,0,1,86.23,86.23,0.4,0.0,0.182,2.6,1
cust_2280,2,29,317.55,158.77,14,7.47,5,2,8,2,0,1,2,234.94,0,0,0,0.0,0.0,1.0,0.0,0.071,4.0,0
cust_2281,2,8,273.58,136.79,4,15.02,2,1,5,0,2,0,1,92.08,0,2,0,0.0,0.0,0.5,2.0,0.0,2.5,0
cust_2282,7,42,625.22,89.32,28,7.29,10,1,13,3,0,1,0,0.0,2,0,2,371.05,185.52,0.0,0.0,0.036,1.857,0
cust_2283,7,81,1813.96,259.14,39,36.58,17,4,20,1,0,0,3,355.75,1,0,1,243.2,243.2,0.429,0.0,0.0,2.857,0
cust_2284,9,104,1843.14,204.79,49,7.48,20,2,21,1,0,0,2,236.21,3,1,0,0.0,0.0,0.222,0.5,0.0,2.333,1
cust_2285,7,72,1644.76,234.97,29,3.82,8,2,8,0,0,3,2,95.71,0,0,0,0.0,0.0,0.286,0.0,0.103,1.143,0
cust_2286,2,29,307.18,153.59,13,5.91,6,4,9,2,0,0,2,125.75,1,1,0,0.0,0.0,1.0,0.5,0.0,4.5,0
cust_2287,5,42,1408.19,281.64,20,6.73,4,4,7,2,1,0,6,1081.32,2,1,1,129.05,129.05,1.2,0.167,0.0,1.4,1
cust_2288,3,25,280.81,93.6,10,3.33,3,2,3,0,0,0,2,285.36,0,0,0,0.0,0.0,0.667,0.0,0.0,1.0,0
cust_2289,8,112,2589.11,323.64,63,1.73,34,1,38,3,0,1,5,1121.91,1,3,0,0.0,0.0,0.625,0.6,0.016,4.75,1
cust_2290,4,39,1086.02,271.51,17,5.65,6,6,9,1,0,1,3,472.95,1,2,1,103.67,103.67,0.75,0.667,0.059,2.25,1
cust_2291,2,15,345.02,172.51,8,22.73,1,1,3,0,0,0,1,81.94,3,0,0,0.0,0.0,0.5,0.0,0.0,1.5,0
cust_2292,2,23,157.57,78.79,10,2.95,2,2,3,0,0,0,1,71.27,2,0,0,0.0,0.0,0.5,0.0,0.0,1.5,0
cust_2293,4,43,1058.17,264.54,29,4.49,7,5,11,1,0,0,2,378.28,1,1,1,215.68,215.68,0.5,0.5,0.0,2.75,1
cust_2294,9,66,817.07,90.79,32,14.18,9,6,13,0,0,1,3,276.07,0,1,0,0.0,0.0,0.333,0.333,0.031,1.444,0
cust_2295,8,58,988.83,123.6,24,0.86,6,2,6,1,0,0,1,118.01,1,2,0,0.0,0.0,0.125,2.0,0.0,0.75,1
cust_2296,13,108,803.29,61.79,70,17.43,33,6,34,1,1,0,0,0.0,1,0,0,0.0,0.0,0.0,0.0,0.0,2.615,0
cust_2297,11,52,877.56,79.78,27,12.74,12,3,14,2,0,1,1,163.73,0,1,0,0.0,0.0,0.091,1.0,0.037,1.273,0
cust_2298,8,114,1301.9,162.74,73,7.98,18,10,19,1,0,0,1,22.15,1,0,0,0.0,0.0,0.125,0.0,0.0,2.375,0
cust_2299,4,24,1363.35,340.84,11,2.35,4,4,8,1,0,0,2,349.18,0,0,0,0.0,0.0,0.5,0.0,0.0,2.0,0
cust_2300,5,30,936.85,187.37,16,0.97,5,2,9,2,0,0,0,0.0,0,0,1,138.29,138.29,0.0,0.0,0.0,1.8,0
cust_2301,4,44,775.35,193.84,23,2.64,7,5,8,2,0,0,3,370.78,2,0,0,0.0,0.0,0.75,0.0,0.0,2.0,0
cust_2302,2,23,368.48,184.24,13,14.33,5,2,5,1,1,0,0,0.0,0,0,0,0.0,0.0,0.0,0.0,0.0,2.5,0
cust_2303,7,84,1437.11,205.3,43,27.1,24,3,24,3,0,1,0,0.0,1,0,0,0.0,0.0,0.0,0.0,0.023,3.429,0
cust_2304,4,32,873.42,218.36,17,13.39,9,6,13,3,0,0,1,117.48,3,1,0,0.0,0.0,0.25,1.0,0.0,3.25,1
cust_2305,6,81,1564.98,260.83,48,7.5,17,17,19,3,0,1,1,200.76,0,1,2,147.69,73.84,0.167,1.0,0.021,3.167,1
cust_2306,1,9,304.43,304.43,4,30.09,1,1,5,3,0,0,1,81.89,2,2,1,110.76,110.76,1.0,2.0,0.0,5.0,0
cust_2307,1,8,104.51,104.51,4,17.64,1,1,2,0,0,3,1,100.46,0,0,2,261.18,130.59,1.0,0.0,0.75,2.0,0
cust_2308,8,103,2007.78,250.97,63,10.67,24,3,27,2,0,1,0,0.0,0,0,1,183.6,183.6,0.0,0.0,0.016,3.375,0
cust_2309,7,46,2409.43,344.2,28,0.39,6,4,9,2,0,1,1,50.38,2,0,0,0.0,0.0,0.143,0.0,0.036,1.286,0
cust_2310,7,94,794.73,113.53,50,3.39,21,2,23,0,0,1,0,0.0,2,0,0,0.0,0.0,0.0,0.0,0.02,3.286,0
cust_2311,6,59,508.67,84.78,23,3.68,9,4,11,2,0,0,3,313.91,2,2,1,152.21,152.21,0.5,0.667,0.0,1.833,1
cust_2312,12,166,3233.53,269.46,103,4.27,39,1,41,2,0,1,1,338.79,0,1,0,0.0,0.0,0.083,1.0,0.01,3.417,1
cust_2313,1,6,329.62,329.62,4,4.93,1,1,1,2,1,1,2,122.68,1,0,0,0.0,0.0,2.0,0.0,0.25,1.0,0
cust_2314,13,185,1581.15,121.63,110,28.03,63,11,67,3,0,3,1,123.29,0,0,1,134.95,134.95,0.077,0.0,0.027,5.154,1
cust_2315,2,23,604.94,302.47,12,13.54,5,3,6,0,1,0,3,56.86,0,1,2,184.35,92.18,1.5,0.333,0.0,3.0,0
cust_2316,3,32,901.54,300.51,18,11.77,9,4,13,0,1,0,1,75.79,1,0,1,11.16,11.16,0.333,0.0,0.0,4.333,0
cust_2317,3,25,395.96,131.99,14,5.56,8,5,9,1,0,1,1,216.61,2,0,0,0.0,0.0,0.333,0.0,0.071,3.0,0
cust_2318,11,159,1092.33,99.3,111,4.12,58,15,61,0,1,0,2,124.58,0,0,0,0.0,0.0,0.182,0.0,0.0,5.545,1
cust_2319,11,97,1174.79,106.8,40,1.27,23,5,27,2,1,0,3,326.78,3,1,1,355.73,355.73,0.273,0.333,0.0,2.455,1
cust_2320,2,18,329.8,164.9,7,6.04,3,1,4,0,0,0,1,61.31,2,1,0,0.0,0.0,0.5,1.0,0.0,2.0,0
cust_2321,1,12,93.2,93.2,8,2.3,2,2,3,2,0,0,2,60.14,0,1,0,0.0,0.0,2.0,0.5,0.0,3.0,0
cust_2322,10,71,764.12,76.41,37,4.96,10,2,13,1,0,2,5,388.9,1,1,1,86.72,86.72,0.5,0.2,0.054,1.3,1
cust_2323,2,14,202.62,101.31,8,1.7,2,2,6,3,1,2,1,108.25,0,1,0,0.0,0.0,0.5,1.0,0.25,3.0,0
cust_2324,1,12,254.13,254.13,7,4.22,2,2,6,1,0,0,2,121.69,0,3,0,0.0,0.0,2.0,1.5,0.0,6.0,1
cust_2325,12,64,1700.02,141.67,39,0.44,13,11,13,0,1,0,2,187.38,1,0,1,150.53,150.53,0.167,0.0,0.0,1.083,1
cust_2326,4,52,359.18,89.8,30,0.06,15,2,19,1,1,0,2,154.0,4,1,0,0.0,0.0,0.5,0.5,0.0,4.75,1
cust_2327,23,250,3849.96,167.39,135,20.4,46,14,49,0,0,3,0,0.0,0,0,1,108.63,108.63,0.0,0.0,0.022,2.13,1
cust_2328,7,69,1270.57,181.51,39,10.25,19,3,20,0,0,1,2,182.19,1,2,0,0.0,0.0,0.286,1.0,0.026,2.857,1
cust_2329,6,39,418.46,69.74,24,8.86,13,12,16,0,0,1,2,169.74,2,0,1,165.05,165.05,0.333,0.0,0.042,2.667,1
cust_2330,3,37,92.61,30.87,24,7.21,5,2,8,1,0,1,0,0.0,1,0,0,0.0,0.0,0.0,0.0,0.042,2.667,0
cust_2331,11,141,528.25,48.02,61,12.97,12,1,15,2,1,1,1,171.47,1,1,0,0.0,0.0,0.091,1.0,0.016,1.364,1
cust_2332,4,37,445.06,111.26,17,13.32,9,1,13,3,0,2,0,0.0,0,0,0,0.0,0.0,0.0,0.0,0.118,3.25,0
cust_2333,4,33,1192.25,298.06,17,27.37,5,1,7,1,0,0,0,0.0,1,0,1,129.33,129.33,0.0,0.0,0.0,1.75,0
cust_2334,1,6,348.57,348.57,3,2.8,0,0,3,0,0,0,0,0.0,2,0,1,119.75,119.75,0.0,0.0,0.0,3.0,0
cust_2335,8,98,351.93,43.99,50,15.38,15,12,16,0,0,0,1,107.75,1,0,0,0.0,0.0,0.125,0.0,0.0,2.0,0
cust_2336,13,143,2539.2,195.32,67,47.28,18,12,18,1,0,0,0,0.0,0,0,0,0.0,0.0,0.0,0.0,0.0,1.385,0
cust_2337,8,50,718.9,89.86,20,0.29,10,4,14,0,1,0,1,133.93,2,2,0,0.0,0.0,0.125,2.0,0.0,1.75,1
cust_2338,2,25,196.01,98.0,16,4.68,7,7,9,1,0,1,1,63.02,2,0,0,0.0,0.0,0.5,0.0,0.062,4.5,0
cust_2339,2,27,237.31,118.65,14,5.73,3,3,5,2,0,0,0,0.0,1,0,0,0.0,0.0,0.0,0.0,0.0,2.5,0
cust_2340,15,69,1600.14,106.68,34,17.25,14,12,17,1,1,1,2,184.76,2,1,1,289.88,289.88,0.133,0.5,0.029,1.133,1
cust_2341,14,174,1333.01,95.21,97,0.14,27,12,28,1,1,0,3,350.62,1,0,0,0.0,0.0,0.214,0.0,0.0,2.0,1
cust_2342,9,120,2098.95,233.22,52,9.13,14,7,14,0,1,0,1,124.05,2,0,0,0.0,0.0,0.111,0.0,0.0,1.556,0
cust_2343,3,44,434.73,144.91,22,22.31,9,2,11,1,0,0,2,286.46,2,1,0,0.0,0.0,0.667,0.5,0.0,3.667,0
cust_2344,11,72,1309.95,119.09,45,1.6,20,7,24,0,0,1,1,139.1,2,1,0,0.0,0.0,0.091,1.0,0.022,2.182,1
cust_2345,1,8,96.17,96.17,4,1.23,1,1,2,1,0,0,3,471.41,1,0,1,308.23,308.23,3.0,0.0,0.0,2.0,1
cust_2346,3,43,749.25,249.75,27,84.52,13,11,17,0,0,3,2,156.78,1,3,1,47.73,47.73,0.667,1.5,0.111,5.667,0
cust_2347,4,20,323.95,80.99,10,17.48,5,1,8,0,0,0,0,0.0,2,0,0,0.0,0.0,0.0,0.0,0.0,2.0,0
cust_2348,1,9,80.94,80.94,4,11.95,2,2,2,1,1,1,1,127.22,2,1,1,84.28,84.28,1.0,1.0,0.25,2.0,0
cust_2349,10,95,1244.38,124.44,61,5.09,27,8,31,0,0,0,0,0.0,0,0,1,197.19,197.19,0.0,0.0,0.0,3.1,0
cust_2350,4,42,1045.54,261.38,18,19.24,5,5,5,0,1,0,1,97.51,0,1,0,0.0,0.0,0.25,1.0,0.0,1.25,0
cust_2351,1,7,330.51,330.51,4,25.61,1,1,5,1,0,0,1,195.83,1,1,1,205.18,205.18,1.0,1.0,0.0,5.0,0
cust_2352,7,99,944.01,134.86,65,13.18,15,11,17,0,0,0,0,0.0,0,0,0,0.0,0.0,0.0,0.0,0.0,2.429,0
cust_2353,3,20,254.42,84.81,9,5.08,2,1,4,1,0,1,2,299.13,1,1,0,0.0,0.0,0.667,0.5,0.111,1.333,1
cust_2354,14,156,4932.8,352.34,71,8.76,37,9,40,1,0,0,1,183.7,2,1,1,156.49,156.49,0.071,1.0,0.0,2.857,1
cust_2355,5,47,2162.36,432.47,26,1.04,14,11,15,1,1,0,1,123.73,0,2,0,0.0,0.0,0.2,2.0,0.0,3.0,1
cust_2356,3,20,550.8,183.6,9,1.72,2,2,2,2,0,0,0,0.0,1,0,0,0.0,0.0,0.0,0.0,0.0,0.667,0
cust_2357,2,12,596.49,298.24,7,15.28,2,1,3,1,0,0,1,160.65,2,1,1,168.16,168.16,0.5,1.0,0.0,1.5,0
cust_2358,6,87,587.48,97.91,41,0.3,18,1,19,0,0,0,3,299.89,1,1,1,74.41,74.41,0.5,0.333,0.0,3.167,1
cust_2359,1,10,86.06,86.06,4,0.5,2,2,3,1,0,1,3,240.98,2,0,1,291.01,291.01,3.0,0.0,0.25,3.0,1
cust_2360,7,74,1077.42,153.92,49,7.09,20,13,21,0,1,0,1,71.25,2,1,1,163.95,163.95,0.143,1.0,0.0,3.0,1
cust_2361,2,25,286.49,143.25,11,1.87,5,3,6,2,0,0,1,90.66,0,1,1,90.19,90.19,0.5,1.0,0.0,3.0,0
cust_2362,11,53,4054.42,368.58,35,3.48,19,13,23,2,0,0,5,191.13,0,1,0,0.0,0.0,0.455,0.2,0.0,2.091,0
cust_2363,7,82,820.16,117.17,37,5.09,15,7,16,3,0,0,2,49.23,0,2,2,385.09,192.54,0.286,1.0,0.0,2.286,1
cust_2364,3,17,402.27,134.09,11,7.39,5,2,5,1,0,0,2,249.01,1,1,0,0.0,0.0,0.667,0.5,0.0,1.667,0
cust_2365,2,24,430.55,215.27,11,3.33,5,5,7,1,0,1,6,1175.48,2,0,1,215.59,215.59,3.0,0.0,0.091,3.5,1
cust_2366,15,83,3088.82,205.92,39,6.61,18,15,19,0,0,0,3,323.87,1,0,0,0.0,0.0,0.2,0.0,0.0,1.267,1
cust_2367,1,13,66.88,66.88,7,4.63,2,2,5,3,0,0,1,129.98,0,1,0,0.0,0.0,1.0,1.0,0.0,5.0,0
cust_2368,2,22,505.48,252.74,11,0.85,4,3,4,1,0,1,0,0.0,1,0,1,109.63,109.63,0.0,0.0,0.091,2.0,0
cust_2369,2,16,190.39,95.2,7,20.18,2,1,6,0,1,1,6,980.73,1,0,0,0.0,0.0,3.0,0.0,0.143,3.0,1
cust_2370,8,63,2617.96,327.25,31,3.3,14,12,16,0,0,0,1,93.85,1,1,0,0.0,0.0,0.125,1.0,0.0,2.0,0
cust_2371,6,33,1057.63,176.27,20,9.4,8,4,10,2,1,2,3,179.73,2,2,0,0.0,0.0,0.5,0.667,0.1,1.667,1
cust_2372,8,111,1168.85,146.11,72,8.44,20,5,22,1,0,0,1,135.17,0,1,0,0.0,0.0,0.125,1.0,0.0,2.75,1
cust_2373,9,47,3415.29,379.48,30,2.22,14,6,17,2,1,0,1,52.94,2,1,0,0.0,0.0,0.111,1.0,0.0,1.889,0
cust_2374,3,27,229.36,76.45,16,0.3,5,2,6,0,0,0,3,236.15,0,1,0,0.0,0.0,1.0,0.333,0.0,2.0,0
cust_2375,2,13,127.79,63.89,5,19.44,1,1,5,0,0,0,0,0.0,0,0,1,389.04,389.04,0.0,0.0,0.0,2.5,0
cust_2376,2,29,596.6,298.3,15,6.89,8,3,12,2,0,0,2,153.47,0,1,0,0.0,0.0,1.0,0.5,0.0,6.0,0
cust_2377,3,31,796.41,265.47,13,5.35,3,3,7,1,1,1,0,0.0,0,0,0,0.0,0.0,0.0,0.0,0.077,2.333,0
cust_2378,6,33,2419.51,403.25,13,14.39,5,1,6,0,0,0,4,895.53,1,1,1,206.86,206.86,0.667,0.25,0.0,1.0,1
cust_2379,8,90,2235.96,279.5,55,0.34,26,13,30,1,0,0,0,0.0,1,0,0,0.0,0.0,0.0,0.0,0.0,3.75,0
cust_2380,4,59,663.86,165.97,37,14.49,16,3,20,4,0,2,2,97.58,1,0,0,0.0,0.0,0.5,0.0,0.054,5.0,0
cust_2381,9,95,876.05,97.34,61,5.26,16,15,18,1,1,0,1,97.54,1,0,1,88.7,88.7,0.111,0.0,0.0,2.0,0
cust_2382,5,45,1024.63,204.93,30,8.02,8,2,9,2,1,1,1,129.04,0,0,0,0.0,0.0,0.2,0.0,0.033,1.8,0
cust_2383,4,28,452.66,113.17,16,13.96,4,3,4,1,0,1,1,191.41,2,1,0,0.0,0.0,0.25,1.0,0.062,1.0,0
cust_2384,3,15,164.86,54.95,10,7.91,2,2,2,1,0,1,2,402.86,1,1,2,144.82,72.41,0.667,0.5,0.1,0.667,1
cust_2385,3,19,255.17,85.06,10,0.64,3,1,3,2,1,0,1,133.8,1,0,0,0.0,0.0,0.333,0.0,0.0,1.0,0
cust_2386,4,40,370.75,92.69,26,13.04,10,7,13,1,0,1,0,0.0,0,0,1,64.24,64.24,0.0,0.0,0.038,3.25,0
cust_2387,11,135,2115.39,192.31,58,15.43,15,11,17,2,0,1,3,110.55,0,0,0,0.0,0.0,0.273,0.0,0.017,1.545,0
cust_2388,14,191,733.63,52.4,84,6.2,49,14,53,2,0,0,5,778.02,0,2,0,0.0,0.0,0.357,0.4,0.0,3.786,1
cust_2389,5,63,292.14,58.43,36,5.78,17,13,19,1,0,0,2,59.92,0,0,0,0.0,0.0,0.4,0.0,0.0,3.8,0
cust_2390,5,26,521.91,104.38,11,2.9,4,4,5,2,0,0,3,307.72,1,1,0,0.0,0.0,0.6,0.333,0.0,1.0,0
cust_2391,6,75,527.1,87.85,31,10.33,14,7,15,0,0,1,3,248.37,0,1,3,305.51,101.84,0.5,0.333,0.032,2.5,1
cust_2392,4,41,666.17,166.54,18,21.37,6,2,8,2,0,0,5,150.11,2,0,0,0.0,0.0,1.25,0.0,0.0,2.0,0
cust_2393,10,91,1159.22,115.92,57,10.67,22,15,23,1,0,0,3,800.82,1,2,1,89.31,89.31,0.3,0.667,0.0,2.3,1
cust_2394,8,82,963.31,120.41,55,14.75,30,4,32,0,0,1,5,622.25,0,0,0,0.0,0.0,0.625,0.0,0.018,4.0,1
cust_2395,3,12,695.37,231.79,6,18.17,2,2,4,1,0,1,3,328.12,0,1,1,261.53,261.53,1.0,0.333,0.167,1.333,1
cust_2396,4,18,1017.53,254.38,12,2.56,5,5,7,1,0,1,1,63.38,1,1,0,0.0,0.0,0.25,1.0,0.083,1.75,0
cust_2397,9,88,851.5,94.61,56,5.14,32,18,32,2,0,1,0,0.0,2,0,0,0.0,0.0,0.0,0.0,0.018,3.556,0
cust_2398,18,106,3496.02,194.22,49,5.73,22,6,26,2,0,0,3,472.54,2,0,1,85.92,85.92,0.167,0.0,0.0,1.444,1
cust_2399,1,10,80.99,80.99,5,8.18,1,1,2,0,0,1,2,222.27,2,1,1,109.55,109.55,2.0,0.5,0.2,2.0,0
cust_2400,1,7,227.39,227.39,4,0.5,0,0,4,3,0,2,0,0.0,1,0,0,0.0,0.0,0.0,0.0,0.5,4.0,0
cust_2401,6,83,444.1,74.02,54,8.88,19,11,23,1,0,1,3,221.89,0,1,0,0.0,0.0,0.5,0.333,0.019,3.833,1
cust_2402,9,130,2404.49,267.17,66,0.93,37,7,39,2,0,0,4,153.87,1,0,0,0.0,0.0,0.444,0.0,0.0,4.333,1
cust_2403,3,44,115.5,38.5,21,16.43,4,4,8,2,2,0,2,112.68,1,2,1,125.72,125.72,0.667,1.0,0.0,2.667,1
cust_2404,2,27,154.2,77.1,17,32.97,4,2,6,2,0,2,4,425.85,1,0,1,162.65,162.65,2.0,0.0,0.118,3.0,0
cust_2405,4,59,412.96,103.24,33,3.42,17,7,18,0,1,1,3,348.41,1,1,1,269.93,269.93,0.75,0.333,0.03,4.5,1
cust_2406,6,70,706.36,117.73,31,7.06,10,7,13,3,0,1,4,424.92,1,1,0,0.0,0.0,0.667,0.25,0.032,2.167,1
cust_2407,2,29,133.06,66.53,14,17.33,3,3,7,1,0,1,1,215.26,2,2,1,218.32,218.32,0.5,2.0,0.071,3.5,1
cust_2408,3,33,294.6,98.2,19,3.78,9,8,13,1,0,1,0,0.0,3,0,1,144.62,144.62,0.0,0.0,0.053,4.333,0
cust_2409,8,103,1004.09,125.51,45,1.72,19,6,23,0,0,0,2,200.15,0,1,1,236.12,236.12,0.25,0.5,0.0,2.875,1
cust_2410,8,43,313.58,39.2,26,13.43,10,10,12,2,0,1,1,6.59,1,1,1,204.22,204.22,0.125,1.0,0.038,1.5,0
cust_2411,1,11,172.73,172.73,6,11.99,1,1,1,0,0,1,0,0.0,6,0,0,0.0,0.0,0.0,0.0,0.167,1.0,0
cust_2412,4,56,698.92,174.73,26,8.44,12,4,14,1,0,1,0,0.0,0,0,0,0.0,0.0,0.0,0.0,0.038,3.5,0
cust_2413,4,39,1055.67,263.92,20,28.9,10,9,12,1,1,1,0,0.0,0,0,0,0.0,0.0,0.0,0.0,0.05,3.0,0
cust_2414,4,24,2069.59,517.4,16,31.04,8,8,10,0,0,0,0,0.0,0,0,0,0.0,0.0,0.0,0.0,0.0,2.5,0
cust_2415,2,19,153.46,76.73,11,19.77,4,4,5,2,0,0,0,0.0,1,0,0,0.0,0.0,0.0,0.0,0.0,2.5,0
cust_2416,11,129,3224.79,293.16,82,3.47,27,3,28,0,1,1,3,162.16,0,2,0,0.0,0.0,0.273,0.667,0.012,2.545,1
cust_2417,4,49,237.69,59.42,27,2.55,14,13,17,0,0,2,3,500.76,1,0,0,0.0,0.0,0.75,0.0,0.074,4.25,1
cust_2418,1,9,120.16,120.16,4,18.06,1,1,5,0,0,1,1,88.64,0,1,0,0.0,0.0,1.0,1.0,0.25,5.0,0
cust_2419,11,70,1961.54,178.32,40,10.54,22,12,25,1,0,1,0,0.0,0,0,3,393.99,131.33,0.0,0.0,0.025,2.273,0
cust_2420,6,85,1065.33,177.56,53,5.04,15,15,15,2,0,0,0,0.0,0,0,2,125.91,62.96,0.0,0.0,0.0,2.5,0
cust_2421,10,125,2566.62,256.66,50,5.27,23,11,24,0,1,0,2,470.52,1,2,1,311.02,311.02,0.2,1.0,0.0,2.4,1
cust_2422,1,6,111.22,111.22,2,19.2,1,1,3,3,0,0,5,682.04,3,0,0,0.0,0.0,5.0,0.0,0.0,3.0,1
cust_2423,10,129,1524.94,152.49,69,1.78,24,11,25,2,0,1,5,506.83,2,2,1,193.16,193.16,0.5,0.4,0.014,2.5,1
cust_2424,2,15,322.61,161.31,7,28.82,4,4,5,0,0,0,3,430.11,0,0,0,0.0,0.0,1.5,0.0,0.0,2.5,0
cust_2425,10,74,3226.17,322.62,51,10.03,18,9,18,0,1,1,1,183.89,2,2,1,232.74,232.74,0.1,2.0,0.02,1.8,1
cust_2426,10,134,1416.74,141.67,57,15.67,21,6,21,0,0,0,3,186.04,1,2,0,0.0,0.0,0.3,0.667,0.0,2.1,1
cust_2427,2,27,217.66,108.83,13,4.63,6,1,10,1,0,1,3,605.84,0,0,0,0.0,0.0,1.5,0.0,0.077,5.0,1
cust_2428,9,75,2119.51,235.5,48,8.84,14,14,15,0,0,2,0,0.0,0,0,0,0.0,0.0,0.0,0.0,0.042,1.667,0
cust_2429,1,4,141.18,141.18,2,13.86,0,0,0,3,0,2,1,73.32,3,0,1,142.83,142.83,1.0,0.0,1.0,0.0,0
cust_2430,9,54,2361.12,262.35,30,5.71,9,3,12,1,0,0,0,0.0,0,0,0,0.0,0.0,0.0,0.0,0.0,1.333,0
cust_2431,3,42,786.21,262.07,26,6.69,11,6,12,1,0,1,1,88.88,2,1,0,0.0,0.0,0.333,1.0,0.038,4.0,0
cust_2432,6,83,267.86,44.64,34,8.72,17,10,19,1,0,1,0,0.0,3,0,0,0.0,0.0,0.0,0.0,0.029,3.167,0
cust_2433,2,17,977.84,488.92,11,0.66,2,1,6,0,1,0,2,347.58,3,1,0,0.0,0.0,1.0,0.5,0.0,3.0,0
cust_2434,2,14,124.69,62.35,6,19.89,1,1,2,3,0,1,0,0.0,2,0,1,47.83,47.83,0.0,0.0,0.167,1.0,0
cust_2435,4,29,640.31,160.08,12,20.15,6,1,10,1,1,2,3,282.9,0,1,0,0.0,0.0,0.75,0.333,0.167,2.5,1
cust_2436,4,55,382.97,95.74,27,3.3,14,2,18,2,0,0,0,0.0,0,0,0,0.0,0.0,0.0,0.0,0.0,4.5,0
cust_2437,5,37,458.37,91.67,22,21.19,12,3,12,0,0,0,0,0.0,1,0,0,0.0,0.0,0.0,0.0,0.0,2.4,0
cust_2438,2,19,145.86,72.93,8,13.67,3,3,3,1,0,0,2,269.22,1,0,0,0.0,0.0,1.0,0.0,0.0,1.5,0
cust_2439,5,60,1213.88,242.78,24,6.6,11,5,12,2,0,0,0,0.0,2,0,0,0.0,0.0,0.0,0.0,0.0,2.4,0
cust_2440,3,18,341.53,113.84,7,4.27,4,4,8,3,0,2,3,365.54,2,0,1,84.07,84.07,1.0,0.0,0.286,2.667,0
cust_2441,3,20,859.95,286.65,9,5.1,3,1,6,1,0,0,1,78.85,2,0,0,0.0,0.0,0.333,0.0,0.0,2.0,0
cust_2442,3,23,334.45,111.48,10,7.64,5,3,5,1,0,2,1,149.07,0,1,1,115.03,115.03,0.333,1.0,0.2,1.667,0
cust_2443,12,134,1320.96,110.08,68,5.32,15,12,15,0,1,1,1,56.47,0,0,2,693.44,346.72,0.083,0.0,0.015,1.25,0
cust_2444,22,285,1736.78,78.94,128,5.45,53,13,53,0,0,0,1,83.23,1,1,0,0.0,0.0,0.045,1.0,0.0,2.409,1
cust_2445,7,70,921.02,131.57,35,2.27,11,1,11,2,0,0,0,0.0,0,0,0,0.0,0.0,0.0,0.0,0.0,1.571,0
cust_2446,3,16,116.65,38.88,8,12.3,3,3,7,1,0,2,1,158.91,1,1,0,0.0,0.0,0.333,1.0,0.25,2.333,0
cust_2447,12,106,3368.16,280.68,66,9.41,16,8,19,1,0,1,1,117.43,3,1,2,323.73,161.86,0.083,1.0,0.015,1.583,1
cust_2448,8,43,1430.07,178.76,20,48.16,6,3,6,2,0,2,1,141.97,0,0,2,275.02,137.51,0.125,0.0,0.1,0.75,0
cust_2449,8,39,1152.19,144.02,21,1.52,4,2,7,2,1,0,0,0.0,1,0,0,0.0,0.0,0.0,0.0,0.0,0.875,0
cust_2450,9,94,367.29,40.81,60,1.21,22,18,26,2,1,1,2,468.69,1,0,0,0.0,0.0,0.222,0.0,0.017,2.889,1
cust_2451,9,130,744.31,82.7,90,7.26,33,6,35,1,0,1,2,68.46,2,1,2,247.26,123.63,0.222,0.5,0.011,3.889,1
cust_2452,4,52,134.37,33.59,29,1.65,9,1,11,0,0,1,4,278.31,0,2,0,0.0,0.0,1.0,0.5,0.034,2.75,1
cust_2453,5,62,331.3,66.26,32,9.43,18,6,20,2,0,0,1,52.13,0,0,0,0.0,0.0,0.2,0.0,0.0,4.0,0
cust_2454,3,35,405.14,135.05,20,2.18,4,1,5,1,1,2,2,462.84,0,0,0,0.0,0.0,0.667,0.0,0.1,1.667,0
cust_2455,3,41,553.86,184.62,22,6.6,11,2,14,0,0,2,1,60.6,3,1,1,87.79,87.79,0.333,1.0,0.091,4.667,1
cust_2456,8,98,655.24,81.91,44,9.45,15,8,19,0,0,1,3,479.59,1,0,0,0.0,0.0,0.375,0.0,0.023,2.375,1
cust_2457,4,43,299.5,74.88,23,6.13,6,2,7,0,1,0,1,186.46,1,0,1,43.63,43.63,0.25,0.0,0.0,1.75,0
cust_2458,5,40,1083.34,216.67,27,3.86,8,2,10,1,0,2,3,242.69,1,0,3,479.97,159.99,0.6,0.0,0.074,2.0,1
cust_2459,11,56,1636.9,148.81,33,15.25,18,11,20,1,1,0,2,108.4,3,1,0,0.0,0.0,0.182,0.5,0.0,1.818,1
cust_2460,6,54,1393.35,232.23,26,19.29,13,8,15,3,0,0,0,0.0,1,0,2,255.12,127.56,0.0,0.0,0.0,2.5,0
cust_2461,15,212,4757.34,317.16,145,3.26,29,2,33,0,0,0,5,471.03,2,0,0,0.0,0.0,0.333,0.0,0.0,2.2,1
cust_2462,4,41,677.86,169.47,21,16.79,5,2,7,0,0,1,1,116.42,1,1,0,0.0,0.0,0.25,1.0,0.048,1.75,0
cust_2463,2,12,204.91,102.46,6,4.97,2,2,5,1,1,1,2,12.31,1,1,1,190.51,190.51,1.0,0.5,0.167,2.5,0
cust_2464,4,44,484.84,121.21,25,6.69,8,6,10,3,1,2,1,138.51,0,1,0,0.0,0.0,0.25,1.0,0.08,2.5,1
cust_2465,11,100,1426.07,129.64,57,2.64,32,16,33,0,0,1,1,124.65,0,0,0,0.0,0.0,0.091,0.0,0.018,3.0,1
cust_2466,4,56,477.13,119.28,27,9.83,13,7,15,0,0,1,2,349.28,0,0,1,98.3,98.3,0.5,0.0,0.037,3.75,1
cust_2467,10,57,1799.56,179.96,30,1.06,16,3,17,1,0,3,0,0.0,0,0,0,0.0,0.0,0.0,0.0,0.1,1.7,0
cust_2468,10,118,1465.09,146.51,58,8.96,16,9,16,0,0,1,0,0.0,0,0,1,50.76,50.76,0.0,0.0,0.017,1.6,0
cust_2469,4,45,306.0,76.5,27,45.77,7,3,11,3,0,0,0,0.0,0,0,0,0.0,0.0,0.0,0.0,0.0,2.75,0
cust_2470,5,74,302.78,60.56,32,14.0,18,3,21,0,0,1,2,131.31,0,3,0,0.0,0.0,0.4,1.5,0.031,4.2,1
cust_2471,6,61,806.87,134.48,38,22.54,13,6,15,1,1,0,4,501.6,1,1,0,0.0,0.0,0.667,0.25,0.0,2.5,1
cust_2472,3,40,90.67,30.22,17,6.24,6,5,8,3,0,1,0,0.0,1,0,1,120.77,120.77,0.0,0.0,0.059,2.667,0
cust_2473,6,25,1596.62,266.1,12,1.53,5,5,7,1,0,1,0,0.0,1,0,0,0.0,0.0,0.0,0.0,0.083,1.167,0
cust_2474,9,48,839.96,93.33,23,3.4,8,2,10,1,0,3,2,392.42,0,2,2,148.21,74.1,0.222,1.0,0.13,1.111,1
cust_2475,5,39,1744.88,348.98,27,0.5,14,4,15,3,0,1,3,222.64,0,0,0,0.0,0.0,0.6,0.0,0.037,3.0,0
cust_2476,5,54,1474.43,294.89,31,6.97,18,11,22,2,0,1,4,995.89,2,2,1,604.28,604.28,0.8,0.5,0.032,4.4,1
cust_2477,7,62,2093.6,299.09,39,10.49,12,12,13,2,0,1,1,47.33,1,2,0,0.0,0.0,0.143,2.0,0.026,1.857,1
cust_2478,14,87,1459.61,104.26,49,5.52,13,8,15,3,0,2,1,20.91,0,0,0,0.0,0.0,0.071,0.0,0.041,1.071,0
cust_2479,6,62,379.18,63.2,43,8.28,9,9,10,1,0,1,2,194.72,1,0,0,0.0,0.0,0.333,0.0,0.023,1.667,0
cust_2480,5,51,883.02,176.6,23,3.87,6,2,8,0,0,2,4,98.8,2,1,0,0.0,0.0,0.8,0.25,0.087,1.6,0
cust_2481,3,29,607.52,202.51,16,0.9,4,3,4,1,0,0,1,107.65,0,0,1,53.17,53.17,0.333,0.0,0.0,1.333,0
cust_2482,2,9,122.43,61.21,5,5.66,1,1,2,1,0,1,1,15.06,1,0,0,0.0,0.0,0.5,0.0,0.2,1.0,0
cust_2483,8,113,4021.77,502.72,66,7.94,14,5,18,1,1,0,0,0.0,1,0,2,189.6,94.8,0.0,0.0,0.0,2.25,0
cust_2484,5,52,386.24,77.25,34,40.53,13,7,13,1,0,1,2,141.19,0,1,2,188.2,94.1,0.4,0.5,0.029,2.6,0
cust_2485,5,34,514.88,102.98,19,4.27,9,5,12,0,0,0,1,107.69,2,2,1,123.15,123.15,0.2,2.0,0.0,2.4,1
cust_2486,4,46,847.58,211.89,29,11.32,17,15,18,2,0,2,2,73.92,0,1,0,0.0,0.0,0.5,0.5,0.069,4.5,1
cust_2487,3,22,599.62,199.87,9,17.29,2,2,3,1,0,0,0,0.0,0,0,0,0.0,0.0,0.0,0.0,0.0,1.0,0
cust_2488,4,38,471.83,117.96,18,4.09,8,4,11,0,0,0,0,0.0,0,0,0,0.0,0.0,0.0,0.0,0.0,2.75,0
cust_2489,3,23,343.39,114.46,12,26.58,5,5,9,1,0,1,0,0.0,0,0,0,0.0,0.0,0.0,0.0,0.083,3.0,0
cust_2490,3,41,335.34,111.78,26,4.14,10,8,10,1,1,0,1,32.32,1,1,0,0.0,0.0,0.333,1.0,0.0,3.333,0
cust_2491,2,29,529.72,264.86,15,35.0,7,4,10,1,0,2,1,212.41,0,1,1,288.9,288.9,0.5,1.0,0.133,5.0,0
cust_2492,3,17,514.63,171.54,10,0.02,2,2,6,1,0,0,2,204.56,3,1,1,121.93,121.93,0.667,0.5,0.0,2.0,1
cust_2493,5,21,451.45,90.29,10,10.06,3,3,3,1,0,0,3,286.75,0,0,0,0.0,0.0,0.6,0.0,0.0,0.6,0
cust_2494,3,19,411.05,137.02,12,15.6,4,3,8,1,1,0,2,101.32,0,0,0,0.0,0.0,0.667,0.0,0.0,2.667,0
cust_2495,4,41,952.63,238.16,18,3.29,4,4,8,1,0,1,2,203.09,1,0,0,0.0,0.0,0.5,0.0,0.056,2.0,1
cust_2496,1,5,103.43,103.43,2,1.24,0,0,2,1,0,0,2,128.77,0,1,0,0.0,0.0,2.0,0.5,0.0,2.0,0
cust_2497,2,25,374.84,187.42,14,0.25,3,3,4,1,0,1,1,93.83,0,0,0,0.0,0.0,0.5,0.0,0.071,2.0,0
cust_2498,3,25,304.1,101.37,13,0.77,4,1,4,1,1,1,1,65.38,0,2,0,0.0,0.0,0.333,2.0,0.077,1.333,1
cust_2499,2,21,132.7,66.35,12,7.83,2,1,4,1,0,0,2,174.94,0,1,2,390.45,195.22,1.0,0.5,0.0,2.0,1
cust_2500,6,54,680.73,113.45,22,18.27,4,3,4,1,0,1,3,407.74,0,1,0,0.0,0.0,0.5,0.333,0.045,0.667,1
cust_2501,4,55,671.94,167.99,35,0.65,11,9,13,1,0,0,3,397.15,0,0,0,0.0,0.0,0.75,0.0,0.0,3.25,0
cust_2502,7,30,3473.01,496.14,15,1.2,6,2,6,2,1,0,1,63.54,0,3,0,0.0,0.0,0.143,3.0,0.0,0.857,1
cust_2503,6,72,860.68,143.45,45,0.05,11,2,12,1,0,2,3,192.2,0,1,0,0.0,0.0,0.5,0.333,0.044,2.0,1
cust_2504,6,67,752.76,125.46,32,3.32,19,3,23,0,0,2,1,248.7,0,0,0,0.0,0.0,0.167,0.0,0.062,3.833,1
cust_2505,14,156,1367.03,97.65,71,25.41,21,6,22,2,0,0,1,118.65,3,3,0,0.0,0.0,0.071,3.0,0.0,1.571,1
cust_2506,4,34,651.9,162.97,17,3.23,3,2,3,0,0,0,2,150.15,2,0,1,97.14,97.14,0.5,0.0,0.0,0.75,0
cust_2507,6,25,799.09,133.18,15,5.81,3,3,4,0,0,0,2,234.09,1,3,0,0.0,0.0,0.333,1.5,0.0,0.667,1
cust_2508,9,104,1036.28,115.14,63,1.97,29,8,29,2,0,0,0,0.0,0,0,0,0.0,0.0,0.0,0.0,0.0,3.222,1
cust_2509,3,39,276.7,92.23,20,1.24,9,1,12,1,1,1,0,0.0,2,0,0,0.0,0.0,0.0,0.0,0.05,4.0,0
cust_2510,1,4,33.5,33.5,2,2.01,1,1,4,1,0,1,2,151.23,0,0,0,0.0,0.0,2.0,0.0,0.5,4.0,0
cust_2511,5,44,923.45,184.69,22,2.36,5,1,5,2,0,0,2,76.41,0,1,0,0.0,0.0,0.4,0.5,0.0,1.0,0
cust_2512,3,17,339.62,113.21,8,1.4,2,1,5,2,2,0,0,0.0,1,0,0,0.0,0.0,0.0,0.0,0.0,1.667,0
cust_2513,4,42,250.73,62.68,18,15.68,10,2,14,1,0,1,1,166.92,1,0,1,220.15,220.15,0.25,0.0,0.056,3.5,0
cust_2514,5,63,618.71,123.74,26,6.49,13,4,13,0,0,0,0,0.0,1,0,0,0.0,0.0,0.0,0.0,0.0,2.6,0
cust_2515,17,192,1937.97,114.0,96,7.76,28,12,30,2,0,0,3,228.24,0,1,1,124.49,124.49,0.176,0.333,0.0,1.765,1
cust_2516,6,44,188.11,31.35,18,4.69,10,10,13,1,1,1,1,65.75,1,1,0,0.0,0.0,0.167,1.0,0.056,2.167,0
cust_2517,15,83,781.12,52.07,44,2.37,20,10,24,1,0,2,1,36.71,1,2,0,0.0,0.0,0.067,2.0,0.045,1.6,1
cust_2518,5,63,272.76,54.55,41,0.99,12,8,12,0,0,0,1,61.52,0,1,0,0.0,0.0,0.2,1.0,0.0,2.4,0
cust_2519,7,52,2601.03,371.58,28,0.79,6,4,8,1,0,1,1,47.06,2,2,0,0.0,0.0,0.143,2.0,0.036,1.143,1
cust_2520,7,29,1242.51,177.5,15,2.05,5,4,9,0,0,1,2,286.02,2,2,2,216.77,108.38,0.286,1.0,0.067,1.286,1
cust_2521,8,82,740.21,92.53,39,18.98,18,16,21,4,1,1,1,120.47,0,1,0,0.0,0.0,0.125,1.0,0.026,2.625,0
cust_2522,8,53,943.11,117.89,23,2.44,7,2,7,4,0,1,1,79.81,2,1,0,0.0,0.0,0.125,1.0,0.043,0.875,0
cust_2523,2,26,270.07,135.04,12,4.38,3,1,6,1,1,0,2,294.71,2,2,0,0.0,0.0,1.0,1.0,0.0,3.0,1
cust_2524,3,16,661.92,220.64,9,8.5,2,1,4,1,0,1,1,47.96,2,2,0,0.0,0.0,0.333,2.0,0.111,1.333,0
cust_2525,3,26,774.97,258.32,15,7.16,8,1,8,0,0,1,1,10.22,1,0,1,138.9,138.9,0.333,0.0,0.067,2.667,0
cust_2526,4,27,1217.04,304.26,12,10.96,2,1,6,0,0,1,1,80.64,2,2,2,162.05,81.03,0.25,2.0,0.083,1.5,1
cust_2527,7,81,407.1,58.16,42,2.16,18,3,21,1,0,0,1,103.67,1,1,0,0.0,0.0,0.143,1.0,0.0,3.0,1
cust_2528,3,30,362.26,120.75,17,7.42,8,4,9,0,1,0,1,94.52,2,1,0,0.0,0.0,0.333,1.0,0.0,3.0,0
cust_2529,12,152,1217.7,101.47,95,14.6,48,17,52,1,0,1,2,267.08,2,0,0,0.0,0.0,0.167,0.0,0.011,4.333,1
cust_2530,7,63,456.09,65.16,31,4.9,14,13,17,2,0,2,1,113.85,0,0,0,0.0,0.0,0.143,0.0,0.065,2.429,0
cust_2531,10,40,3160.98,316.1,19,35.72,8,8,9,0,0,1,1,46.83,0,2,0,0.0,0.0,0.1,2.0,0.053,0.9,0
cust_2532,3,19,843.32,281.11,11,8.63,4,1,6,0,0,0,1,77.11,3,2,1,133.48,133.48,0.333,2.0,0.0,2.0,1
cust_2533,13,194,2919.88,224.61,107,11.23,39,5,39,1,0,2,3,570.29,2,0,1,87.4,87.4,0.231,0.0,0.019,3.0,1
cust_2534,3,25,873.46,291.15,16,6.14,4,4,6,0,0,0,2,280.67,2,0,0,0.0,0.0,0.667,0.0,0.0,2.0,0
cust_2535,1,10,103.14,103.14,4,19.51,1,1,3,0,0,0,1,35.48,1,1,0,0.0,0.0,1.0,1.0,0.0,3.0,0
cust_2536,6,83,989.2,164.87,52,6.01,11,1,11,0,0,1,1,129.93,0,1,1,79.2,79.2,0.167,1.0,0.019,1.833,0
cust_2537,3,12,865.5,288.5,5,28.52,1,1,5,2,0,0,2,306.14,1,0,0,0.0,0.0,0.667,0.0,0.0,1.667,0
cust_2538,10,112,2374.43,237.44,64,3.67,31,8,34,1,0,1,3,226.38,0,0,0,0.0,0.0,0.3,0.0,0.016,3.4,1
cust_2539,15,107,3850.84,256.72,51,20.09,19,12,21,2,0,0,2,479.46,1,3,0,0.0,0.0,0.133,1.5,0.0,1.4,1
cust_2540,6,42,1184.91,197.48,18,10.2,7,7,11,2,1,0,4,576.08,2,3,0,0.0,0.0,0.667,0.75,0.0,1.833,1
cust_2541,9,58,1522.88,169.21,33,16.05,17,5,18,1,0,2,0,0.0,2,0,0,0.0,0.0,0.0,0.0,0.061,2.0,0
cust_2542,4,52,424.8,106.2,28,0.38,12,7,14,1,0,0,3,264.24,3,1,1,261.03,261.03,0.75,0.333,0.0,3.5,1
cust_2543,1,8,264.45,264.45,4,3.25,1,1,5,2,1,0,0,0.0,2,0,1,82.27,82.27,0.0,0.0,0.0,5.0,0
cust_2544,5,23,1532.55,306.51,13,18.78,5,2,9,1,0,0,1,80.92,0,1,2,330.49,165.24,0.2,1.0,0.0,1.8,0
cust_2545,1,5,94.29,94.29,2,3.83,0,0,3,2,0,0,1,190.54,1,3,0,0.0,0.0,1.0,3.0,0.0,3.0,1
cust_2546,3,16,408.63,136.21,9,12.47,2,1,4,2,0,0,1,79.84,2,1,0,0.0,0.0,0.333,1.0,0.0,1.333,0
cust_2547,7,97,350.57,50.08,42,48.52,19,9,19,1,1,0,1,75.4,2,1,0,0.0,0.0,0.143,1.0,0.0,2.714,0
cust_2548,5,43,468.92,93.78,26,1.95,9,8,12,0,0,0,2,237.2,2,0,0,0.0,0.0,0.4,0.0,0.0,2.4,0
cust_2549,5,70,1115.56,223.11,40,5.41,20,8,20,2,0,0,1,34.86,1,0,1,284.07,284.07,0.2,0.0,0.0,4.0,1
cust_2550,5,64,1710.99,342.2,34,1.8,14,3,14,0,0,0,2,96.12,1,1,1,79.33,79.33,0.4,0.5,0.0,2.8,1
cust_2551,10,132,1783.39,178.34,57,1.68,13,13,17,5,0,0,3,391.06,0,1,0,0.0,0.0,0.3,0.333,0.0,1.7,1
cust_2552,5,35,869.39,173.88,16,10.03,5,3,5,0,1,0,0,0.0,0,0,1,52.94,52.94,0.0,0.0,0.0,1.0,0
cust_2553,6,41,2824.32,470.72,20,2.12,6,5,6,4,0,1,1,211.48,0,3,1,112.79,112.79,0.167,3.0,0.05,1.0,1
cust_2554,5,50,853.18,170.64,23,6.59,5,3,8,2,0,0,2,211.86,1,1,0,0.0,0.0,0.4,0.5,0.0,1.6,1
cust_2555,3,25,574.77,191.59,17,38.14,8,3,10,2,0,1,3,336.97,2,1,0,0.0,0.0,1.0,0.333,0.059,3.333,0
cust_2556,3,28,876.71,292.24,18,4.05,6,6,9,1,0,0,4,192.46,0,0,1,255.53,255.53,1.333,0.0,0.0,3.0,0
cust_2557,13,59,2027.32,155.95,33,20.69,14,4,18,1,0,0,0,0.0,1,0,0,0.0,0.0,0.0,0.0,0.0,1.385,0
cust_2558,9,132,2314.21,257.13,60,5.05,33,12,35,2,1,1,2,191.19,0,0,0,0.0,0.0,0.222,0.0,0.017,3.889,1
cust_2559,1,4,211.63,211.63,2,3.05,0,0,3,3,0,3,1,129.68,1,1,0,0.0,0.0,1.0,1.0,1.5,3.0,1
cust_2560,3,17,240.9,80.3,10,4.1,3,1,5,1,1,0,2,83.21,3,1,1,284.45,284.45,0.667,0.5,0.0,1.667,0
cust_2561,6,68,152.55,25.42,27,1.37,13,5,14,3,0,1,3,229.57,0,1,1,77.47,77.47,0.5,0.333,0.037,2.333,1
cust_2562,5,28,298.92,59.78,15,11.36,5,5,8,3,0,1,1,61.93,1,1,2,633.61,316.8,0.2,1.0,0.067,1.6,0
cust_2563,9,46,1392.32,154.7,26,7.11,11,4,13,1,0,0,0,0.0,1,0,0,0.0,0.0,0.0,0.0,0.0,1.444,0
cust_2564,9,51,2541.95,282.44,21,9.51,11,6,11,0,0,0,2,119.19,1,1,0,0.0,0.0,0.222,0.5,0.0,1.222,0
cust_2565,3,14,418.4,139.47,5,3.61,1,1,2,0,0,2,2,286.54,2,0,0,0.0,0.0,0.667,0.0,0.4,0.667,0
cust_2566,18,121,2497.61,138.76,65,10.6,21,4,21,5,0,1,1,94.34,0,0,0,0.0,0.0,0.056,0.0,0.015,1.167,0
cust_2567,10,69,1196.04,119.6,27,1.8,13,7,14,2,0,0,1,172.12,0,1,1,173.82,173.82,0.1,1.0,0.0,1.4,0
cust_2568,2,18,212.77,106.38,7,10.57,1,1,5,0,1,1,2,156.86,0,1,1,393.7,393.7,1.0,0.5,0.143,2.5,0
cust_2569,9,79,5376.54,597.39,35,0.85,19,8,21,1,0,2,3,144.72,1,0,1,277.0,277.0,0.333,0.0,0.057,2.333,1
cust_2570,7,64,1176.2,168.03,43,5.11,24,11,25,0,0,2,2,135.29,4,0,0,0.0,0.0,0.286,0.0,0.047,3.571,1
cust_2571,3,32,314.37,104.79,20,9.41,8,3,10,1,0,1,0,0.0,1,0,2,477.52,238.76,0.0,0.0,0.05,3.333,0
cust_2572,2,13,330.2,165.1,6,19.33,1,1,5,1,1,1,0,0.0,0,0,1,55.36,55.36,0.0,0.0,0.167,2.5,0
cust_2573,11,60,1931.99,175.64,32,16.74,12,11,13,3,0,0,0,0.0,0,0,0,0.0,0.0,0.0,0.0,0.0,1.182,0
cust_2574,7,95,574.13,82.02,57,7.49,21,17,23,0,0,0,1,108.44,1,0,0,0.0,0.0,0.143,0.0,0.0,3.286,0
cust_2575,3,32,960.39,320.13,17,21.49,5,4,8,2,0,2,2,254.79,0,0,1,166.07,166.07,0.667,0.0,0.118,2.667,0
cust_2576,5,23,592.02,118.4,9,7.05,2,2,4,0,1,1,0,0.0,0,0,0,0.0,0.0,0.0,0.0,0.111,0.8,0
cust_2577,3,43,945.84,315.28,26,7.28,7,6,9,0,0,1,1,101.95,1,2,2,183.66,91.83,0.333,2.0,0.038,3.0,1
cust_2578,12,139,1300.87,108.41,58,12.75,24,8,26,1,1,1,1,82.58,1,0,0,0.0,0.0,0.083,0.0,0.017,2.167,0
cust_2579,10,56,935.64,93.56,30,21.02,14,14,14,0,0,1,4,345.93,1,2,0,0.0,0.0,0.4,0.5,0.033,1.4,1
cust_2580,2,29,741.67,370.83,19,9.23,11,4,12,2,0,2,1,87.49,1,1,2,182.75,91.38,0.5,1.0,0.105,6.0,1
cust_2581,3,24,977.39,325.8,10,28.86,2,1,4,2,0,1,2,411.86,2,0,0,0.0,0.0,0.667,0.0,0.1,1.333,0
cust_2582,6,88,701.96,116.99,53,2.65,14,9,18,2,1,0,1,100.32,0,0,0,0.0,0.0,0.167,0.0,0.0,3.0,0
cust_2583,12,61,1272.43,106.04,25,25.81,6,2,8,1,0,2,2,266.02,2,0,1,98.73,98.73,0.167,0.0,0.08,0.667,0
cust_2584,3,17,639.77,213.26,11,2.51,6,2,8,1,0,1,0,0.0,1,0,1,330.83,330.83,0.0,0.0,0.091,2.667,0
cust_2585,16,179,1115.34,69.71,108,7.47,38,3,41,0,0,1,1,39.86,0,1,0,0.0,0.0,0.062,1.0,0.009,2.562,1
cust_2586,9,38,1709.03,189.89,26,15.9,14,11,17,2,1,2,3,232.53,1,1,0,0.0,0.0,0.333,0.333,0.077,1.889,1
cust_2587,6,25,1773.21,295.53,15,16.17,8,6,11,1,0,1,5,272.05,4,1,2,208.29,104.14,0.833,0.2,0.067,1.833,1
cust_2588,2,25,240.81,120.41,11,3.26,2,2,2,0,0,2,2,84.47,0,0,0,0.0,0.0,1.0,0.0,0.182,1.0,0
cust_2589,3,17,907.55,302.52,11,42.61,3,1,7,0,0,1,0,0.0,0,0,5,1541.45,308.29,0.0,0.0,0.091,2.333,0
cust_2590,7,98,1930.95,275.85,57,0.84,18,8,19,0,0,0,2,267.61,0,1,0,0.0,0.0,0.286,0.5,0.0,2.714,0
cust_2591,2,17,392.74,196.37,9,0.35,2,1,6,1,0,0,1,121.56,0,0,0,0.0,0.0,0.5,0.0,0.0,3.0,0
cust_2592,12,163,5718.41,476.53,86,18.42,31,8,34,2,0,0,2,300.61,0,0,2,276.23,138.12,0.167,0.0,0.0,2.833,1
cust_2593,9,77,634.37,70.49,37,17.09,14,3,18,0,0,1,1,66.25,1,1,0,0.0,0.0,0.111,1.0,0.027,2.0,1
cust_2594,7,68,493.57,70.51,38,12.48,19,11,19,0,2,1,1,41.04,0,0,0,0.0,0.0,0.143,0.0,0.026,2.714,0
cust_2595,7,52,2092.55,298.94,26,19.02,7,2,9,1,1,1,3,85.64,0,0,4,743.81,185.95,0.429,0.0,0.038,1.286,0
cust_2596,17,191,1183.57,69.62,125,1.48,39,16,42,0,0,2,2,117.98,0,0,1,96.84,96.84,0.118,0.0,0.016,2.471,1
cust_2597,7,52,958.97,137.0,21,1.01,9,3,10,2,0,1,2,283.83,3,0,0,0.0,0.0,0.286,0.0,0.048,1.429,1
cust_2598,15,96,2458.53,163.9,53,34.87,14,13,14,3,0,0,1,99.75,1,1,1,176.09,176.09,0.067,1.0,0.0,0.933,0
cust_2599,7,34,2035.14,290.73,22,9.79,8,7,12,0,0,0,1,88.24,1,1,0,0.0,0.0,0.143,1.0,0.0,1.714,0
cust_2600,4,18,621.7,155.43,7,25.24,2,2,3,1,0,1,2,181.08,3,1,0,0.0,0.0,0.5,0.5,0.143,0.75,0
cust_2601,13,95,808.76,62.21,46,23.69,12,1,13,1,0,0,3,243.73,0,0,0,0.0,0.0,0.231,0.0,0.0,1.0,0
cust_2602,8,96,1698.51,212.31,39,10.59,20,15,23,3,1,0,2,112.45,0,1,0,0.0,0.0,0.25,0.5,0.0,2.875,1
cust_2603,8,50,1784.1,223.01,28,9.9,13,8,15,1,0,2,0,0.0,1,0,3,421.81,140.6,0.0,0.0,0.071,1.875,0
cust_2604,2,14,303.84,151.92,6,4.46,1,1,1,1,0,3,1,60.68,0,1,0,0.0,0.0,0.5,1.0,0.5,0.5,0
cust_2605,4,55,492.89,123.22,37,1.61,13,11,17,1,0,1,0,0.0,0,0,1,125.64,125.64,0.0,0.0,0.027,4.25,0
cust_2606,1,11,264.98,264.98,6,11.6,1,1,5,0,0,1,2,161.18,1,1,1,177.73,177.73,2.0,0.5,0.167,5.0,0
cust_2607,8,112,1510.02,188.75,63,17.03,13,3,13,1,0,1,2,344.48,0,1,0,0.0,0.0,0.25,0.5,0.016,1.625,1
cust_2608,6,84,855.79,142.63,56,7.87,24,13,24,1,4,0,2,24.99,0,0,1,191.15,191.15,0.333,0.0,0.0,4.0,0
cust_2609,1,4,289.63,289.63,1,0.52,0,0,1,1,0,2,1,77.71,1,1,1,83.85,83.85,1.0,1.0,2.0,1.0,0
cust_2610,2,29,283.53,141.77,16,1.57,4,2,6,1,1,1,2,182.39,1,1,0,0.0,0.0,1.0,0.5,0.062,3.0,0
cust_2611,3,13,451.24,150.41,7,1.08,1,1,3,1,1,1,2,354.04,3,2,1,63.32,63.32,0.667,1.0,0.143,1.0,1
cust_2612,11,155,1021.05,92.82,65,10.72,30,9,33,0,0,1,2,308.98,0,0,1,85.4,85.4,0.182,0.0,0.015,3.0,1
cust_2613,8,80,2202.45,275.31,54,8.32,16,7,20,1,1,0,3,184.51,1,0,0,0.0,0.0,0.375,0.0,0.0,2.5,0
cust_2614,16,157,2219.2,138.7,95,6.28,53,16,57,1,0,0,1,96.55,1,0,0,0.0,0.0,0.062,0.0,0.0,3.562,1
cust_2615,8,94,874.21,109.28,62,7.84,17,12,17,3,1,1,2,139.46,1,1,0,0.0,0.0,0.25,0.5,0.016,2.125,1
cust_2616,8,109,1876.92,234.62,75,3.23,22,17,25,1,0,0,0,0.0,0,0,0,0.0,0.0,0.0,0.0,0.0,3.125,0
cust_2617,3,32,264.43,88.14,17,16.33,9,2,11,1,1,0,0,0.0,0,0,0,0.0,0.0,0.0,0.0,0.0,3.667,0
cust_2618,3,26,481.97,160.66,16,3.98,6,1,8,1,0,0,2,484.47,1,2,0,0.0,0.0,0.667,1.0,0.0,2.667,1
cust_2619,12,62,1865.46,155.45,35,10.34,8,8,10,5,1,1,2,201.51,1,2,1,273.79,273.79,0.167,1.0,0.029,0.833,1
cust_2620,10,126,2759.55,275.95,87,4.96,36,5,39,1,0,2,2,214.19,1,0,0,0.0,0.0,0.2,0.0,0.023,3.9,1
cust_2621,5,27,721.61,144.32,12,0.75,3,1,6,1,0,1,3,670.39,1,0,1,142.53,142.53,0.6,0.0,0.083,1.2,1
cust_2622,2,23,521.54,260.77,9,2.97,4,1,4,0,0,0,1,29.52,2,0,2,355.23,177.62,0.5,0.0,0.0,2.0,0
cust_2623,5,49,908.36,181.67,22,33.55,5,3,6,2,1,0,1,25.74,1,1,1,107.38,107.38,0.2,1.0,0.0,1.2,0
cust_2624,2,16,251.84,125.92,7,2.11,3,3,6,0,1,0,1,80.27,0,1,0,0.0,0.0,0.5,1.0,0.0,3.0,0
cust_2625,4,42,2022.1,505.53,22,1.11,8,1,10,3,0,0,1,86.97,0,0,0,0.0,0.0,0.25,0.0,0.0,2.5,0
cust_2626,4,49,635.47,158.87,20,3.44,9,8,12,1,0,1,0,0.0,1,0,0,0.0,0.0,0.0,0.0,0.05,3.0,0
cust_2627,5,71,1337.88,267.58,33,21.03,15,8,16,0,0,0,1,240.93,5,0,1,335.04,335.04,0.2,0.0,0.0,3.2,0
cust_2628,1,6,131.0,131.0,2,3.65,0,0,3,1,0,0,1,65.66,0,0,0,0.0,0.0,1.0,0.0,0.0,3.0,0
cust_2629,2,28,57.9,28.95,15,5.4,8,8,10,3,0,1,1,85.73,0,0,0,0.0,0.0,0.5,0.0,0.067,5.0,0
cust_2630,2,29,392.2,196.1,13,3.71,3,3,3,1,1,0,0,0.0,0,0,0,0.0,0.0,0.0,0.0,0.0,1.5,0
cust_2631,3,38,160.63,53.54,20,45.07,5,5,8,2,0,0,3,373.47,2,1,0,0.0,0.0,1.0,0.333,0.0,2.667,0
cust_2632,7,95,963.34,137.62,40,89.88,16,12,18,2,0,0,1,18.01,0,1,1,59.97,59.97,0.143,1.0,0.0,2.571,0
cust_2633,4,46,564.18,141.04,25,6.59,14,1,17,1,0,2,5,718.59,3,0,0,0.0,0.0,1.25,0.0,0.08,4.25,1
cust_2634,9,39,412.2,45.8,17,15.36,5,2,5,3,0,0,3,589.15,1,1,0,0.0,0.0,0.333,0.333,0.0,0.556,1
cust_2635,13,134,1988.73,152.98,57,2.49,33,12,37,2,0,0,1,49.1,2,1,0,0.0,0.0,0.077,1.0,0.0,2.846,1
cust_2636,2,24,269.31,134.65,11,4.69,4,4,6,1,0,0,0,0.0,0,0,0,0.0,0.0,0.0,0.0,0.0,3.0,0
cust_2637,10,143,1249.97,125.0,94,11.37,50,17,52,4,0,1,1,82.43,4,1,0,0.0,0.0,0.1,1.0,0.011,5.2,1
cust_2638,8,82,874.87,109.36,52,3.37,21,12,24,0,0,0,0,0.0,0,0,0,0.0,0.0,0.0,0.0,0.0,3.0,0
cust_2639,1,12,133.57,133.57,8,2.55,2,2,6,1,0,0,1,25.03,1,1,1,189.52,189.52,1.0,1.0,0.0,6.0,0
cust_2640,2,23,397.67,198.83,12,25.54,6,3,8,3,0,1,2,168.15,3,2,1,111.75,111.75,1.0,1.0,0.083,4.0,1
cust_2641,2,14,675.94,337.97,6,2.8,1,1,3,1,0,1,1,101.45,3,0,1,212.32,212.32,0.5,0.0,0.167,1.5,0
cust_2642,4,22,735.57,183.89,15,0.61,7,2,11,0,0,0,3,389.48,1,0,1,95.75,95.75,0.75,0.0,0.0,2.75,1
cust_2643,6,73,1341.97,223.66,37,13.91,19,15,22,2,0,0,3,443.66,0,1,0,0.0,0.0,0.5,0.333,0.0,3.667,1
cust_2644,2,13,166.06,83.03,5,2.79,2,1,4,1,0,0,1,77.89,2,1,0,0.0,0.0,0.5,1.0,0.0,2.0,0
cust_2645,2,13,746.99,373.5,8,5.98,3,3,5,0,0,0,1,54.62,0,1,1,45.39,45.39,0.5,1.0,0.0,2.5,0
cust_2646,6,66,378.14,63.02,29,1.18,8,5,8,1,0,0,4,579.51,0,1,0,0.0,0.0,0.667,0.25,0.0,1.333,1
cust_2647,3,38,750.87,250.29,23,0.71,9,8,10,2,0,1,0,0.0,0,0,1,274.99,274.99,0.0,0.0,0.043,3.333,0
cust_2648,14,145,947.13,67.65,58,6.17,26,14,28,2,0,3,1,212.34,1,0,0,0.0,0.0,0.071,0.0,0.052,2.0,1
cust_2649,3,41,102.69,34.23,17,4.11,9,7,11,0,1,1,0,0.0,1,0,1,133.3,133.3,0.0,0.0,0.059,3.667,0
cust_2650,1,6,52.22,52.22,3,7.05,0,0,2,2,0,1,3,504.77,0,2,0,0.0,0.0,3.0,0.667,0.333,2.0,1
cust_2651,1,6,440.82,440.82,2,33.75,0,0,0,0,1,0,2,313.94,2,2,1,170.25,170.25,2.0,1.0,0.0,0.0,1
cust_2652,10,110,1176.53,117.65,73,5.23,24,11,28,2,1,2,1,173.63,1,1,0,0.0,0.0,0.1,1.0,0.027,2.8,1
cust_2653,3,39,567.41,189.14,24,9.23,8,1,9,2,0,1,0,0.0,0,0,0,0.0,0.0,0.0,0.0,0.042,3.0,0
cust_2654,5,49,640.31,128.06,24,1.03,6,2,6,1,0,0,1,314.9,0,0,0,0.0,0.0,0.2,0.0,0.0,1.2,0
cust_2655,2,8,147.64,73.82,4,21.71,1,1,2,1,0,2,1,84.24,1,0,1,420.02,420.02,0.5,0.0,0.5,1.0,0
cust_2656,5,57,1112.46,222.49,35,16.39,17,12,20,1,0,0,3,320.04,2,3,0,0.0,0.0,0.6,1.0,0.0,4.0,1
cust_2657,3,38,515.65,171.88,23,7.39,9,6,11,1,0,0,2,55.88,3,1,1,96.17,96.17,0.667,0.5,0.0,3.667,1
cust_2658,2,14,241.79,120.9,7,2.03,2,1,6,0,1,0,4,413.47,0,0,1,285.05,285.05,2.0,0.0,0.0,3.0,1
cust_2659,13,59,1744.59,134.2,39,5.55,21,11,22,0,0,0,1,155.51,0,1,0,0.0,0.0,0.077,1.0,0.0,1.692,1
cust_2660,4,38,319.14,79.79,25,3.53,7,1,9,0,0,0,1,32.17,2,0,1,55.09,55.09,0.25,0.0,0.0,2.25,0
cust_2661,4,17,993.43,248.36,7,52.06,2,1,6,0,0,1,2,153.83,2,1,1,55.39,55.39,0.5,0.5,0.143,1.5,0
cust_2662,4,34,472.9,118.22,22,6.75,7,1,9,0,0,1,1,116.28,1,1,0,0.0,0.0,0.25,1.0,0.045,2.25,0
cust_2663,1,4,176.46,176.46,2,5.49,0,0,2,1,0,0,5,154.16,0,1,0,0.0,0.0,5.0,0.2,0.0,2.0,0
cust_2664,5,32,445.05,89.01,21,1.85,8,4,12,1,0,1,0,0.0,3,0,0,0.0,0.0,0.0,0.0,0.048,2.4,0
cust_2665,3,24,155.17,51.72,12,2.73,4,3,6,1,0,0,2,57.35,2,0,1,214.7,214.7,0.667,0.0,0.0,2.0,0
cust_2666,1,5,171.03,171.03,2,12.43,0,0,3,1,0,0,2,197.02,0,0,0,0.0,0.0,2.0,0.0,0.0,3.0,0
cust_2667,7,36,1159.77,165.68,16,7.66,6,1,6,1,0,0,1,58.81,1,2,0,0.0,0.0,0.143,2.0,0.0,0.857,0
cust_2668,11,144,1671.21,151.93,90,4.43,47,13,48,1,0,0,3,612.29,0,0,0,0.0,0.0,0.273,0.0,0.0,4.364,1
cust_2669,8,35,1601.57,200.2,20,3.52,7,7,11,0,0,0,0,0.0,0,0,0,0.0,0.0,0.0,0.0,0.0,1.375,0
cust_2670,2,23,226.38,113.19,12,2.24,6,3,6,1,0,1,3,247.82,1,1,0,0.0,0.0,1.5,0.333,0.083,3.0,1
cust_2671,2,25,230.93,115.47,15,0.34,3,3,4,0,0,1,0,0.0,2,0,1,279.26,279.26,0.0,0.0,0.067,2.0,0
cust_2672,12,65,4348.62,362.38,36,37.79,8,7,12,1,0,2,0,0.0,0,0,0,0.0,0.0,0.0,0.0,0.056,1.0,0
cust_2673,1,6,96.61,96.61,3,13.99,1,1,5,2,0,1,2,67.61,1,0,0,0.0,0.0,2.0,0.0,0.333,5.0,0
cust_2674,3,33,375.91,125.3,21,26.29,7,6,10,2,0,1,2,234.23,0,2,0,0.0,0.0,0.667,1.0,0.048,3.333,1
cust_2675,9,67,2239.35,248.82,42,5.32,16,3,20,0,0,0,2,376.12,1,0,0,0.0,0.0,0.222,0.0,0.0,2.222,1
cust_2676,5,46,1060.14,212.03,22,20.35,10,9,13,1,0,1,0,0.0,0,0,1,100.87,100.87,0.0,0.0,0.045,2.6,0
cust_2677,18,237,2520.67,140.04,164,2.96,46,15,47,0,0,0,2,243.73,0,0,0,0.0,0.0,0.111,0.0,0.0,2.611,1
cust_2678,4,22,513.98,128.49,13,7.13,2,2,4,0,0,1,0,0.0,2,0,0,0.0,0.0,0.0,0.0,0.077,1.0,0
cust_2679,2,21,211.1,105.55,10,2.26,3,2,6,1,1,0,2,249.48,1,1,0,0.0,0.0,1.0,0.5,0.0,3.0,1
cust_2680,9,129,1833.27,203.7,53,14.71,29,6,31,1,0,1,1,30.02,1,0,3,556.67,185.56,0.111,0.0,0.019,3.444,1
cust_2681,4,18,721.8,180.45,12,6.88,4,1,6,1,1,0,1,49.45,2,3,0,0.0,0.0,0.25,3.0,0.0,1.5,1
cust_2682,3,13,233.0,77.67,7,7.68,3,2,7,1,0,0,2,369.46,1,1,1,71.7,71.7,0.667,0.5,0.0,2.333,1
cust_2683,8,80,1614.13,201.77,37,19.62,10,8,10,1,0,0,1,76.68,0,0,0,0.0,0.0,0.125,0.0,0.0,1.25,0
cust_2684,1,14,204.55,204.55,7,13.44,2,2,4,0,1,0,1,199.13,0,0,1,287.42,287.42,1.0,0.0,0.0,4.0,0
cust_2685,1,6,154.48,154.48,3,33.89,1,1,1,4,0,0,2,45.96,1,2,2,471.17,235.58,2.0,1.0,0.0,1.0,0
cust_2686,2,15,282.33,141.17,10,5.2,2,2,5,1,1,0,0,0.0,1,0,0,0.0,0.0,0.0,0.0,0.0,2.5,0
cust_2687,5,25,2052.14,410.43,13,6.19,3,3,5,1,0,0,2,309.26,1,1,1,172.64,172.64,0.4,0.5,0.0,1.0,0
cust_2688,3,23,417.29,139.1,12,9.55,4,1,6,0,0,0,1,169.83,0,0,1,163.29,163.29,0.333,0.0,0.0,2.0,0
cust_2689,3,13,366.27,122.09,8,6.04,1,1,3,1,0,0,1,102.74,0,1,0,0.0,0.0,0.333,1.0,0.0,1.0,0
cust_2690,20,165,3751.89,187.59,85,5.44,22,12,22,3,0,1,4,344.64,0,0,0,0.0,0.0,0.2,0.0,0.012,1.1,1
cust_2691,10,101,1073.39,107.34,46,4.16,22,13,25,0,0,0,2,182.06,2,0,0,0.0,0.0,0.2,0.0,0.0,2.5,1
cust_2692,2,29,312.39,156.2,18,17.83,8,4,8,1,0,1,0,0.0,2,0,0,0.0,0.0,0.0,0.0,0.056,4.0,0
cust_2693,3,39,582.14,194.05,26,7.62,8,5,9,1,0,0,1,122.16,0,1,0,0.0,0.0,0.333,1.0,0.0,3.0,0
cust_2694,9,117,3289.74,365.53,48,9.35,20,6,21,1,0,1,2,147.97,0,0,2,121.58,60.79,0.222,0.0,0.021,2.333,0
cust_2695,5,32,793.77,158.75,21,2.28,11,7,15,0,1,2,2,159.53,0,3,0,0.0,0.0,0.4,1.5,0.095,3.0,1
cust_2696,3,14,605.89,201.96,7,2.9,3,2,5,0,0,0,1,126.58,0,0,0,0.0,0.0,0.333,0.0,0.0,1.667,0
cust_2697,2,21,231.64,115.82,10,4.15,4,1,5,1,0,0,2,282.72,0,0,0,0.0,0.0,1.0,0.0,0.0,2.5,0
cust_2698,3,29,667.9,222.63,11,6.26,2,2,3,3,0,1,0,0.0,1,0,0,0.0,0.0,0.0,0.0,0.091,1.0,0
cust_2699,8,77,1877.64,234.7,35,0.45,9,5,9,2,0,1,1,83.69,0,1,0,0.0,0.0,0.125,1.0,0.029,1.125,1
cust_2700,11,57,2515.37,228.67,28,21.93,8,5,11,0,0,2,1,126.22,2,0,1,106.7,106.7,0.091,0.0,0.071,1.0,0
cust_2701,3,28,442.66,147.55,11,23.4,5,2,7,3,0,1,5,605.61,1,1,0,0.0,0.0,1.667,0.2,0.091,2.333,1
cust_2702,9,50,1424.19,158.24,22,10.84,6,5,8,0,0,2,0,0.0,2,0,0,0.0,0.0,0.0,0.0,0.091,0.889,0
cust_2703,5,43,776.22,155.24,26,3.8,10,7,14,0,0,1,0,0.0,1,0,0,0.0,0.0,0.0,0.0,0.038,2.8,0
cust_2704,1,4,78.34,78.34,2,4.87,1,1,4,1,0,0,1,250.47,0,0,0,0.0,0.0,1.0,0.0,0.0,4.0,0
cust_2705,6,80,1153.07,192.18,50,13.24,27,14,29,1,0,2,2,150.36,1,3,1,154.27,154.27,0.333,1.5,0.04,4.833,1
cust_2706,5,20,374.3,74.86,8,3.37,4,2,4,2,0,0,0,0.0,2,0,0,0.0,0.0,0.0,0.0,0.0,0.8,0
cust_2707,5,71,815.16,163.03,29,9.39,7,7,9,0,1,0,0,0.0,1,0,1,134.57,134.57,0.0,0.0,0.0,1.8,0
cust_2708,1,13,146.83,146.83,7,23.67,3,2,4,1,0,0,2,216.98,0,2,1,221.87,221.87,2.0,1.0,0.0,4.0,0
cust_2709,1,12,264.22,264.22,6,5.28,2,1,4,3,0,2,0,0.0,1,0,0,0.0,0.0,0.0,0.0,0.333,4.0,0
cust_2710,3,44,425.61,141.87,27,8.84,12,10,13,0,1,1,0,0.0,1,0,0,0.0,0.0,0.0,0.0,0.037,4.333,0
cust_2711,10,45,3218.4,321.84,25,26.39,7,2,10,1,0,1,1,56.16,0,1,0,0.0,0.0,0.1,1.0,0.04,1.0,0
cust_2712,7,77,921.86,131.69,52,4.16,29,14,30,1,0,0,4,159.23,0,0,0,0.0,0.0,0.571,0.0,0.0,4.286,1
cust_2713,4,53,305.62,76.41,22,14.26,4,3,7,1,0,1,0,0.0,1,0,0,0.0,0.0,0.0,0.0,0.045,1.75,0
cust_2714,1,5,43.74,43.74,2,14.07,0,0,4,2,0,1,3,589.05,0,3,1,53.62,53.62,3.0,1.0,0.5,4.0,1
cust_2715,3,31,1004.9,334.97,16,26.38,4,4,5,1,1,2,0,0.0,0,0,0,0.0,0.0,0.0,0.0,0.125,1.667,0
cust_2716,5,41,348.62,69.72,17,19.56,8,6,11,1,0,1,0,0.0,1,0,0,0.0,0.0,0.0,0.0,0.059,2.2,0
cust_2717,5,43,745.68,149.14,24,13.82,10,6,10,1,0,2,2,236.93,2,0,0,0.0,0.0,0.4,0.0,0.083,2.0,1
cust_2718,6,84,507.62,84.6,34,10.12,19,15,22,1,0,1,0,0.0,1,0,0,0.0,0.0,0.0,0.0,0.029,3.667,0
cust_2719,1,9,230.33,230.33,5,2.76,1,1,5,2,0,1,2,173.7,0,0,0,0.0,0.0,2.0,0.0,0.2,5.0,0
cust_2720,9,45,1215.19,135.02,18,11.11,6,6,7,0,0,3,0,0.0,1,0,0,0.0,0.0,0.0,0.0,0.167,0.778,0
cust_2721,9,128,247.03,27.45,84,3.24,39,9,39,4,0,0,2,242.04,1,1,1,61.35,61.35,0.222,0.5,0.0,4.333,1
cust_2722,4,24,1323.6,330.9,10,5.8,2,1,5,0,0,0,1,93.78,0,2,0,0.0,0.0,0.25,2.0,0.0,1.25,0
cust_2723,8,110,759.87,94.98,59,12.37,22,18,23,2,0,1,1,131.79,1,0,0,0.0,0.0,0.125,0.0,0.017,2.875,0
cust_2724,3,44,455.54,151.85,19,11.24,3,3,7,1,0,1,3,466.11,0,0,0,0.0,0.0,1.0,0.0,0.053,2.333,0
cust_2725,13,177,1896.42,145.88,77,5.13,33,15,35,0,0,1,1,232.78,0,1,0,0.0,0.0,0.077,1.0,0.013,2.692,1
cust_2726,17,194,1196.9,70.41,119,2.02,61,6,65,1,0,1,1,74.94,0,0,0,0.0,0.0,0.059,0.0,0.008,3.824,1
cust_2727,2,24,487.13,243.56,15,6.62,4,3,8,1,0,2,1,92.57,1,2,1,249.03,249.03,0.5,2.0,0.133,4.0,1
cust_2728,3,35,214.31,71.44,21,3.15,6,3,7,1,1,0,2,569.4,0,2,0,0.0,0.0,0.667,1.0,0.0,2.333,1
cust_2729,4,36,1332.23,333.06,18,2.95,4,3,5,1,0,1,2,141.61,6,1,0,0.0,0.0,0.5,0.5,0.056,1.25,0
cust_2730,1,7,157.69,157.69,4,3.96,1,1,4,2,0,0,1,56.49,0,2,2,504.44,252.22,1.0,2.0,0.0,4.0,1
cust_2731,7,49,905.21,129.32,24,12.25,10,10,10,0,0,1,0,0.0,1,0,0,0.0,0.0,0.0,0.0,0.042,1.429,0
cust_2732,8,96,1169.47,146.18,45,6.88,23,12,27,2,0,0,5,755.39,2,0,1,132.69,132.69,0.625,0.0,0.0,3.375,1
cust_2733,8,87,971.04,121.38,60,4.67,35,5,36,2,0,1,4,341.85,0,1,1,68.77,68.77,0.5,0.25,0.017,4.5,1
cust_2734,6,62,1082.91,180.48,42,23.09,24,6,25,2,0,0,1,99.83,1,0,0,0.0,0.0,0.167,0.0,0.0,4.167,0
cust_2735,5,55,366.3,73.26,31,12.27,7,4,11,1,1,0,2,121.21,0,2,0,0.0,0.0,0.4,1.0,0.0,2.2,1
cust_2736,4,50,1394.28,348.57,23,6.83,9,7,12,2,0,0,3,160.86,1,0,0,0.0,0.0,0.75,0.0,0.0,3.0,0
cust_2737,4,48,574.92,143.73,22,5.47,11,9,12,1,0,0,3,125.18,2,0,1,129.26,129.26,0.75,0.0,0.0,3.0,0
cust_2738,4,20,606.85,151.71,11,17.09,5,2,7,0,0,2,2,74.01,0,1,0,0.0,0.0,0.5,0.5,0.182,1.75,0
cust_2739,5,39,589.2,117.84,24,1.9,13,8,15,2,0,0,3,96.81,0,0,0,0.0,0.0,0.6,0.0,0.0,3.0,0
cust_2740,1,6,187.01,187.01,2,10.91,0,0,0,0,0,2,2,128.94,1,0,0,0.0,0.0,2.0,0.0,1.0,0.0,0
cust_2741,7,69,1341.88,191.7,41,0.21,15,10,18,0,0,0,0,0.0,0,0,0,0.0,0.0,0.0,0.0,0.0,2.571,0
cust_2742,5,23,1002.15,200.43,9,0.07,1,1,5,1,0,0,3,364.98,0,0,1,139.04,139.04,0.6,0.0,0.0,1.0,1
cust_2743,13,161,967.66,74.44,105,26.85,21,10,25,0,1,2,3,315.68,0,1,0,0.0,0.0,0.231,0.333,0.019,1.923,1
cust_2744,3,15,182.89,60.96,8,7.22,3,2,7,0,0,0,7,641.03,0,1,0,0.0,0.0,2.333,0.143,0.0,2.333,1
cust_2745,5,34,1298.56,259.71,23,3.79,8,3,10,2,1,0,0,0.0,0,0,0,0.0,0.0,0.0,0.0,0.0,2.0,0
cust_2746,4,50,1208.1,302.02,31,15.83,14,14,18,1,0,0,1,68.89,0,0,2,274.05,137.02,0.25,0.0,0.0,4.5,0
cust_2747,4,18,317.5,79.38,9,41.88,2,2,2,4,0,1,2,75.13,1,1,1,295.48,295.48,0.5,0.5,0.111,0.5,0
cust_2748,3,33,287.66,95.89,14,0.35,7,2,9,1,0,0,0,0.0,1,0,0,0.0,0.0,0.0,0.0,0.0,3.0,0
cust_2749,3,42,174.59,58.2,23,0.39,12,10,13,1,0,0,1,15.13,0,1,0,0.0,0.0,0.333,1.0,0.0,4.333,0
cust_2750,3,32,524.22,174.74,13,19.3,6,6,9,2,0,1,1,121.66,2,0,1,307.67,307.67,0.333,0.0,0.077,3.0,0
cust_2751,4,47,456.34,114.08,31,8.14,9,6,10,0,0,0,2,104.8,0,0,0,0.0,0.0,0.5,0.0,0.0,2.5,0
cust_2752,4,50,275.82,68.96,23,21.43,6,5,7,2,0,1,4,295.67,3,3,1,157.56,157.56,1.0,0.75,0.043,1.75,1
cust_2753,8,51,381.74,47.72,33,11.86,14,4,17,0,0,0,0,0.0,2,0,1,143.36,143.36,0.0,0.0,0.0,2.125,0
cust_2754,9,93,873.7,97.08,45,6.36,25,2,28,3,1,1,1,22.45,1,0,1,139.57,139.57,0.111,0.0,0.022,3.111,1
cust_2755,2,14,258.34,129.17,6,1.76,2,2,6,3,0,1,3,375.99,0,2,0,0.0,0.0,1.5,0.667,0.167,3.0,1
cust_2756,7,47,401.79,57.4,23,4.94,12,1,16,1,0,0,3,448.57,1,1,1,186.94,186.94,0.429,0.333,0.0,2.286,1
cust_2757,1,6,77.73,77.73,3,15.47,1,1,1,2,0,0,1,113.18,1,1,1,210.55,210.55,1.0,1.0,0.0,1.0,0
cust_2758,2,20,640.3,320.15,11,2.66,5,4,8,0,0,1,1,85.89,0,0,0,0.0,0.0,0.5,0.0,0.091,4.0,0
cust_2759,4,50,238.71,59.68,21,12.46,8,2,11,1,0,0,3,462.46,2,1,1,88.2,88.2,0.75,0.333,0.0,2.75,1
cust_2760,11,149,1135.21,103.2,65,2.84,27,4,28,2,1,1,3,335.58,2,1,0,0.0,0.0,0.273,0.333,0.015,2.545,1
cust_2761,9,78,907.11,100.79,40,6.23,19,12,23,2,0,1,1,195.24,0,1,0,0.0,0.0,0.111,1.0,0.025,2.556,1
cust_2762,6,48,1364.05,227.34,24,0.89,8,8,8,2,0,2,3,201.26,0,0,0,0.0,0.0,0.5,0.0,0.083,1.333,0
cust_2763,4,46,137.3,34.33,30,6.07,16,10,20,2,0,0,0,0.0,1,0,0,0.0,0.0,0.0,0.0,0.0,5.0,0
cust_2764,4,50,868.4,217.1,28,9.49,15,3,18,0,0,1,2,259.69,0,0,0,0.0,0.0,0.5,0.0,0.036,4.5,1
cust_2765,4,27,1773.7,443.42,12,8.29,5,3,5,0,0,0,0,0.0,0,0,0,0.0,0.0,0.0,0.0,0.0,1.25,0
cust_2766,4,29,593.32,148.33,11,5.22,5,4,9,2,0,0,2,301.35,1,0,0,0.0,0.0,0.5,0.0,0.0,2.25,0
cust_2767,14,138,3155.56,225.4,59,4.62,21,14,22,0,0,0,0,0.0,1,0,2,576.57,288.29,0.0,0.0,0.0,1.571,0
cust_2768,3,26,795.06,265.02,15,3.22,7,7,11,1,0,0,2,309.35,2,0,1,56.68,56.68,0.667,0.0,0.0,3.667,0
cust_2769,13,152,1844.52,141.89,99,14.57,56,2,60,1,0,0,0,0.0,1,0,0,0.0,0.0,0.0,0.0,0.0,4.615,1
cust_2770,2,19,184.57,92.28,12,15.26,6,6,6,1,0,0,2,92.09,1,2,2,702.82,351.41,1.0,1.0,0.0,3.0,1
cust_2771,1,5,133.89,133.89,3,6.6,0,0,0,1,0,0,0,0.0,0,0,1,152.63,152.63,0.0,0.0,0.0,0.0,0
cust_2772,1,5,194.22,194.22,2,4.82,1,1,3,0,0,0,3,289.85,3,0,0,0.0,0.0,3.0,0.0,0.0,3.0,0
cust_2773,11,153,1105.07,100.46,106,10.15,40,4,43,0,1,0,1,211.16,2,0,0,0.0,0.0,0.091,0.0,0.0,3.909,1
cust_2774,6,39,155.37,25.89,16,8.16,7,3,8,1,0,1,2,195.26,1,0,2,204.18,102.09,0.333,0.0,0.062,1.333,0
cust_2775,6,27,469.11,78.18,17,11.0,10,5,14,0,0,0,0,0.0,2,0,0,0.0,0.0,0.0,0.0,0.0,2.333,0
cust_2776,5,60,803.77,160.75,25,3.65,8,8,8,1,1,0,0,0.0,1,0,0,0.0,0.0,0.0,0.0,0.0,1.6,0
cust_2777,4,46,625.38,156.35,22,15.53,7,6,11,1,0,0,0,0.0,1,0,0,0.0,0.0,0.0,0.0,0.0,2.75,0
cust_2778,7,74,526.45,75.21,40,3.81,12,4,16,4,0,1,1,83.04,0,0,1,71.3,71.3,0.143,0.0,0.025,2.286,0
cust_2779,3,28,309.31,103.1,11,5.43,2,1,6,1,0,2,2,118.89,1,0,0,0.0,0.0,0.667,0.0,0.182,2.0,0
cust_2780,14,205,661.18,47.23,106,1.42,28,14,32,1,0,0,1,52.04,1,0,0,0.0,0.0,0.071,0.0,0.0,2.286,0
cust_2781,9,47,1127.68,125.3,23,19.34,9,5,10,1,0,1,2,42.76,2,3,0,0.0,0.0,0.222,1.5,0.043,1.111,0
cust_2782,8,76,852.32,106.54,45,10.34,25,13,26,2,0,2,3,225.61,0,1,2,527.4,263.7,0.375,0.333,0.044,3.25,1
cust_2783,7,71,806.15,115.16,43,2.68,22,19,23,1,1,0,2,75.12,0,0,0,0.0,0.0,0.286,0.0,0.0,3.286,0
cust_2784,10,42,4279.56,427.96,17,19.09,4,4,5,0,0,1,2,361.46,1,1,0,0.0,0.0,0.2,0.5,0.059,0.5,0
cust_2785,5,42,744.8,148.96,17,12.2,7,6,9,0,0,0,2,156.73,0,1,1,257.99,257.99,0.4,0.5,0.0,1.8,0
cust_2786,6,75,363.23,60.54,47,5.84,25,9,25,2,0,1,0,0.0,0,0,0,0.0,0.0,0.0,0.0,0.021,4.167,0
cust_2787,3,27,515.22,171.74,15,45.9,6,6,9,0,0,0,0,0.0,0,0,0,0.0,0.0,0.0,0.0,0.0,3.0,0
cust_2788,2,27,232.71,116.35,15,4.11,8,7,11,0,0,0,2,197.48,0,0,0,0.0,0.0,1.0,0.0,0.0,5.5,0
cust_2789,4,44,348.05,87.01,30,1.05,16,13,16,1,0,2,1,77.22,1,0,1,114.55,114.55,0.25,0.0,0.067,4.0,1
cust_2790,2,24,264.46,132.23,12,13.22,4,4,7,1,0,0,1,84.48,0,2,1,103.06,103.06,0.5,2.0,0.0,3.5,0
cust_2791,4,51,1171.12,292.78,23,14.15,12,1,14,1,0,2,0,0.0,0,0,0,0.0,0.0,0.0,0.0,0.087,3.5,0
cust_2792,2,23,94.75,47.38,13,0.61,5,5,5,1,1,1,1,173.25,1,1,0,0.0,0.0,0.5,1.0,0.077,2.5,0
cust_2793,2,24,66.35,33.18,15,17.12,5,5,8,2,0,1,0,0.0,0,0,1,296.06,296.06,0.0,0.0,0.067,4.0,0
cust_2794,13,151,1167.68,89.82,83,14.96,42,12,46,3,0,0,3,70.83,2,2,1,217.86,217.86,0.231,0.667,0.0,3.538,1
cust_2795,4,40,492.05,123.01,24,26.54,12,7,14,0,1,1,2,362.92,2,0,0,0.0,0.0,0.5,0.0,0.042,3.5,0
cust_2796,8,81,898.39,112.3,44,1.26,20,17,23,4,0,0,1,93.48,3,0,0,0.0,0.0,0.125,0.0,0.0,2.875,1
cust_2797,8,48,873.33,109.17,25,9.18,13,2,15,0,1,2,2,78.51,0,1,0,0.0,0.0,0.25,0.5,0.08,1.875,1
cust_2798,11,144,1005.6,91.42,59,2.48,34,16,34,1,0,0,1,33.38,0,1,1,260.6,260.6,0.091,1.0,0.0,3.091,1
cust_2799,2,14,474.99,237.49,6,5.1,3,1,3,2,0,1,0,0.0,1,0,0,0.0,0.0,0.0,0.0,0.167,1.5,0
cust_2800,15,148,2372.42,158.16,80,3.08,18,9,18,1,0,0,0,0.0,0,0,0,0.0,0.0,0.0,0.0,0.0,1.2,0
cust_2801,3,20,793.65,264.55,10,5.97,5,1,8,1,0,0,2,142.3,1,1,0,0.0,0.0,0.667,0.5,0.0,2.667,0
cust_2802,3,34,108.38,36.13,22,1.2,11,11,12,1,1,0,0,0.0,1,0,0,0.0,0.0,0.0,0.0,0.0,4.0,0
cust_2803,2,29,213.09,106.54,12,3.62,6,4,8,1,0,0,1,227.06,0,1,1,118.08,118.08,0.5,1.0,0.0,4.0,1
cust_2804,9,115,1351.93,150.21,47,0.74,23,2,26,2,0,0,1,72.32,1,0,0,0.0,0.0,0.111,0.0,0.0,2.889,0
cust_2805,1,10,61.42,61.42,4,6.77,2,1,4,1,0,1,0,0.0,3,0,1,192.69,192.69,0.0,0.0,0.25,4.0,0
cust_2806,5,51,563.31,112.66,30,3.52,6,3,10,3,0,0,1,99.77,0,0,0,0.0,0.0,0.2,0.0,0.0,2.0,0
cust_2807,15,140,2707.09,180.47,80,8.92,47,8,47,2,1,0,0,0.0,0,0,0,0.0,0.0,0.0,0.0,0.0,3.133,1
cust_2808,3,18,923.31,307.77,10,6.1,2,1,2,0,0,1,3,510.93,1,0,0,0.0,0.0,1.0,0.0,0.1,0.667,1
cust_2809,18,140,5458.82,303.27,62,2.8,33,11,34,1,1,2,1,129.1,2,0,0,0.0,0.0,0.056,0.0,0.032,1.889,1
cust_2810,6,50,1680.71,280.12,27,1.09,15,13,15,0,0,1,2,134.5,0,0,0,0.0,0.0,0.333,0.0,0.037,2.5,0
cust_2811,5,71,1659.63,331.93,44,14.0,8,4,12,1,0,0,3,526.03,1,0,1,188.76,188.76,0.6,0.0,0.0,2.4,1
cust_2812,6,52,174.87,29.14,31,10.03,17,14,19,1,0,1,1,71.19,0,2,0,0.0,0.0,0.167,2.0,0.032,3.167,1
cust_2813,8,83,354.33,44.29,44,0.33,23,11,26,5,0,0,0,0.0,0,0,0,0.0,0.0,0.0,0.0,0.0,3.25,0
cust_2814,2,28,208.35,104.17,12,45.44,6,2,6,1,0,1,1,120.28,1,1,1,69.17,69.17,0.5,1.0,0.083,3.0,0
cust_2815,7,67,459.21,65.6,44,10.29,11,2,14,1,0,0,1,110.02,1,0,3,1011.37,337.12,0.143,0.0,0.0,2.0,1
cust_2816,1,6,161.48,161.48,3,2.32,1,1,2,0,0,0,1,104.9,1,0,1,97.47,97.47,1.0,0.0,0.0,2.0,0
cust_2817,5,40,2024.09,404.82,26,18.36,10,9,10,1,1,2,1,66.64,0,3,0,0.0,0.0,0.2,3.0,0.077,2.0,1
cust_2818,3,24,119.27,39.76,12,21.38,3,2,4,1,1,1,4,212.74,1,0,0,0.0,0.0,1.333,0.0,0.083,1.333,0
cust_2819,5,59,469.47,93.89,27,8.53,13,11,15,1,0,3,0,0.0,2,0,0,0.0,0.0,0.0,0.0,0.111,3.0,0
cust_2820,2,14,249.89,124.95,6,21.68,2,1,4,0,0,0,2,278.1,0,1,0,0.0,0.0,1.0,0.5,0.0,2.0,0
cust_2821,6,72,282.84,47.14,37,0.3,20,15,24,2,0,1,0,0.0,1,0,0,0.0,0.0,0.0,0.0,0.027,4.0,0
cust_2822,1,13,207.48,207.48,7,29.03,3,2,3,0,0,1,0,0.0,0,0,1,167.08,167.08,0.0,0.0,0.143,3.0,0
cust_2823,3,23,410.78,136.93,14,0.59,3,3,6,1,0,0,1,96.36,0,1,1,93.98,93.98,0.333,1.0,0.0,2.0,1
cust_2824,2,10,200.62,100.31,4,10.28,1,1,1,0,0,0,0,0.0,0,0,1,271.98,271.98,0.0,0.0,0.0,0.5,0
cust_2825,4,44,694.85,173.71,20,4.24,6,1,8,0,0,0,1,200.09,0,2,1,67.43,67.43,0.25,2.0,0.0,2.0,1
cust_2826,8,63,1791.54,223.94,29,0.4,9,1,10,0,0,0,1,99.84,0,1,0,0.0,0.0,0.125,1.0,0.0,1.25,0
cust_2827,4,39,612.58,153.15,26,26.49,12,7,16,2,0,2,1,60.89,2,1,0,0.0,0.0,0.25,1.0,0.077,4.0,0
cust_2828,2,21,313.41,156.7,9,1.45,5,4,8,2,0,1,1,70.27,1,3,1,86.47,86.47,0.5,3.0,0.111,4.0,1
cust_2829,13,110,1748.91,134.53,55,19.22,24,8,25,3,0,0,1,144.55,1,0,0,0.0,0.0,0.077,0.0,0.0,1.923,0
cust_2830,4,56,648.54,162.14,30,4.01,15,10,18,1,0,2,2,51.88,0,1,1,39.64,39.64,0.5,0.5,0.067,4.5,1
cust_2831,8,67,2029.79,253.72,37,13.52,12,1,16,2,0,0,0,0.0,1,0,2,465.75,232.88,0.0,0.0,0.0,2.0,0
cust_2832,3,22,1244.91,414.97,14,2.93,5,3,9,0,0,0,2,91.32,1,1,0,0.0,0.0,0.667,0.5,0.0,3.0,0
cust_2833,6,82,3035.99,506.0,35,8.76,14,8,17,2,1,0,1,111.07,1,0,0,0.0,0.0,0.167,0.0,0.0,2.833,0
cust_2834,3,16,471.53,157.18,6,16.07,2,1,4,0,0,1,2,237.83,3,1,0,0.0,0.0,0.667,0.5,0.167,1.333,0
cust_2835,1,5,158.3,158.3,2,8.35,0,0,1,3,0,1,1,195.13,2,1,3,274.89,91.63,1.0,1.0,0.5,1.0,1
cust_2836,8,114,2127.32,265.91,59,3.66,19,19,20,0,0,2,1,62.84,1,0,1,137.49,137.49,0.125,0.0,0.034,2.5,0
cust_2837,6,37,447.58,74.6,18,2.66,5,4,5,1,0,0,2,130.54,1,2,1,359.95,359.95,0.333,1.0,0.0,0.833,1
cust_2838,6,33,2128.09,354.68,17,1.92,5,3,6,2,0,0,4,366.41,0,1,1,67.43,67.43,0.667,0.25,0.0,1.0,1
cust_2839,2,19,301.49,150.74,12,18.25,7,5,9,0,0,1,3,574.95,0,2,1,223.05,223.05,1.5,0.667,0.083,4.5,1
cust_2840,7,31,409.58,58.51,20,9.44,6,4,8,2,1,0,2,135.18,1,1,0,0.0,0.0,0.286,0.5,0.0,1.143,0
cust_2841,3,32,128.77,42.92,20,7.11,10,2,13,2,1,0,2,145.85,3,1,0,0.0,0.0,0.667,0.5,0.0,4.333,1
cust_2842,4,35,362.55,90.64,21,2.87,4,1,4,2,1,0,3,107.95,1,1,0,0.0,0.0,0.75,0.333,0.0,1.0,0
cust_2843,9,99,946.75,105.19,40,5.69,9,4,10,1,1,0,0,0.0,1,0,0,0.0,0.0,0.0,0.0,0.0,1.111,0
cust_2844,3,21,469.75,156.58,9,9.68,4,3,5,1,0,0,2,97.25,2,2,0,0.0,0.0,0.667,1.0,0.0,1.667,1
cust_2845,3,41,837.87,279.29,25,0.75,9,6,13,1,0,2,0,0.0,1,0,1,101.98,101.98,0.0,0.0,0.08,4.333,0
cust_2846,6,41,1079.49,179.92,23,4.47,12,8,15,0,0,1,1,48.02,1,1,0,0.0,0.0,0.167,1.0,0.043,2.5,0
cust_2847,3,33,688.7,229.57,19,2.74,10,4,10,0,0,1,1,114.72,0,1,0,0.0,0.0,0.333,1.0,0.053,3.333,0
cust_2848,1,14,198.83,198.83,8,10.4,4,4,6,1,0,0,2,272.5,1,0,0,0.0,0.0,2.0,0.0,0.0,6.0,0
cust_2849,10,84,566.02,56.6,56,9.32,29,7,30,0,0,1,0,0.0,0,0,0,0.0,0.0,0.0,0.0,0.018,3.0,0
cust_2850,5,28,642.73,128.55,16,3.56,8,6,9,1,0,0,1,17.31,1,1,0,0.0,0.0,0.2,1.0,0.0,1.8,0
cust_2851,13,61,863.87,66.45,29,0.43,14,8,18,1,0,1,1,32.58,2,1,0,0.0,0.0,0.077,1.0,0.034,1.385,1
cust_2852,5,72,684.73,136.95,30,2.02,12,12,16,4,0,1,0,0.0,0,0,2,315.17,157.58,0.0,0.0,0.033,3.2,0
cust_2853,6,74,732.91,122.15,39,1.74,11,4,12,0,0,2,0,0.0,0,0,1,123.59,123.59,0.0,0.0,0.051,2.0,0
cust_2854,7,98,797.7,113.96,60,8.4,30,2,31,3,0,0,2,174.95,0,0,2,175.59,87.8,0.286,0.0,0.0,4.429,1
cust_2855,8,93,2184.1,273.01,45,1.85,14,4,18,0,0,0,0,0.0,3,0,0,0.0,0.0,0.0,0.0,0.0,2.25,0
cust_2856,2,15,343.06,171.53,6,6.58,1,1,3,2,0,1,2,144.67,0,0,0,0.0,0.0,1.0,0.0,0.167,1.5,0
cust_2857,3,16,991.18,330.39,11,9.53,2,1,3,4,0,0,0,0.0,0,0,0,0.0,0.0,0.0,0.0,0.0,1.0,0
cust_2858,2,28,216.71,108.35,14,21.17,6,4,9,2,0,0,1,121.51,2,1,1,88.48,88.48,0.5,1.0,0.0,4.5,0
cust_2859,1,9,83.16,83.16,4,2.81,1,1,2,1,0,2,2,61.67,0,0,0,0.0,0.0,2.0,0.0,0.5,2.0,0
cust_2860,5,41,330.58,66.12,18,2.06,6,3,9,0,0,3,2,278.91,0,0,1,117.65,117.65,0.4,0.0,0.167,1.8,1
cust_2861,5,51,1189.52,237.9,33,1.9,15,8,19,3,0,0,3,160.89,0,0,0,0.0,0.0,0.6,0.0,0.0,3.8,0
cust_2862,7,36,699.0,99.86,23,4.47,11,10,13,2,1,0,2,132.89,2,0,0,0.0,0.0,0.286,0.0,0.0,1.857,0
cust_2863,2,14,268.42,134.21,8,10.47,2,1,2,4,1,0,1,35.98,1,1,1,203.1,203.1,0.5,1.0,0.0,1.0,0
cust_2864,7,77,252.73,36.1,43,11.14,23,9,23,0,0,1,1,49.54,0,1,2,142.01,71.0,0.143,1.0,0.023,3.286,1
cust_2865,14,71,4343.16,310.23,48,2.37,10,7,10,1,0,2,1,44.23,0,0,1,79.58,79.58,0.071,0.0,0.042,0.714,0
cust_2866,13,71,3043.48,234.11,33,1.41,19,12,23,2,1,0,1,93.19,0,1,1,293.5,293.5,0.077,1.0,0.0,1.769,1
cust_2867,2,19,116.77,58.39,9,5.95,3,3,7,1,0,0,2,127.48,1,1,1,303.28,303.28,1.0,0.5,0.0,3.5,0
cust_2868,3,32,587.18,195.73,13,1.52,4,1,5,1,0,0,0,0.0,1,0,1,97.87,97.87,0.0,0.0,0.0,1.667,0
cust_2869,10,60,1564.16,156.42,31,16.76,17,3,19,1,0,4,2,93.7,0,1,1,178.53,178.53,0.2,0.5,0.129,1.9,1
cust_2870,3,13,956.63,318.88,6,0.88,1,1,3,1,0,0,0,0.0,0,0,1,195.55,195.55,0.0,0.0,0.0,1.0,0
cust_2871,6,87,663.1,110.52,59,13.95,20,8,21,0,0,0,2,47.23,0,0,1,40.89,40.89,0.333,0.0,0.0,3.5,0
cust_2872,2,8,297.47,148.74,4,0.44,1,1,3,0,0,0,4,338.65,0,0,0,0.0,0.0,2.0,0.0,0.0,1.5,0
cust_2873,9,36,2705.77,300.64,23,16.45,8,4,10,0,0,2,2,188.17,0,2,0,0.0,0.0,0.222,1.0,0.087,1.111,0
cust_2874,7,52,946.71,135.24,32,9.87,17,3,18,2,0,3,2,123.9,2,3,0,0.0,0.0,0.286,1.5,0.094,2.571,1
cust_2875,6,38,922.65,153.77,16,3.89,8,4,12,0,1,0,5,560.85,1,0,1,203.38,203.38,0.833,0.0,0.0,2.0,1
cust_2876,4,41,638.85,159.71,28,5.2,12,12,12,2,0,0,1,128.46,0,1,0,0.0,0.0,0.25,1.0,0.0,3.0,1
cust_2877,6,83,1734.87,289.15,48,11.2,28,1,29,1,0,3,2,53.0,1,0,0,0.0,0.0,0.333,0.0,0.062,4.833,1
cust_2878,7,65,571.45,81.64,37,2.05,19,8,20,1,0,1,3,481.29,1,1,0,0.0,0.0,0.429,0.333,0.027,2.857,1
cust_2879,8,100,2576.51,322.06,40,22.1,18,9,18,1,1,0,1,102.36,1,1,0,0.0,0.0,0.125,1.0,0.0,2.25,0
cust_2880,5,70,779.94,155.99,42,6.59,11,3,11,1,3,0,1,90.68,3,0,0,0.0,0.0,0.2,0.0,0.0,2.2,0
cust_2881,3,18,1541.6,513.87,7,14.28,2,2,5,1,1,0,0,0.0,1,0,0,0.0,0.0,0.0,0.0,0.0,1.667,0
cust_2882,1,9,362.68,362.68,4,7.07,1,1,4,0,0,1,2,98.47,2,2,0,0.0,0.0,2.0,1.0,0.25,4.0,0
cust_2883,8,88,1287.22,160.9,37,6.02,11,6,14,2,3,2,1,229.46,0,2,0,0.0,0.0,0.125,2.0,0.054,1.75,1
cust_2884,12,91,1659.69,138.31,46,6.34,21,9,25,2,1,2,3,135.01,1,1,0,0.0,0.0,0.25,0.333,0.043,2.083,1
cust_2885,9,109,882.57,98.06,69,4.51,18,2,19,1,0,0,1,71.1,4,1,1,121.29,121.29,0.111,1.0,0.0,2.111,1
cust_2886,3,35,364.86,121.62,21,13.2,4,3,7,1,1,0,2,83.15,0,0,1,195.92,195.92,0.667,0.0,0.0,2.333,0
cust_2887,1,8,59.6,59.6,3,18.72,1,1,5,0,1,0,1,71.36,1,0,0,0.0,0.0,1.0,0.0,0.0,5.0,0
cust_2888,4,19,122.99,30.75,12,19.27,2,2,2,2,0,1,1,214.16,1,1,1,117.56,117.56,0.25,1.0,0.083,0.5,0
cust_2889,20,82,6703.65,335.18,44,1.29,19,13,22,0,0,1,1,141.67,2,1,0,0.0,0.0,0.05,1.0,0.023,1.1,1
cust_2890,32,258,5787.04,180.84,105,14.33,58,14,59,0,0,1,1,67.13,1,1,1,152.06,152.06,0.031,1.0,0.01,1.844,1
cust_2891,3,14,616.72,205.57,6,2.23,1,1,3,2,0,1,1,72.11,1,0,0,0.0,0.0,0.333,0.0,0.167,1.0,0
cust_2892,2,25,269.19,134.6,15,0.12,5,1,9,1,1,0,0,0.0,0,0,0,0.0,0.0,0.0,0.0,0.0,4.5,0
cust_2893,2,15,212.74,106.37,9,3.22,5,4,9,1,0,1,1,39.39,0,2,1,213.99,213.99,0.5,2.0,0.111,4.5,1
cust_2894,12,135,2317.21,193.1,61,3.47,29,7,29,0,0,0,1,80.48,0,0,0,0.0,0.0,0.083,0.0,0.0,2.417,1
cust_2895,6,46,423.86,70.64,18,16.6,4,1,4,1,0,2,0,0.0,2,0,1,258.06,258.06,0.0,0.0,0.111,0.667,0
cust_2896,4,51,1540.54,385.13,24,13.56,8,4,8,2,0,1,2,680.1,4,1,2,419.53,209.76,0.5,0.5,0.042,2.0,1
cust_2897,10,137,1694.48,169.45,87,0.88,43,17,46,2,0,1,4,159.12,0,1,3,209.15,69.72,0.4,0.25,0.011,4.6,1
cust_2898,4,52,673.78,168.45,35,3.94,16,11,16,1,0,0,0,0.0,1,0,0,0.0,0.0,0.0,0.0,0.0,4.0,0
cust_2899,3,27,684.42,228.14,15,2.89,3,3,5,0,0,0,0,0.0,3,0,0,0.0,0.0,0.0,0.0,0.0,1.667,0
cust_2900,4,19,1070.13,267.53,8,9.05,1,1,5,1,0,1,0,0.0,0,0,0,0.0,0.0,0.0,0.0,0.125,1.25,0
cust_2901,8,64,928.65,116.08,35,7.8,16,7,20,1,0,1,0,0.0,1,0,0,0.0,0.0,0.0,0.0,0.029,2.5,0
cust_2902,8,69,481.73,60.22,48,11.36,21,16,21,0,0,2,1,167.21,0,1,1,136.71,136.71,0.125,1.0,0.042,2.625,1
cust_2903,7,101,774.67,110.67,68,24.16,15,3,16,0,0,3,1,195.94,2,1,0,0.0,0.0,0.143,1.0,0.044,2.286,0
cust_2904,1,10,66.79,66.79,6,5.47,3,3,7,1,1,2,3,148.03,2,0,2,267.63,133.82,3.0,0.0,0.333,7.0,0
cust_2905,4,44,542.82,135.71,26,10.67,7,3,10,1,0,2,2,145.66,2,0,0,0.0,0.0,0.5,0.0,0.077,2.5,0
cust_2906,14,176,1221.22,87.23,92,25.05,32,8,33,1,0,2,1,115.16,2,1,0,0.0,0.0,0.071,1.0,0.022,2.357,1
cust_2907,10,102,1906.75,190.67,68,7.8,18,5,19,2,2,1,1,62.28,1,2,0,0.0,0.0,0.1,2.0,0.015,1.9,1
cust_2908,2,21,122.62,61.31,14,3.69,7,6,9,0,0,0,1,166.31,0,3,0,0.0,0.0,0.5,3.0,0.0,4.5,1
cust_2909,3,20,1063.2,354.4,8,5.16,4,3,4,2,0,0,3,918.12,0,2,0,0.0,0.0,1.0,0.667,0.0,1.333,1
cust_2910,5,23,883.76,176.75,14,14.05,3,2,6,0,0,1,0,0.0,0,0,2,512.05,256.02,0.0,0.0,0.071,1.2,0
cust_2911,10,119,1843.07,184.31,80,12.73,25,12,26,2,0,0,4,232.85,0,0,0,0.0,0.0,0.4,0.0,0.0,2.6,0
cust_2912,5,66,766.54,153.31,44,13.8,21,9,22,1,0,0,1,30.08,0,0,0,0.0,0.0,0.2,0.0,0.0,4.4,0
cust_2913,4,34,1030.87,257.72,20,13.6,8,6,8,0,2,1,5,555.28,1,0,0,0.0,0.0,1.25,0.0,0.05,2.0,1
cust_2914,4,40,588.58,147.15,22,25.31,5,4,8,0,0,0,1,106.8,0,1,0,0.0,0.0,0.25,1.0,0.0,2.0,0
cust_2915,8,59,1017.11,127.14,37,14.44,21,1,21,2,0,0,2,530.22,0,0,1,135.83,135.83,0.25,0.0,0.0,2.625,1
cust_2916,5,44,774.26,154.85,24,19.34,10,8,13,0,0,2,1,42.11,3,1,0,0.0,0.0,0.2,1.0,0.083,2.6,0
cust_2917,13,81,1847.9,142.15,40,8.53,12,5,12,0,0,1,4,301.14,0,2,0,0.0,0.0,0.308,0.5,0.025,0.923,1
cust_2918,5,61,481.34,96.27,29,10.33,11,9,11,1,0,2,4,365.84,0,0,0,0.0,0.0,0.8,0.0,0.069,2.2,0
cust_2919,15,141,4764.74,317.65,79,34.33,31,7,31,4,0,1,1,37.03,0,3,0,0.0,0.0,0.067,3.0,0.013,2.067,1
cust_2920,10,100,1645.5,164.55,53,20.43,21,18,23,2,0,0,1,27.24,1,0,0,0.0,0.0,0.1,0.0,0.0,2.3,0
cust_2921,11,48,1434.43,130.4,26,15.02,10,2,10,2,1,1,1,102.35,1,1,0,0.0,0.0,0.091,1.0,0.038,0.909,0
cust_2922,6,65,439.41,73.23,31,11.57,13,8,14,1,0,1,4,443.34,2,0,0,0.0,0.0,0.667,0.0,0.032,2.333,1
cust_2923,11,68,382.51,34.77,39,4.44,13,11,15,2,0,2,0,0.0,1,0,0,0.0,0.0,0.0,0.0,0.051,1.364,0
cust_2924,7,57,1540.18,220.03,34,7.94,8,5,8,0,0,1,3,588.32,1,1,0,0.0,0.0,0.429,0.333,0.029,1.143,1
cust_2925,1,8,113.68,113.68,5,0.57,2,1,5,0,0,1,2,180.23,0,0,0,0.0,0.0,2.0,0.0,0.2,5.0,0
cust_2926,2,17,205.62,102.81,9,5.38,4,4,8,2,0,1,1,176.8,1,1,1,302.02,302.02,0.5,1.0,0.111,4.0,0
cust_2927,4,26,960.81,240.2,16,1.19,8,6,10,1,0,0,4,311.58,0,0,0,0.0,0.0,1.0,0.0,0.0,2.5,0
cust_2928,2,26,50.84,25.42,11,13.04,2,1,5,1,0,2,3,294.66,1,1,0,0.0,0.0,1.5,0.333,0.182,2.5,1
cust_2929,2,17,73.64,36.82,7,22.29,2,2,4,0,0,1,1,101.78,2,0,1,90.73,90.73,0.5,0.0,0.143,2.0,0
cust_2930,2,21,212.26,106.13,9,1.91,5,5,8,1,0,0,3,60.64,2,1,1,50.14,50.14,1.5,0.333,0.0,4.0,0
cust_2931,3,32,448.61,149.54,20,2.82,4,4,5,1,0,0,2,160.05,1,0,0,0.0,0.0,0.667,0.0,0.0,1.667,0
cust_2932,7,74,648.27,92.61,41,19.45,21,9,24,1,0,0,2,150.4,0,0,0,0.0,0.0,0.286,0.0,0.0,3.429,0
cust_2933,2,20,274.42,137.21,10,8.81,2,2,3,0,1,0,0,0.0,1,0,0,0.0,0.0,0.0,0.0,0.0,1.5,0
cust_2934,1,13,105.27,105.27,8,8.87,4,2,7,1,0,0,1,163.5,0,2,0,0.0,0.0,1.0,2.0,0.0,7.0,1
cust_2935,9,116,1482.36,164.71,50,8.28,23,6,25,0,1,1,0,0.0,1,0,0,0.0,0.0,0.0,0.0,0.02,2.778,0
cust_2936,2,17,163.61,81.8,6,2.46,2,1,6,3,0,0,0,0.0,2,0,2,258.64,129.32,0.0,0.0,0.0,3.0,0
cust_2937,7,76,1281.97,183.14,37,2.79,21,6,23,2,0,1,0,0.0,0,0,0,0.0,0.0,0.0,0.0,0.027,3.286,1
cust_2938,7,35,363.76,51.97,16,29.89,9,1,10,0,0,0,2,198.84,0,1,0,0.0,0.0,0.286,0.5,0.0,1.429,0
cust_2939,1,4,102.78,102.78,1,12.85,0,0,3,1,0,0,3,81.1,1,3,0,0.0,0.0,3.0,1.0,0.0,3.0,0
cust_2940,5,46,1070.93,214.19,31,0.95,10,5,13,1,0,3,2,492.38,2,0,0,0.0,0.0,0.4,0.0,0.097,2.6,1
cust_2941,7,97,2488.86,355.55,55,2.52,19,13,22,0,0,0,1,136.08,1,0,1,191.72,191.72,0.143,0.0,0.0,3.143,1
cust_2942,6,66,1728.13,288.02,38,9.86,10,6,14,1,0,0,2,153.11,1,3,0,0.0,0.0,0.333,1.5,0.0,2.333,1
cust_2943,3,34,214.69,71.56,20,3.33,7,2,9,2,0,0,0,0.0,1,0,1,206.05,206.05,0.0,0.0,0.0,3.0,0
cust_2944,3,17,434.68,144.89,8,2.9,4,3,6,0,0,0,1,66.22,1,1,3,283.52,94.51,0.333,1.0,0.0,2.0,1
cust_2945,8,71,1712.8,214.1,49,2.26,19,11,22,3,1,0,2,257.45,0,0,0,0.0,0.0,0.25,0.0,0.0,2.75,1
cust_2946,4,33,617.37,154.34,22,2.05,12,9,15,1,0,1,2,274.85,0,0,1,26.97,26.97,0.5,0.0,0.045,3.75,1
cust_2947,4,50,299.34,74.84,31,9.5,7,4,10,0,0,0,0,0.0,0,0,3,873.45,291.15,0.0,0.0,0.0,2.5,0
cust_2948,2,11,128.12,64.06,5,23.63,1,1,3,1,1,0,1,61.15,0,2,0,0.0,0.0,0.5,2.0,0.0,1.5,0
cust_2949,7,69,495.63,70.8,45,4.48,19,8,23,0,0,0,0,0.0,1,0,2,303.14,151.57,0.0,0.0,0.0,3.286,0
cust_2950,10,140,3307.89,330.79,60,1.3,29,13,32,1,0,4,0,0.0,1,0,2,294.34,147.17,0.0,0.0,0.067,3.2,1
cust_2951,4,55,726.36,181.59,32,1.33,9,9,12,0,0,0,1,48.6,1,1,1,247.61,247.61,0.25,1.0,0.0,3.0,0
cust_2952,3,40,435.47,145.16,21,27.13,8,3,12,0,0,0,2,242.95,1,0,1,116.2,116.2,0.667,0.0,0.0,4.0,0
cust_2953,7,56,1716.56,245.22,23,7.52,12,6,16,1,0,0,2,141.91,1,0,0,0.0,0.0,0.286,0.0,0.0,2.286,0
cust_2954,4,57,612.24,153.06,38,6.28,19,18,22,1,0,1,1,136.85,0,0,0,0.0,0.0,0.25,0.0,0.026,5.5,1
cust_2955,3,38,486.78,162.26,26,22.14,7,3,8,0,0,1,2,197.14,3,0,1,111.39,111.39,0.667,0.0,0.038,2.667,0
cust_2956,6,80,783.55,130.59,53,7.07,17,6,21,0,0,3,0,0.0,0,0,0,0.0,0.0,0.0,0.0,0.057,3.5,1
cust_2957,2,28,86.57,43.29,12,6.55,3,1,7,0,1,0,1,79.7,3,2,0,0.0,0.0,0.5,2.0,0.0,3.5,1
cust_2958,6,85,485.67,80.94,42,26.13,20,14,22,3,0,1,3,123.42,3,1,0,0.0,0.0,0.5,0.333,0.024,3.667,0
cust_2959,10,66,1071.0,107.1,45,6.43,26,10,26,0,0,1,4,495.18,1,1,0,0.0,0.0,0.4,0.25,0.022,2.6,1
cust_2960,5,27,1086.28,217.26,11,4.96,3,1,6,1,0,1,1,70.82,1,1,1,178.48,178.48,0.2,1.0,0.091,1.2,0
cust_2961,6,69,1432.91,238.82,39,8.71,16,2,16,1,0,1,2,69.06,0,1,0,0.0,0.0,0.333,0.5,0.026,2.667,1
cust_2962,2,20,93.17,46.59,10,37.82,5,5,5,1,1,0,0,0.0,0,0,1,86.41,86.41,0.0,0.0,0.0,2.5,0
cust_2963,3,22,278.14,92.71,9,33.19,2,1,5,0,1,1,0,0.0,0,0,1,202.82,202.82,0.0,0.0,0.111,1.667,0
cust_2964,2,23,267.64,133.82,15,14.94,6,3,8,1,0,1,3,271.32,0,2,0,0.0,0.0,1.5,0.667,0.067,4.0,1
cust_2965,3,14,189.37,63.12,6,6.92,1,1,5,0,0,0,0,0.0,0,0,0,0.0,0.0,0.0,0.0,0.0,1.667,0
cust_2966,2,9,417.35,208.67,5,21.33,2,1,4,1,1,0,0,0.0,0,0,0,0.0,0.0,0.0,0.0,0.0,2.0,0
cust_2967,5,39,1306.12,261.22,19,5.44,4,4,6,3,1,1,2,76.16,0,0,0,0.0,0.0,0.4,0.0,0.053,1.2,0
cust_2968,4,24,2325.7,581.42,12,10.22,4,1,7,0,0,0,3,364.82,0,0,1,56.46,56.46,0.75,0.0,0.0,1.75,0
cust_2969,26,309,3353.15,128.97,143,1.98,43,7,44,0,0,0,1,90.81,0,1,3,430.94,143.65,0.038,1.0,0.0,1.692,1
cust_2970,5,72,665.71,133.14,42,10.83,8,5,12,1,0,1,2,206.25,0,1,0,0.0,0.0,0.4,0.5,0.024,2.4,0
cust_2971,1,11,294.06,294.06,7,3.23,4,1,8,0,0,0,0,0.0,2,0,0,0.0,0.0,0.0,0.0,0.0,8.0,0
cust_2972,2,22,543.97,271.98,14,14.77,5,1,8,1,0,1,3,453.48,1,0,0,0.0,0.0,1.5,0.0,0.071,4.0,0
cust_2973,2,8,398.55,199.28,4,5.35,1,1,2,1,0,0,1,93.96,1,3,0,0.0,0.0,0.5,3.0,0.0,1.0,1
cust_2974,5,48,498.06,99.61,30,5.08,13,9,14,1,0,3,1,34.45,0,1,0,0.0,0.0,0.2,1.0,0.1,2.8,0
cust_2975,2,25,190.03,95.02,16,13.73,4,1,4,2,2,2,1,44.31,1,1,0,0.0,0.0,0.5,1.0,0.125,2.0,0
cust_2976,9,100,1093.33,121.48,54,5.54,14,1,14,0,0,0,1,54.89,1,3,0,0.0,0.0,0.111,3.0,0.0,1.556,1
cust_2977,10,65,1502.51,150.25,37,12.52,16,13,18,2,1,1,2,404.58,0,1,0,0.0,0.0,0.2,0.5,0.027,1.8,1
cust_2978,2,26,359.67,179.83,17,19.31,8,8,12,2,0,1,1,133.59,0,0,0,0.0,0.0,0.5,0.0,0.059,6.0,0
cust_2979,16,233,3072.7,192.04,141,1.47,62,19,66,1,0,2,1,130.27,0,1,1,261.68,261.68,0.062,1.0,0.014,4.125,1
cust_2980,11,77,1732.93,157.54,33,6.52,14,11,18,1,0,0,0,0.0,1,0,1,124.71,124.71,0.0,0.0,0.0,1.636,0
cust_2981,18,113,1960.43,108.91,71,28.99,35,16,37,1,0,2,2,409.58,0,1,0,0.0,0.0,0.111,0.5,0.028,2.056,1
cust_2982,1,7,44.12,44.12,2,16.72,0,0,1,0,0,1,0,0.0,0,0,0,0.0,0.0,0.0,0.0,0.5,1.0,0
cust_2983,8,37,1682.49,210.31,24,36.35,11,1,12,2,0,1,1,44.7,2,1,1,31.26,31.26,0.125,1.0,0.042,1.5,0
cust_2984,6,81,906.4,151.07,51,19.68,18,14,22,2,0,0,3,583.8,0,0,2,560.32,280.16,0.5,0.0,0.0,3.667,1
cust_2985,3,42,428.23,142.74,27,3.71,12,11,13,2,0,0,0,0.0,0,0,0,0.0,0.0,0.0,0.0,0.0,4.333,0
cust_2986,1,10,122.02,122.02,4,1.97,1,1,5,1,1,0,2,49.2,1,1,0,0.0,0.0,2.0,0.5,0.0,5.0,0
cust_2987,5,62,2365.14,473.03,42,2.36,10,7,11,2,0,1,0,0.0,0,0,1,227.57,227.57,0.0,0.0,0.024,2.2,0
cust_2988,9,102,2733.01,303.67,59,2.44,12,12,15,4,1,1,2,221.85,1,0,0,0.0,0.0,0.222,0.0,0.017,1.667,1
cust_2989,5,40,1088.21,217.64,25,0.79,13,4,13,0,0,4,1,48.54,1,1,0,0.0,0.0,0.2,1.0,0.16,2.6,1
cust_2990,4,43,744.41,186.1,24,23.73,6,5,9,1,1,0,0,0.0,0,0,1,265.03,265.03,0.0,0.0,0.0,2.25,0
cust_2991,2,26,312.02,156.01,13,6.98,4,4,4,3,0,1,2,277.06,0,0,0,0.0,0.0,1.0,0.0,0.077,2.0,0
cust_2992,10,129,797.52,79.75,63,1.07,31,18,32,2,0,1,1,52.17,1,0,2,181.72,90.86,0.1,0.0,0.016,3.2,1
cust_2993,5,24,564.19,112.84,10,14.38,3,2,6,3,0,1,1,43.99,0,1,1,242.13,242.13,0.2,1.0,0.1,1.2,0
cust_2994,16,145,4533.66,283.35,81,3.94,23,4,27,1,0,0,4,489.99,0,0,1,86.91,86.91,0.25,0.0,0.0,1.688,1
cust_2995,9,75,1330.92,147.88,33,0.74,9,3,12,0,0,0,3,95.53,1,0,0,0.0,0.0,0.333,0.0,0.0,1.333,0
cust_2996,5,61,1540.48,308.1,34,2.1,12,5,13,2,1,2,1,46.23,0,1,0,0.0,0.0,0.2,1.0,0.059,2.6,0
cust_2997,5,47,782.98,156.6,27,10.72,11,2,12,0,0,1,1,149.51,1,0,0,0.0,0.0,0.2,0.0,0.037,2.4,0
cust_2998,3,23,114.78,38.26,12,15.8,4,2,4,2,0,1,3,200.58,2,1,0,0.0,0.0,1.0,0.333,0.083,1.333,0
cust_2999,4,47,846.96,211.74,21,2.93,11,10,14,3,1,0,1,74.28,1,1,0,0.0,0.0,0.25,1.0,0.0,3.5,0
cust_3000,10,92,1525.69,152.57,48,8.61,9,1,10,1,0,0,0,0.0,3,0,0,0.0,0.0,0.0,0.0,0.0,1.0,0
cust_3001,7,47,3480.61,497.23,31,0.01,11,11,14,2,0,0,1,47.4,0,0,0,0.0,0.0,0.143,0.0,0.0,2.0,0
cust_3002,4,55,517.82,129.45,29,3.26,14,7,16,0,3,1,2,242.82,1,1,0,0.0,0.0,0.5,0.5,0.034,4.0,1
cust_3003,2,10,241.29,120.65,5,2.0,2,1,3,2,0,2,0,0.0,0,0,1,80.72,80.72,0.0,0.0,0.4,1.5,0
cust_3004,2,8,237.26,118.63,4,0.8,1,1,1,1,0,0,1,189.78,1,2,1,59.16,59.16,0.5,2.0,0.0,0.5,1
cust_3005,2,11,205.11,102.56,6,6.61,2,1,2,2,0,0,2,122.54,1,1,0,0.0,0.0,1.0,0.5,0.0,1.0,0
cust_3006,3,17,843.64,281.21,7,9.97,3,3,7,3,0,2,2,149.19,0,1,0,0.0,0.0,0.667,0.5,0.286,2.333,0
cust_3007,7,69,4949.65,707.09,32,0.47,8,6,9,1,0,1,2,91.98,1,2,0,0.0,0.0,0.286,1.0,0.031,1.286,1
cust_3008,11,119,1816.27,165.12,65,1.48,30,11,34,2,0,0,0,0.0,0,0,0,0.0,0.0,0.0,0.0,0.0,3.091,0
cust_3009,6,53,1307.23,217.87,27,26.93,8,8,8,2,0,0,0,0.0,2,0,1,166.92,166.92,0.0,0.0,0.0,1.333,0
cust_3010,4,24,500.67,125.17,11,2.52,5,3,6,0,0,0,1,66.31,1,1,0,0.0,0.0,0.25,1.0,0.0,1.5,0
cust_3011,2,10,789.49,394.74,5,14.27,2,1,4,3,0,2,0,0.0,1,0,0,0.0,0.0,0.0,0.0,0.4,2.0,0
cust_3012,1,9,194.36,194.36,4,13.77,1,1,4,0,0,3,2,163.16,0,2,0,0.0,0.0,2.0,1.0,0.75,4.0,1
cust_3013,6,61,739.24,123.21,30,3.88,6,5,7,2,0,1,1,121.39,1,2,1,68.77,68.77,0.167,2.0,0.033,1.167,1
cust_3014,14,102,3831.12,273.65,64,2.28,31,8,35,1,0,2,1,176.96,0,0,0,0.0,0.0,0.071,0.0,0.031,2.5,1
cust_3015,19,122,2926.89,154.05,67,2.8,25,18,26,1,0,0,0,0.0,1,0,0,0.0,0.0,0.0,0.0,0.0,1.368,0
cust_3016,2,9,88.44,44.22,5,8.34,1,1,1,0,1,0,2,313.09,1,0,0,0.0,0.0,1.0,0.0,0.0,0.5,0
cust_3017,7,30,518.79,74.11,20,4.8,6,2,6,2,0,1,2,49.2,0,1,1,31.6,31.6,0.286,0.5,0.05,0.857,0
cust_3018,3,15,189.64,63.21,10,6.84,3,2,3,1,0,1,1,70.76,1,0,0,0.0,0.0,0.333,0.0,0.1,1.0,0
cust_3019,10,121,2971.69,297.17,57,16.69,27,11,30,1,0,1,3,294.47,1,2,0,0.0,0.0,0.3,0.667,0.018,3.0,1
cust_3020,5,38,491.23,98.25,20,6.98,7,2,8,0,0,1,1,82.99,0,1,0,0.0,0.0,0.2,1.0,0.05,1.6,0
cust_3021,1,4,66.97,66.97,2,53.45,0,0,0,1,0,1,0,0.0,3,0,0,0.0,0.0,0.0,0.0,0.5,0.0,0
cust_3022,2,19,381.23,190.61,12,10.96,4,2,4,1,0,0,2,188.75,0,0,0,0.0,0.0,1.0,0.0,0.0,2.0,0
cust_3023,3,29,539.85,179.95,16,2.32,7,1,9,2,0,0,2,227.4,1,1,0,0.0,0.0,0.667,0.5,0.0,3.0,0
cust_3024,5,43,1385.6,277.12,20,6.92,9,3,9,2,0,1,0,0.0,2,0,0,0.0,0.0,0.0,0.0,0.05,1.8,0
cust_3025,2,10,644.35,322.17,5,16.79,1,1,5,0,0,0,1,172.29,1,1,0,0.0,0.0,0.5,1.0,0.0,2.5,0
cust_3026,4,49,521.61,130.4,20,2.46,5,3,5,2,0,1,4,406.92,1,1,0,0.0,0.0,1.0,0.25,0.05,1.25,1
cust_3027,8,92,2919.56,364.94,59,13.07,21,9,25,2,0,0,2,68.58,1,0,0,0.0,0.0,0.25,0.0,0.0,3.125,0
cust_3028,13,108,3760.58,289.28,61,0.34,16,5,19,1,0,1,2,267.67,3,2,0,0.0,0.0,0.154,1.0,0.016,1.462,1
cust_3029,3,24,130.47,43.49,14,28.58,8,8,11,1,0,0,2,349.95,0,2,1,153.15,153.15,0.667,1.0,0.0,3.667,1
cust_3030,4,22,840.95,210.24,10,10.89,5,1,6,2,0,0,2,355.03,1,2,0,0.0,0.0,0.5,1.0,0.0,1.5,1
cust_3031,1,12,90.0,90.0,6,1.77,2,1,4,0,0,1,4,251.5,2,0,0,0.0,0.0,4.0,0.0,0.167,4.0,0
cust_3032,19,201,1599.24,84.17,112,20.74,23,15,24,2,0,1,2,243.59,1,1,0,0.0,0.0,0.105,0.5,0.009,1.263,1
cust_3033,8,39,2824.86,353.11,22,0.85,7,7,7,0,0,1,3,280.43,2,1,1,158.54,158.54,0.375,0.333,0.045,0.875,1
cust_3034,3,24,841.25,280.42,15,5.21,8,1,11,0,0,0,3,297.58,3,0,2,302.42,151.21,1.0,0.0,0.0,3.667,1
cust_3035,1,13,298.9,298.9,8,13.35,2,1,6,3,0,2,2,147.26,0,1,0,0.0,0.0,2.0,0.5,0.25,6.0,0
cust_3036,10,89,1494.85,149.49,50,27.71,22,14,23,1,0,0,1,262.69,2,0,0,0.0,0.0,0.1,0.0,0.0,2.3,1
cust_3037,6,45,313.53,52.25,30,4.29,8,2,11,2,0,0,2,161.05,1,2,0,0.0,0.0,0.333,1.0,0.0,1.833,1
cust_3038,9,99,492.25,54.69,50,17.75,26,1,30,0,0,1,5,270.81,2,2,1,323.55,323.55,0.556,0.4,0.02,3.333,1
cust_3039,3,18,244.45,81.48,9,2.19,5,3,9,4,0,2,1,100.01,1,1,0,0.0,0.0,0.333,1.0,0.222,3.0,0
cust_3040,10,97,2936.15,293.61,57,0.36,25,9,25,0,0,0,0,0.0,0,0,0,0.0,0.0,0.0,0.0,0.0,2.5,0
cust_3041,4,45,473.84,118.46,23,0.29,10,10,11,2,0,1,3,393.05,1,2,0,0.0,0.0,0.75,0.667,0.043,2.75,1
cust_3042,6,80,2100.97,350.16,40,10.73,14,3,18,1,0,1,5,332.24,0,0,1,138.82,138.82,0.833,0.0,0.025,3.0,1
cust_3043,4,46,399.88,99.97,19,1.67,9,5,12,1,0,2,1,147.46,1,1,1,176.82,176.82,0.25,1.0,0.105,3.0,1
cust_3044,3,24,1203.23,401.08,14,0.52,5,2,6,1,0,1,2,99.52,0,0,1,140.94,140.94,0.667,0.0,0.071,2.0,0
cust_3045,3,37,791.43,263.81,16,37.61,7,5,7,0,0,0,0,0.0,1,0,0,0.0,0.0,0.0,0.0,0.0,2.333,0
cust_3046,3,41,258.9,86.3,18,2.77,10,7,10,1,0,2,1,195.18,0,0,0,0.0,0.0,0.333,0.0,0.111,3.333,0
cust_3047,13,120,2078.93,159.92,54,6.21,28,5,31,0,0,1,2,144.87,1,1,0,0.0,0.0,0.154,0.5,0.019,2.385,1
cust_3048,5,20,1391.03,278.21,12,9.5,4,1,8,2,0,1,2,252.93,0,3,0,0.0,0.0,0.4,1.5,0.083,1.6,1
cust_3049,7,95,1163.57,166.22,41,1.56,24,4,24,1,0,1,1,102.75,0,2,0,0.0,0.0,0.143,2.0,0.024,3.429,1
cust_3050,8,46,956.4,119.55,31,4.42,13,5,13,1,0,0,1,43.98,3,1,0,0.0,0.0,0.125,1.0,0.0,1.625,1
cust_3051,9,48,1044.38,116.04,30,10.43,6,2,10,0,1,0,3,131.36,0,1,0,0.0,0.0,0.333,0.333,0.0,1.111,0
cust_3052,2,14,199.2,99.6,7,10.21,3,2,7,1,0,1,3,292.6,0,0,0,0.0,0.0,1.5,0.0,0.143,3.5,0
cust_3053,9,73,873.86,97.1,42,18.46,22,15,26,0,0,3,3,186.17,0,0,0,0.0,0.0,0.333,0.0,0.071,2.889,1
cust_3054,8,102,1107.44,138.43,41,5.75,10,6,12,1,0,1,1,71.36,3,1,0,0.0,0.0,0.125,1.0,0.024,1.5,0
cust_3055,5,41,388.75,77.75,26,22.06,12,11,14,2,0,0,0,0.0,1,0,0,0.0,0.0,0.0,0.0,0.0,2.8,0
cust_3056,2,9,224.96,112.48,4,11.46,2,2,6,2,0,1,4,489.18,1,0,0,0.0,0.0,2.0,0.0,0.25,3.0,1
cust_3057,6,65,1327.24,221.21,27,8.26,8,1,12,1,0,0,1,247.19,0,0,0,0.0,0.0,0.167,0.0,0.0,2.0,0
cust_3058,4,45,339.71,84.93,28,1.25,12,11,15,2,0,0,1,232.62,0,0,0,0.0,0.0,0.25,0.0,0.0,3.75,0
cust_3059,13,168,922.85,70.99,83,8.55,25,5,25,1,0,1,1,111.18,0,0,0,0.0,0.0,0.077,0.0,0.012,1.923,0
cust_3060,3,25,209.22,69.74,14,9.03,7,3,8,2,0,1,1,38.49,0,1,0,0.0,0.0,0.333,1.0,0.071,2.667,0
cust_3061,2,9,235.17,117.58,5,14.22,2,1,4,2,1,0,4,230.16,0,2,0,0.0,0.0,2.0,0.5,0.0,2.0,1
cust_3062,10,100,749.48,74.95,63,12.7,23,14,25,0,0,1,0,0.0,0,0,1,192.8,192.8,0.0,0.0,0.016,2.5,0
cust_3063,14,74,1880.4,134.31,37,7.55,7,1,11,2,0,2,2,206.89,0,2,0,0.0,0.0,0.143,1.0,0.054,0.786,1
cust_3064,3,12,566.43,188.81,7,8.99,4,4,8,3,0,5,1,69.34,1,0,1,184.88,184.88,0.333,0.0,0.714,2.667,0
cust_3065,7,87,672.05,96.01,44,14.8,17,17,21,1,0,1,4,395.76,2,1,1,50.19,50.19,0.571,0.25,0.023,3.0,1
cust_3066,3,25,164.36,54.79,13,4.33,6,1,7,0,0,0,5,499.98,1,1,0,0.0,0.0,1.667,0.2,0.0,2.333,1
cust_3067,9,87,3077.22,341.91,50,1.45,17,14,19,3,0,1,1,96.26,1,0,0,0.0,0.0,0.111,0.0,0.02,2.111,0
cust_3068,1,11,131.27,131.27,4,20.74,2,2,3,2,0,0,1,106.05,1,1,0,0.0,0.0,1.0,1.0,0.0,3.0,0
cust_3069,2,16,293.67,146.84,9,33.53,2,2,2,1,0,0,1,141.78,1,1,0,0.0,0.0,0.5,1.0,0.0,1.0,0
cust_3070,1,4,228.75,228.75,2,5.61,0,0,1,1,0,1,0,0.0,1,0,0,0.0,0.0,0.0,0.0,0.5,1.0,0
cust_3071,15,101,1044.03,69.6,66,46.37,22,10,25,1,1,0,1,59.91,0,0,0,0.0,0.0,0.067,0.0,0.0,1.667,0
cust_3072,3,18,299.41,99.8,9,3.9,2,1,4,0,0,1,2,480.54,2,0,3,235.1,78.37,0.667,0.0,0.111,1.333,1
cust_3073,12,177,1770.65,147.55,83,0.69,31,7,32,0,0,1,1,161.31,0,0,0,0.0,0.0,0.083,0.0,0.012,2.667,0
cust_3074,11,133,2047.25,186.11,72,8.5,28,13,30,1,1,1,3,245.59,2,1,1,141.1,141.1,0.273,0.333,0.014,2.727,1
cust_3075,3,26,415.89,138.63,15,20.26,3,3,7,1,1,0,0,0.0,0,0,0,0.0,0.0,0.0,0.0,0.0,2.333,0
cust_3076,4,18,633.0,158.25,10,9.61,3,1,4,1,0,2,1,93.38,0,0,1,108.18,108.18,0.25,0.0,0.2,1.0,0
cust_3077,4,21,555.78,138.95,9,0.09,2,1,4,1,0,0,1,61.32,3,1,1,96.16,96.16,0.25,1.0,0.0,1.0,0
cust_3078,9,116,1187.36,131.93,58,0.12,31,6,32,2,0,0,1,87.44,1,1,1,147.19,147.19,0.111,1.0,0.0,3.556,1
cust_3079,6,86,185.71,30.95,36,12.89,14,10,15,1,1,2,1,89.95,4,0,0,0.0,0.0,0.167,0.0,0.056,2.5,0
cust_3080,10,43,1986.99,198.7,26,18.67,15,5,16,0,0,2,2,32.94,0,3,3,375.75,125.25,0.2,1.5,0.077,1.6,1
cust_3081,4,56,225.28,56.32,37,2.92,12,5,15,2,0,0,2,854.95,1,1,1,44.17,44.17,0.5,0.5,0.0,3.75,1
cust_3082,5,40,1944.34,388.87,16,6.35,5,5,8,0,0,0,1,125.02,0,0,2,153.38,76.69,0.2,0.0,0.0,1.6,0
cust_3083,14,88,1542.16,110.15,49,32.47,16,6,17,2,0,1,2,551.15,1,2,0,0.0,0.0,0.143,1.0,0.02,1.214,1
cust_3084,9,46,1110.81,123.42,26,6.17,7,1,8,2,2,0,1,114.27,2,1,1,133.17,133.17,0.111,1.0,0.0,0.889,0
cust_3085,5,62,804.42,160.88,32,1.46,16,5,18,1,0,0,4,339.78,2,1,0,0.0,0.0,0.8,0.25,0.0,3.6,1
cust_3086,4,36,1202.72,300.68,19,24.26,5,2,9,3,0,2,4,233.54,3,1,1,78.63,78.63,1.0,0.25,0.105,2.25,0
cust_3087,7,92,1069.57,152.8,56,6.84,17,1,17,0,0,0,0,0.0,0,0,0,0.0,0.0,0.0,0.0,0.0,2.429,0
cust_3088,3,19,149.51,49.84,10,4.22,2,1,6,2,0,1,1,29.62,0,1,1,45.26,45.26,0.333,1.0,0.1,2.0,0
cust_3089,11,126,1485.43,135.04,85,1.03,49,5,51,1,0,0,2,323.35,1,0,0,0.0,0.0,0.182,0.0,0.0,4.636,1
cust_3090,2,10,153.48,76.74,5,6.13,2,2,5,2,0,1,2,74.35,3,0,0,0.0,0.0,1.0,0.0,0.2,2.5,0
cust_3091,1,4,78.38,78.38,1,14.68,0,0,2,2,1,0,2,392.32,1,0,0,0.0,0.0,2.0,0.0,0.0,2.0,0
cust_3092,4,21,326.45,81.61,14,12.63,5,3,7,1,0,0,0,0.0,0,0,0,0.0,0.0,0.0,0.0,0.0,1.75,0
cust_3093,6,77,1119.75,186.62,34,6.86,13,10,13,0,1,2,2,250.23,0,1,1,77.97,77.97,0.333,0.5,0.059,2.167,1
cust_3094,10,112,1955.91,195.59,71,12.71,16,12,20,0,0,0,1,24.06,0,2,1,67.56,67.56,0.1,2.0,0.0,2.0,0
cust_3095,5,29,1106.39,221.28,16,4.32,6,2,9,1,0,1,1,203.96,2,2,1,127.32,127.32,0.2,2.0,0.062,1.8,1
cust_3096,3,24,302.69,100.9,14,13.29,3,3,5,0,1,0,1,63.78,0,1,0,0.0,0.0,0.333,1.0,0.0,1.667,0
cust_3097,2,24,312.48,156.24,13,0.9,4,2,4,3,0,3,1,72.99,1,0,1,208.91,208.91,0.5,0.0,0.231,2.0,0
cust_3098,2,14,410.09,205.04,5,2.22,1,1,3,0,0,1,2,257.98,0,0,2,290.6,145.3,1.0,0.0,0.2,1.5,0
cust_3099,9,127,3203.33,355.93,65,21.01,28,2,30,0,0,0,1,56.37,0,0,0,0.0,0.0,0.111,0.0,0.0,3.333,0
cust_3100,2,28,104.59,52.29,16,3.48,3,3,7,3,0,1,2,190.27,0,0,0,0.0,0.0,1.0,0.0,0.062,3.5,0
cust_3101,9,90,1415.67,157.3,52,2.31,23,9,27,1,1,0,0,0.0,1,0,3,220.6,73.53,0.0,0.0,0.0,3.0,1
cust_3102,4,43,299.46,74.86,29,0.93,14,3,14,1,0,0,2,351.07,1,0,1,164.3,164.3,0.5,0.0,0.0,3.5,1
cust_3103,10,111,1825.27,182.53,64,4.99,27,12,29,2,0,0,2,115.48,1,0,0,0.0,0.0,0.2,0.0,0.0,2.9,1
cust_3104,6,41,357.61,59.6,19,0.69,7,4,9,0,0,2,1,88.98,4,0,2,152.3,76.15,0.167,0.0,0.105,1.5,0
cust_3105,15,120,2399.53,159.97,49,6.87,10,3,12,1,0,0,0,0.0,0,0,0,0.0,0.0,0.0,0.0,0.0,0.8,0
cust_3106,9,49,931.93,103.55,31,25.16,6,5,7,0,0,0,3,182.01,1,0,0,0.0,0.0,0.333,0.0,0.0,0.778,0
cust_3107,9,127,449.76,49.97,84,15.47,28,13,29,3,0,1,1,117.74,1,1,0,0.0,0.0,0.111,1.0,0.012,3.222,1
cust_3108,11,131,1214.39,110.4,76,0.42,38,4,40,1,0,1,1,172.0,1,1,0,0.0,0.0,0.091,1.0,0.013,3.636,1
cust_3109,6,27,798.54,133.09,14,3.56,6,1,10,1,0,2,0,0.0,0,0,1,171.22,171.22,0.0,0.0,0.143,1.667,0
cust_3110,8,80,2542.4,317.8,52,2.08,13,1,13,2,0,0,1,26.39,1,1,0,0.0,0.0,0.125,1.0,0.0,1.625,0
cust_3111,2,15,304.79,152.4,7,0.69,3,1,7,2,0,1,2,219.4,0,0,0,0.0,0.0,1.0,0.0,0.143,3.5,0
cust_3112,1,12,104.81,104.81,6,1.15,2,2,2,2,0,1,3,326.75,0,2,0,0.0,0.0,3.0,0.667,0.167,2.0,1
cust_3113,1,7,76.72,76.72,3,23.88,0,0,3,2,0,0,1,61.66,0,1,1,226.08,226.08,1.0,1.0,0.0,3.0,0
cust_3114,4,44,1267.92,316.98,18,3.71,9,8,11,1,0,1,2,361.8,0,1,0,0.0,0.0,0.5,0.5,0.056,2.75,1
cust_3115,2,11,246.59,123.3,6,4.98,3,2,5,0,0,0,2,42.66,1,3,1,68.78,68.78,1.0,1.5,0.0,2.5,1
cust_3116,6,60,1625.61,270.93,27,6.65,7,6,8,1,0,1,5,437.95,0,1,2,135.82,67.91,0.833,0.2,0.037,1.333,1
cust_3117,7,50,857.16,122.45,24,13.66,10,10,13,2,0,0,0,0.0,1,0,0,0.0,0.0,0.0,0.0,0.0,1.857,0
cust_3118,9,52,1043.26,115.92,27,16.01,9,9,10,1,0,2,1,88.86,1,0,0,0.0,0.0,0.111,0.0,0.074,1.111,0
cust_3119,5,54,657.91,131.58,31,33.17,6,3,10,0,0,1,2,116.06,0,0,1,100.82,100.82,0.4,0.0,0.032,2.0,0
cust_3120,3,33,677.72,225.91,13,2.37,7,6,8,1,1,1,0,0.0,1,0,0,0.0,0.0,0.0,0.0,0.077,2.667,0
cust_3121,1,14,121.32,121.32,7,3.58,3,3,3,3,0,1,1,92.99,1,2,1,74.53,74.53,1.0,2.0,0.143,3.0,0
cust_3122,5,56,878.86,175.77,27,3.75,8,8,10,1,1,0,1,80.06,0,1,1,114.39,114.39,0.2,1.0,0.0,2.0,0
cust_3123,6,58,2408.47,401.41,23,5.89,9,1,13,2,0,1,0,0.0,0,0,0,0.0,0.0,0.0,0.0,0.043,2.167,0
cust_3124,4,56,378.12,94.53,34,16.47,13,11,16,2,1,0,1,41.04,0,1,2,458.21,229.1,0.25,1.0,0.0,4.0,1
cust_3125,10,131,1250.3,125.03,61,2.74,16,11,18,0,0,1,2,160.46,0,1,1,156.58,156.58,0.2,0.5,0.016,1.8,1
cust_3126,12,120,3052.16,254.35,53,15.27,13,7,17,1,0,2,0,0.0,0,0,0,0.0,0.0,0.0,0.0,0.038,1.417,0
cust_3127,8,76,1844.6,230.58,48,2.28,25,15,28,1,0,0,2,95.27,1,1,0,0.0,0.0,0.25,0.5,0.0,3.5,1
cust_3128,3,43,383.32,127.77,17,12.38,9,7,9,0,0,1,2,167.8,0,0,0,0.0,0.0,0.667,0.0,0.059,3.0,0
cust_3129,6,64,1670.15,278.36,42,16.04,20,3,20,2,0,0,1,180.51,2,0,1,168.29,168.29,0.167,0.0,0.0,3.333,0
cust_3130,10,118,1172.52,117.25,71,19.23,16,7,19,0,0,1,2,74.9,0,2,1,240.7,240.7,0.2,1.0,0.014,1.9,1
cust_3131,15,74,2455.58,163.71,33,7.14,18,16,20,1,0,1,3,207.26,2,0,0,0.0,0.0,0.2,0.0,0.03,1.333,0
cust_3132,1,11,223.37,223.37,5,3.99,2,1,2,3,0,1,2,407.31,1,2,0,0.0,0.0,2.0,1.0,0.2,2.0,1
cust_3133,16,110,6219.88,388.74,75,14.8,38,16,42,2,0,1,2,33.27,1,0,0,0.0,0.0,0.125,0.0,0.013,2.625,1
cust_3134,15,79,4905.29,327.02,46,3.87,15,14,17,0,0,0,2,407.91,0,2,0,0.0,0.0,0.133,1.0,0.0,1.133,1
cust_3135,4,53,492.24,123.06,30,1.6,10,4,13,3,0,1,2,157.49,2,0,3,652.58,217.53,0.5,0.0,0.033,3.25,1
cust_3136,14,162,3451.63,246.54,96,18.0,52,18,52,3,0,1,0,0.0,0,0,0,0.0,0.0,0.0,0.0,0.01,3.714,1
cust_3137,5,42,1426.15,285.23,22,5.3,6,4,6,2,0,0,1,195.71,1,0,1,155.43,155.43,0.2,0.0,0.0,1.2,0
cust_3138,4,34,322.13,80.53,15,8.46,3,2,4,2,0,1,1,123.61,0,0,0,0.0,0.0,0.25,0.0,0.067,1.0,0
cust_3139,12,74,2345.72,195.48,32,25.06,16,10,17,3,0,0,2,245.47,2,2,0,0.0,0.0,0.167,1.0,0.0,1.417,1
cust_3140,7,28,692.47,98.92,16,1.46,4,1,6,1,0,1,0,0.0,0,0,0,0.0,0.0,0.0,0.0,0.062,0.857,0
cust_3141,4,31,715.89,178.97,20,8.15,11,4,13,2,0,0,1,67.2,1,2,0,0.0,0.0,0.25,2.0,0.0,3.25,1
cust_3142,3,16,812.83,270.94,7,8.18,3,3,6,1,0,2,2,210.03,2,1,0,0.0,0.0,0.667,0.5,0.286,2.0,1
cust_3143,14,120,554.8,39.63,66,19.8,27,14,30,1,0,1,2,164.79,1,1,1,81.98,81.98,0.143,0.5,0.015,2.143,1
cust_3144,5,65,1729.25,345.85,45,4.17,22,5,25,3,0,2,3,487.53,1,0,0,0.0,0.0,0.6,0.0,0.044,5.0,1
cust_3145,1,5,335.47,335.47,2,5.13,0,0,1,0,0,0,1,71.41,1,1,0,0.0,0.0,1.0,1.0,0.0,1.0,0
cust_3146,13,65,3271.37,251.64,33,7.32,16,6,16,1,2,0,1,162.47,1,0,0,0.0,0.0,0.077,0.0,0.0,1.231,0
cust_3147,7,97,764.37,109.2,49,1.83,21,4,21,0,0,0,1,43.79,2,1,0,0.0,0.0,0.143,1.0,0.0,3.0,1
cust_3148,2,24,632.21,316.11,9,6.36,3,3,6,1,1,1,1,21.53,0,2,0,0.0,0.0,0.5,2.0,0.111,3.0,0
cust_3149,2,9,452.06,226.03,4,5.73,1,1,2,0,0,0,4,252.15,2,0,2,260.49,130.24,2.0,0.0,0.0,1.0,0
cust_3150,12,58,4707.84,392.32,26,2.2,13,6,16,1,0,1,4,385.34,0,0,0,0.0,0.0,0.333,0.0,0.038,1.333,0
cust_3151,1,11,127.2,127.2,4,17.9,1,1,5,2,0,0,2,47.66,2,1,0,0.0,0.0,2.0,0.5,0.0,5.0,0
cust_3152,5,40,277.28,55.46,24,5.64,9,9,11,0,0,0,0,0.0,0,0,0,0.0,0.0,0.0,0.0,0.0,2.2,0
cust_3153,12,143,1758.15,146.51,90,3.65,23,12,24,2,0,0,1,90.61,0,2,0,0.0,0.0,0.083,2.0,0.0,2.0,1
cust_3154,8,67,1497.54,187.19,44,1.4,25,11,25,1,0,1,0,0.0,1,0,1,173.12,173.12,0.0,0.0,0.023,3.125,1
cust_3155,6,87,1053.43,175.57,59,0.94,16,7,20,0,2,0,3,223.17,0,2,2,253.95,126.98,0.5,0.667,0.0,3.333,1
cust_3156,9,104,862.6,95.84,68,32.25,35,11,37,3,0,1,3,135.63,0,2,0,0.0,0.0,0.333,0.667,0.015,4.111,1
cust_3157,7,31,975.06,139.29,13,53.29,3,3,5,4,0,0,3,379.12,0,1,0,0.0,0.0,0.429,0.333,0.0,0.714,0
cust_3158,5,38,678.52,135.7,17,22.82,5,2,7,1,1,1,1,181.01,0,0,0,0.0,0.0,0.2,0.0,0.059,1.4,0
cust_3159,6,61,890.31,148.39,26,6.14,9,1,10,2,0,0,0,0.0,2,0,1,209.41,209.41,0.0,0.0,0.0,1.667,0
cust_3160,3,16,719.07,239.69,8,16.5,4,1,5,1,0,3,3,211.7,1,1,2,120.54,60.27,1.0,0.333,0.375,1.667,1
cust_3161,4,16,145.41,36.35,6,17.97,2,1,3,1,0,1,1,104.61,0,2,1,71.46,71.46,0.25,2.0,0.167,0.75,0
cust_3162,3,14,475.27,158.42,8,3.56,4,2,4,1,1,1,0,0.0,1,0,2,510.68,255.34,0.0,0.0,0.125,1.333,0
cust_3163,2,19,343.83,171.92,11,8.82,2,2,2,0,0,1,3,571.8,1,1,0,0.0,0.0,1.5,0.333,0.091,1.0,1
cust_3164,3,32,200.23,66.74,14,31.42,8,4,8,1,0,0,0,0.0,1,0,0,0.0,0.0,0.0,0.0,0.0,2.667,0
cust_3165,6,30,1237.08,206.18,17,3.29,3,1,7,0,0,0,1,71.22,1,1,0,0.0,0.0,0.167,1.0,0.0,1.167,0
cust_3166,15,169,2599.43,173.3,68,10.87,33,10,37,1,0,2,3,294.18,2,1,0,0.0,0.0,0.2,0.333,0.029,2.467,1
cust_3167,3,32,938.51,312.84,16,10.86,4,3,7,2,0,0,2,158.03,2,2,0,0.0,0.0,0.667,1.0,0.0,2.333,1
cust_3168,9,129,722.89,80.32,62,6.03,33,19,36,0,0,3,2,140.91,1,0,1,182.46,182.46,0.222,0.0,0.048,4.0,1
cust_3169,5,66,323.19,64.64,46,6.74,25,19,27,1,0,1,0,0.0,0,0,1,265.64,265.64,0.0,0.0,0.022,5.4,1
cust_3170,4,57,1493.64,373.41,38,6.1,15,5,17,0,0,1,2,132.8,1,0,2,494.57,247.28,0.5,0.0,0.026,4.25,0
cust_3171,10,146,1064.87,106.49,64,7.36,23,3,24,2,0,1,1,87.22,2,0,0,0.0,0.0,0.1,0.0,0.016,2.4,0
cust_3172,7,61,1916.82,273.83,41,1.61,21,8,23,0,0,0,1,126.83,1,0,0,0.0,0.0,0.143,0.0,0.0,3.286,0
cust_3173,10,93,1469.12,146.91,48,15.84,26,15,28,1,0,4,0,0.0,0,0,0,0.0,0.0,0.0,0.0,0.083,2.8,0
cust_3174,18,127,2746.99,152.61,72,10.82,35,6,39,1,0,1,4,412.76,1,1,1,231.86,231.86,0.222,0.25,0.014,2.167,1
cust_3175,7,67,720.72,102.96,37,36.43,20,9,20,2,0,0,1,80.08,1,0,0,0.0,0.0,0.143,0.0,0.0,2.857,0
cust_3176,11,62,1449.37,131.76,38,2.82,17,4,19,2,0,2,2,119.12,2,0,0,0.0,0.0,0.182,0.0,0.053,1.727,1
cust_3177,2,22,136.34,68.17,11,1.58,5,2,8,1,0,1,3,464.18,0,1,1,298.45,298.45,1.5,0.333,0.091,4.0,1
cust_3178,8,34,518.56,64.82,14,4.19,6,5,9,1,0,0,3,119.44,1,1,0,0.0,0.0,0.375,0.333,0.0,1.125,0
cust_3179,4,26,319.45,79.86,13,7.13,5,4,7,0,0,3,2,297.02,1,1,1,95.41,95.41,0.5,0.5,0.231,1.75,1
cust_3180,17,106,3000.56,176.5,59,2.29,27,2,28,2,1,0,2,255.39,1,1,1,96.59,96.59,0.118,0.5,0.0,1.647,1
cust_3181,1,14,186.28,186.28,7,6.17,2,1,5,1,0,1,0,0.0,3,0,1,227.37,227.37,0.0,0.0,0.143,5.0,0
cust_3182,13,72,2347.2,180.55,45,10.29,22,16,24,1,0,1,0,0.0,1,0,0,0.0,0.0,0.0,0.0,0.022,1.846,0
cust_3183,5,68,1315.5,263.1,28,0.58,16,6,19,2,0,0,2,147.09,0,0,0,0.0,0.0,0.4,0.0,0.0,3.8,0
cust_3184,5,26,1088.15,217.63,18,14.19,6,1,8,0,0,0,0,0.0,0,0,1,124.97,124.97,0.0,0.0,0.0,1.6,0
cust_3185,5,55,339.34,67.87,38,28.09,13,3,17,0,0,0,2,136.24,1,1,1,161.9,161.9,0.4,0.5,0.0,3.4,0
cust_3186,12,90,602.71,50.23,38,3.12,7,5,10,1,0,0,2,181.53,0,0,0,0.0,0.0,0.167,0.0,0.0,0.833,0
cust_3187,2,14,456.96,228.48,7,14.97,2,2,4,2,0,0,4,298.85,0,3,0,0.0,0.0,2.0,0.75,0.0,2.0,1
cust_3188,1,14,68.84,68.84,8,5.41,2,2,6,3,0,1,1,78.03,0,2,0,0.0,0.0,1.0,2.0,0.125,6.0,1
cust_3189,3,19,506.06,168.69,9,10.92,4,1,6,1,0,1,0,0.0,0,0,0,0.0,0.0,0.0,0.0,0.111,2.0,0
cust_3190,4,24,354.25,88.56,13,13.59,6,3,8,1,1,2,1,223.47,1,1,0,0.0,0.0,0.25,1.0,0.154,2.0,1
cust_3191,8,83,766.45,95.81,41,3.5,20,17,21,1,0,0,1,81.76,0,2,0,0.0,0.0,0.125,2.0,0.0,2.625,1
cust_3192,4,48,572.61,143.15,29,15.48,12,12,14,2,0,1,2,300.62,2,3,1,240.28,240.28,0.5,1.5,0.034,3.5,1
cust_3193,8,118,690.23,86.28,60,1.11,24,7,27,0,0,0,1,26.15,2,0,0,0.0,0.0,0.125,0.0,0.0,3.375,0
cust_3194,3,35,342.84,114.28,18,43.22,8,2,8,2,0,0,0,0.0,2,0,1,186.03,186.03,0.0,0.0,0.0,2.667,0
cust_3195,11,111,1628.12,148.01,63,4.11,26,14,28,0,0,1,5,279.3,2,1,0,0.0,0.0,0.455,0.2,0.016,2.545,1
cust_3196,3,25,750.7,250.23,17,2.53,8,1,11,1,0,1,1,136.52,1,0,3,400.8,133.6,0.333,0.0,0.059,3.667,1
cust_3197,2,21,525.63,262.81,12,1.49,6,1,8,1,0,0,2,136.53,0,0,2,539.68,269.84,1.0,0.0,0.0,4.0,0
cust_3198,4,42,1007.46,251.86,18,16.72,7,5,7,0,0,1,2,129.34,0,1,2,493.04,246.52,0.5,0.5,0.056,1.75,1
cust_3199,4,25,391.48,97.87,12,8.82,2,1,2,1,1,2,4,252.34,1,0,1,151.72,151.72,1.0,0.0,0.167,0.5,0
cust_3200,7,79,553.11,79.02,41,30.3,10,3,12,1,0,2,4,964.41,1,0,1,211.62,211.62,0.571,0.0,0.049,1.714,1
cust_3201,5,31,507.33,101.47,19,10.43,6,2,9,1,0,0,2,211.1,0,1,2,94.74,47.37,0.4,0.5,0.0,1.8,1
cust_3202,4,37,354.56,88.64,19,4.16,7,6,11,0,0,0,1,106.36,0,0,2,450.11,225.06,0.25,0.0,0.0,2.75,0
cust_3203,2,13,530.41,265.21,7,18.1,2,1,3,0,0,1,0,0.0,0,0,1,143.62,143.62,0.0,0.0,0.143,1.5,0
cust_3204,4,29,657.41,164.35,18,3.3,6,3,8,1,0,1,2,203.97,0,1,0,0.0,0.0,0.5,0.5,0.056,2.0,0
cust_3205,2,21,466.78,233.39,9,3.44,2,1,5,2,1,1,4,174.67,1,0,0,0.0,0.0,2.0,0.0,0.111,2.5,0
cust_3206,10,47,634.87,63.49,29,0.29,8,5,8,5,0,0,1,80.08,1,0,0,0.0,0.0,0.1,0.0,0.0,0.8,0
cust_3207,7,28,1839.09,262.73,17,2.9,8,2,11,0,0,0,3,164.36,2,2,1,294.04,294.04,0.429,0.667,0.0,1.571,1
cust_3208,2,10,151.94,75.97,6,3.03,3,1,5,3,0,0,0,0.0,0,0,0,0.0,0.0,0.0,0.0,0.0,2.5,0
cust_3209,6,35,822.87,137.14,24,3.53,6,5,9,0,0,0,0,0.0,0,0,1,108.69,108.69,0.0,0.0,0.0,1.5,0
cust_3210,8,49,1481.81,185.23,24,4.6,8,4,11,0,0,0,2,228.08,2,0,0,0.0,0.0,0.25,0.0,0.0,1.375,0
cust_3211,12,150,2683.01,223.58,79,8.6,26,8,28,1,0,0,1,75.99,2,1,1,127.72,127.72,0.083,1.0,0.0,2.333,1
cust_3212,12,106,2062.11,171.84,50,2.44,14,10,16,1,1,0,2,221.56,1,2,2,352.97,176.48,0.167,1.0,0.0,1.333,1
cust_3213,2,18,331.51,165.76,8,10.13,2,2,6,1,0,0,1,154.6,0,1,2,486.63,243.32,0.5,1.0,0.0,3.0,1
cust_3214,4,44,304.84,76.21,21,1.43,5,4,7,1,0,0,0,0.0,1,0,0,0.0,0.0,0.0,0.0,0.0,1.75,0
cust_3215,15,180,1407.63,93.84,118,26.72,66,16,66,1,0,0,0,0.0,0,0,0,0.0,0.0,0.0,0.0,0.0,4.4,1
cust_3216,6,24,706.11,117.69,10,0.26,4,2,7,1,1,1,0,0.0,1,0,0,0.0,0.0,0.0,0.0,0.1,1.167,0
cust_3217,8,107,1604.88,200.61,49,23.88,15,13,15,1,0,0,4,524.9,1,1,2,224.78,112.39,0.5,0.25,0.0,1.875,1
cust_3218,5,74,471.58,94.32,43,7.92,13,11,14,1,0,0,1,125.94,1,0,1,99.69,99.69,0.2,0.0,0.0,2.8,0
cust_3219,5,26,1134.73,226.95,16,12.38,6,1,7,3,0,1,4,531.83,0,1,0,0.0,0.0,0.8,0.25,0.062,1.4,1
cust_3220,6,66,1149.3,191.55,40,3.54,19,16,21,1,0,1,1,128.17,0,0,0,0.0,0.0,0.167,0.0,0.025,3.5,0
cust_3221,10,40,1664.9,166.49,16,1.91,4,2,7,2,0,1,1,168.3,0,0,0,0.0,0.0,0.1,0.0,0.062,0.7,0
cust_3222,14,63,1390.27,99.31,33,29.43,11,8,13,3,0,1,0,0.0,3,0,1,196.31,196.31,0.0,0.0,0.03,0.929,0
cust_3223,4,28,606.91,151.73,12,5.82,3,3,7,2,0,0,4,165.68,2,1,0,0.0,0.0,1.0,0.25,0.0,1.75,0
cust_3224,6,79,281.68,46.95,55,6.55,12,2,12,2,0,2,1,174.71,1,2,1,63.65,63.65,0.167,2.0,0.036,2.0,1
cust_3225,5,55,672.18,134.44,38,42.46,13,4,15,0,1,1,1,61.24,2,0,0,0.0,0.0,0.2,0.0,0.026,3.0,0
cust_3226,4,35,123.58,30.89,14,4.1,5,2,9,3,0,1,1,168.81,0,0,1,165.11,165.11,0.25,0.0,0.071,2.25,0
cust_3227,16,141,2402.29,150.14,84,1.06,38,16,38,2,0,0,2,189.89,0,1,0,0.0,0.0,0.125,0.5,0.0,2.375,1
cust_3228,3,27,495.11,165.04,17,8.84,6,2,8,0,0,0,2,167.41,0,0,1,330.25,330.25,0.667,0.0,0.0,2.667,0
cust_3229,2,14,262.5,131.25,6,8.09,3,2,5,2,1,0,0,0.0,1,0,2,69.66,34.83,0.0,0.0,0.0,2.5,0
cust_3230,1,13,74.78,74.78,7,14.83,3,1,5,1,0,0,0,0.0,0,0,0,0.0,0.0,0.0,0.0,0.0,5.0,0
cust_3231,13,133,3343.61,257.2,60,31.03,33,18,37,0,0,0,2,214.45,0,1,2,368.46,184.23,0.154,0.5,0.0,2.846,1
cust_3232,2,18,309.44,154.72,7,3.68,3,2,3,0,1,1,1,80.3,0,1,1,72.42,72.42,0.5,1.0,0.143,1.5,0
cust_3233,11,100,1439.36,130.85,67,12.79,35,14,38,3,0,1,2,96.55,0,0,0,0.0,0.0,0.182,0.0,0.015,3.455,1
cust_3234,7,100,785.19,112.17,59,5.7,18,10,22,1,1,1,0,0.0,0,0,0,0.0,0.0,0.0,0.0,0.017,3.143,0
cust_3235,4,47,206.99,51.75,30,15.31,11,8,15,1,0,1,2,151.68,0,1,1,102.65,102.65,0.5,0.5,0.033,3.75,0
cust_3236,1,5,93.5,93.5,2,1.79,0,0,4,1,0,0,1,95.88,0,0,0,0.0,0.0,1.0,0.0,0.0,4.0,0
cust_3237,5,44,768.14,153.63,19,6.95,7,5,7,1,0,0,0,0.0,0,0,0,0.0,0.0,0.0,0.0,0.0,1.4,0
cust_3238,10,71,2259.37,225.94,36,0.8,11,6,12,1,0,1,1,101.54,1,1,2,221.59,110.8,0.1,1.0,0.028,1.2,1
cust_3239,6,89,594.52,99.09,59,8.24,14,10,17,1,0,0,1,217.88,0,0,1,292.74,292.74,0.167,0.0,0.0,2.833,0
cust_3240,5,42,1324.29,264.86,16,1.85,8,2,11,0,0,1,2,109.85,1,1,2,480.19,240.1,0.4,0.5,0.062,2.2,1
cust_3241,7,33,1045.44,149.35,15,32.2,7,6,10,1,0,2,1,178.63,1,1,1,238.27,238.27,0.143,1.0,0.133,1.429,0
cust_3242,18,153,6649.5,369.42,72,8.08,43,2,44,0,0,0,2,311.48,1,0,0,0.0,0.0,0.111,0.0,0.0,2.444,1
cust_3243,5,37,1165.12,233.02,17,7.54,6,1,10,0,0,1,0,0.0,1,0,0,0.0,0.0,0.0,0.0,0.059,2.0,0
cust_3244,8,84,2826.31,353.29,36,35.87,11,11,12,3,0,1,2,251.63,2,0,0,0.0,0.0,0.25,0.0,0.028,1.5,0
cust_3245,3,19,490.26,163.42,12,6.9,3,2,6,0,0,1,0,0.0,0,0,1,488.7,488.7,0.0,0.0,0.083,2.0,0
cust_3246,9,39,886.51,98.5,17,11.29,6,5,10,0,0,2,0,0.0,0,0,2,311.27,155.64,0.0,0.0,0.118,1.111,0
cust_3247,5,25,629.46,125.89,16,0.48,5,2,5,1,0,1,3,694.21,2,0,1,199.96,199.96,0.6,0.0,0.062,1.0,1
cust_3248,2,14,224.22,112.11,7,12.32,4,3,7,0,0,2,4,242.17,0,0,0,0.0,0.0,2.0,0.0,0.286,3.5,0
cust_3249,7,54,1006.36,143.77,29,1.1,7,3,11,2,0,0,3,275.87,1,0,0,0.0,0.0,0.429,0.0,0.0,1.571,1
cust_3250,7,92,805.77,115.11,49,15.15,10,1,10,2,0,0,0,0.0,4,0,0,0.0,0.0,0.0,0.0,0.0,1.429,0
cust_3251,1,6,302.54,302.54,3,20.94,0,0,1,3,0,1,1,21.91,2,0,0,0.0,0.0,1.0,0.0,0.333,1.0,0
cust_3252,6,26,1694.64,282.44,16,3.79,8,8,12,1,0,0,0,0.0,1,0,3,399.66,133.22,0.0,0.0,0.0,2.0,0
cust_3253,6,75,520.41,86.74,44,21.05,21,1,25,0,1,1,0,0.0,0,0,0,0.0,0.0,0.0,0.0,0.023,4.167,0
cust_3254,2,27,368.73,184.36,17,6.59,8,7,9,1,0,1,0,0.0,1,0,1,232.03,232.03,0.0,0.0,0.059,4.5,0
cust_3255,9,84,2710.76,301.2,33,8.48,10,3,10,2,0,1,2,115.79,0,1,0,0.0,0.0,0.222,0.5,0.03,1.111,0
cust_3256,3,21,259.62,86.54,11,5.29,4,2,5,1,0,0,0,0.0,1,0,0,0.0,0.0,0.0,0.0,0.0,1.667,0
cust_3257,4,49,274.67,68.67,27,6.47,13,13,16,3,0,2,1,84.17,0,0,2,615.06,307.53,0.25,0.0,0.074,4.0,1
cust_3258,4,16,466.83,116.71,7,23.89,2,1,4,1,0,0,2,356.64,3,0,1,67.13,67.13,0.5,0.0,0.0,1.0,0
cust_3259,9,127,524.52,58.28,71,29.43,34,18,35,0,0,0,1,98.12,0,0,2,185.26,92.63,0.111,0.0,0.0,3.889,1
cust_3260,1,13,299.48,299.48,7,5.9,3,2,6,1,0,1,0,0.0,0,0,1,244.94,244.94,0.0,0.0,0.143,6.0,0
cust_3261,7,69,1179.6,168.51,37,7.22,11,7,15,1,0,1,3,340.48,0,0,0,0.0,0.0,0.429,0.0,0.027,2.143,0
cust_3262,4,28,176.01,44.0,12,1.23,2,2,5,0,1,3,2,207.17,0,0,0,0.0,0.0,0.5,0.0,0.25,1.25,0
cust_3263,15,65,2421.87,161.46,34,3.94,10,2,14,2,0,0,2,171.23,2,1,0,0.0,0.0,0.133,0.5,0.0,0.933,1
cust_3264,2,29,607.74,303.87,18,7.2,8,1,10,0,0,0,2,126.41,0,1,0,0.0,0.0,1.0,0.5,0.0,5.0,0
cust_3265,12,148,1647.23,137.27,77,2.26,33,6,35,0,0,2,0,0.0,1,0,0,0.0,0.0,0.0,0.0,0.026,2.917,1
cust_3266,3,23,416.99,139.0,12,8.59,4,3,5,1,0,0,1,45.17,0,1,2,189.99,95.0,0.333,1.0,0.0,1.667,0
cust_3267,16,67,3241.73,202.61,46,11.56,13,11,15,1,0,2,1,41.57,0,1,0,0.0,0.0,0.062,1.0,0.043,0.938,1
cust_3268,4,44,872.06,218.01,29,10.5,10,6,11,3,0,1,3,92.92,0,1,1,146.4,146.4,0.75,0.333,0.034,2.75,0
cust_3269,4,59,501.12,125.28,40,5.84,10,2,10,0,0,0,1,107.16,1,1,0,0.0,0.0,0.25,1.0,0.0,2.5,0
cust_3270,2,23,550.99,275.5,9,14.67,4,2,8,0,2,0,0,0.0,0,0,0,0.0,0.0,0.0,0.0,0.0,4.0,0
cust_3271,16,78,1314.88,82.18,45,3.85,24,13,25,1,0,1,2,274.03,3,1,0,0.0,0.0,0.125,0.5,0.022,1.562,1
cust_3272,4,33,438.57,109.64,15,6.34,5,4,7,2,0,0,2,69.71,1,0,0,0.0,0.0,0.5,0.0,0.0,1.75,0
cust_3273,1,5,104.53,104.53,2,3.15,0,0,2,2,0,0,0,0.0,0,0,0,0.0,0.0,0.0,0.0,0.0,2.0,0
cust_3274,6,84,1180.76,196.79,50,9.25,26,10,30,1,0,1,0,0.0,0,0,0,0.0,0.0,0.0,0.0,0.02,5.0,0
cust_3275,6,45,1944.71,324.12,25,5.81,8,5,12,0,0,0,1,87.4,1,1,0,0.0,0.0,0.167,1.0,0.0,2.0,0
cust_3276,6,72,1560.91,260.15,39,2.45,17,8,17,0,1,0,2,84.25,1,1,0,0.0,0.0,0.333,0.5,0.0,2.833,0
cust_3277,12,59,1099.34,91.61,38,3.68,8,5,8,3,0,0,2,113.06,0,0,2,457.65,228.82,0.167,0.0,0.0,0.667,0
cust_3278,3,16,1429.57,476.52,9,3.28,4,2,6,4,0,0,0,0.0,1,0,0,0.0,0.0,0.0,0.0,0.0,2.0,0
cust_3279,20,229,1440.66,72.03,148,24.18,56,6,60,0,0,1,1,189.56,1,0,2,127.14,63.57,0.05,0.0,0.007,3.0,1
cust_3280,3,39,222.84,74.28,26,7.38,9,3,10,0,0,0,4,666.88,1,2,0,0.0,0.0,1.333,0.5,0.0,3.333,1
cust_3281,12,74,914.95,76.25,45,10.57,25,15,26,1,0,0,1,147.93,1,1,1,128.25,128.25,0.083,1.0,0.0,2.167,1
cust_3282,5,43,495.16,99.03,22,27.29,8,2,12,0,0,1,4,319.99,4,1,0,0.0,0.0,0.8,0.25,0.045,2.4,1
cust_3283,6,64,1396.31,232.72,29,2.01,5,1,8,0,1,1,0,0.0,1,0,0,0.0,0.0,0.0,0.0,0.034,1.333,0
cust_3284,7,89,1610.56,230.08,42,27.63,24,15,24,2,1,1,0,0.0,1,0,0,0.0,0.0,0.0,0.0,0.024,3.429,0
cust_3285,6,65,453.7,75.62,33,7.76,6,1,9,1,1,1,1,27.95,1,0,1,81.71,81.71,0.167,0.0,0.03,1.5,0
cust_3286,7,35,582.41,83.2,21,19.39,8,8,9,4,0,1,0,0.0,2,0,0,0.0,0.0,0.0,0.0,0.048,1.286,0
cust_3287,1,9,202.59,202.59,3,1.84,1,1,5,3,0,1,2,427.95,0,1,1,64.5,64.5,2.0,0.5,0.333,5.0,1
cust_3288,5,68,454.51,90.9,43,3.19,23,13,24,0,0,2,2,561.1,1,1,2,288.83,144.42,0.4,0.5,0.047,4.8,1
cust_3289,9,121,699.41,77.71,75,2.16,35,6,35,3,1,1,0,0.0,3,0,2,371.12,185.56,0.0,0.0,0.013,3.889,1
cust_3290,6,62,1731.33,288.55,34,10.6,17,14,18,4,0,1,0,0.0,0,0,0,0.0,0.0,0.0,0.0,0.029,3.0,0
cust_3291,11,164,231.78,21.07,85,1.52,43,19,47,2,0,1,2,123.38,1,1,1,385.2,385.2,0.182,0.5,0.012,4.273,1
cust_3292,5,25,982.85,196.57,10,15.73,2,1,6,1,0,1,3,694.22,1,0,1,120.11,120.11,0.6,0.0,0.1,1.2,1
cust_3293,1,9,196.05,196.05,4,2.88,1,1,5,1,0,1,0,0.0,1,0,1,128.64,128.64,0.0,0.0,0.25,5.0,0
cust_3294,1,12,189.47,189.47,5,2.95,2,2,2,0,0,2,3,383.48,0,1,0,0.0,0.0,3.0,0.333,0.4,2.0,1
cust_3295,5,27,546.88,109.38,17,3.3,5,1,6,0,0,0,0,0.0,1,0,1,279.48,279.48,0.0,0.0,0.0,1.2,0
cust_3296,12,176,1168.09,97.34,97,13.72,24,1,24,2,0,0,0,0.0,2,0,1,112.17,112.17,0.0,0.0,0.0,2.0,0
cust_3297,7,55,1967.71,281.1,26,25.8,13,13,13,3,0,0,1,48.78,2,1,1,107.86,107.86,0.143,1.0,0.0,1.857,0
cust_3298,4,31,1289.87,322.47,12,23.81,7,7,8,2,0,0,1,87.55,0,1,0,0.0,0.0,0.25,1.0,0.0,2.0,0
cust_3299,1,6,105.04,105.04,3,1.07,1,1,4,1,0,2,1,30.1,1,1,1,29.64,29.64,1.0,1.0,0.667,4.0,0
cust_3300,15,107,1318.29,87.89,66,3.04,32,1,33,1,0,0,1,60.48,1,3,0,0.0,0.0,0.067,3.0,0.0,2.2,1
cust_3301,6,62,131.56,21.93,39,11.15,10,4,10,1,0,0,1,73.44,2,1,0,0.0,0.0,0.167,1.0,0.0,1.667,0
cust_3302,3,26,794.96,264.99,12,9.64,3,2,5,0,1,0,1,57.53,1,1,0,0.0,0.0,0.333,1.0,0.0,1.667,0
cust_3303,8,49,1513.07,189.13,34,4.31,14,10,17,1,0,1,3,144.84,0,1,1,225.8,225.8,0.375,0.333,0.029,2.125,1
cust_3304,3,38,649.39,216.46,21,19.87,4,1,7,0,0,1,1,88.81,2,2,3,457.31,152.44,0.333,2.0,0.048,2.333,1
cust_3305,15,70,2977.97,198.53,34,1.4,15,3,17,0,0,3,1,80.46,1,3,0,0.0,0.0,0.067,3.0,0.088,1.133,1
cust_3306,6,79,757.61,126.27,40,10.19,10,6,13,0,0,1,0,0.0,1,0,0,0.0,0.0,0.0,0.0,0.025,2.167,0
cust_3307,4,28,700.28,175.07,12,3.19,4,3,5,1,0,0,5,307.76,1,3,1,231.8,231.8,1.25,0.6,0.0,1.25,1
cust_3308,8,75,1437.15,179.64,41,7.49,13,2,15,2,0,1,2,220.47,1,1,0,0.0,0.0,0.25,0.5,0.024,1.875,0
cust_3309,13,106,3934.59,302.66,66,4.9,16,1,18,0,1,2,0,0.0,3,0,0,0.0,0.0,0.0,0.0,0.03,1.385,0
cust_3310,1,10,300.6,300.6,5,38.99,2,2,4,0,0,1,2,407.19,1,1,0,0.0,0.0,2.0,0.5,0.2,4.0,0
cust_3311,7,89,436.03,62.29,58,6.67,19,9,20,2,0,0,1,130.97,0,2,0,0.0,0.0,0.143,2.0,0.0,2.857,1
cust_3312,7,104,250.38,35.77,56,37.34,12,8,15,0,0,0,4,1102.71,0,1,2,205.86,102.93,0.571,0.25,0.0,2.143,1
cust_3313,7,51,329.48,47.07,34,2.94,12,1,15,3,0,1,1,73.41,0,1,0,0.0,0.0,0.143,1.0,0.029,2.143,0
cust_3314,2,20,229.05,114.52,12,14.61,5,2,9,3,0,0,0,0.0,1,0,2,325.5,162.75,0.0,0.0,0.0,4.5,0
cust_3315,6,54,1896.91,316.15,22,12.63,5,4,6,0,0,0,2,148.56,0,0,0,0.0,0.0,0.333,0.0,0.0,1.0,0
cust_3316,10,149,1897.06,189.71,62,18.82,26,15,29,1,0,0,2,33.06,1,1,2,315.96,157.98,0.2,0.5,0.0,2.9,1
cust_3317,13,167,2934.19,225.71,106,11.83,34,8,38,1,0,1,1,133.8,2,0,0,0.0,0.0,0.077,0.0,0.009,2.923,1
cust_3318,3,25,392.83,130.94,12,11.47,3,2,7,3,0,0,2,340.93,2,1,1,101.47,101.47,0.667,0.5,0.0,2.333,0
cust_3319,9,83,465.21,51.69,37,10.81,19,15,19,0,1,4,3,175.55,1,0,2,248.19,124.1,0.333,0.0,0.108,2.111,1
cust_3320,19,127,5925.34,311.86,83,42.03,32,7,33,1,0,1,2,148.86,1,0,0,0.0,0.0,0.105,0.0,0.012,1.737,0
cust_3321,16,196,5337.44,333.59,136,2.59,47,9,51,2,0,0,2,110.35,1,2,1,174.26,174.26,0.125,1.0,0.0,3.188,1
cust_3322,18,239,2018.86,112.16,153,0.31,80,12,82,1,0,0,1,20.0,1,1,1,90.68,90.68,0.056,1.0,0.0,4.556,1
cust_3323,12,175,842.71,70.23,108,11.33,60,4,62,2,1,0,2,144.39,1,1,0,0.0,0.0,0.167,0.5,0.0,5.167,1
cust_3324,1,10,124.92,124.92,4,1.89,1,1,1,2,0,0,0,0.0,0,0,0,0.0,0.0,0.0,0.0,0.0,1.0,0
cust_3325,4,45,1073.09,268.27,19,11.38,4,2,8,1,0,0,2,165.88,3,2,0,0.0,0.0,0.5,1.0,0.0,2.0,1
cust_3326,6,53,1014.39,169.06,31,3.85,12,11,14,2,0,1,1,150.38,0,0,0,0.0,0.0,0.167,0.0,0.032,2.333,0
cust_3327,2,21,266.67,133.33,10,0.44,4,4,8,0,1,0,1,34.27,4,0,0,0.0,0.0,0.5,0.0,0.0,4.0,0
cust_3328,10,78,2525.27,252.53,31,14.69,13,3,15,1,0,0,0,0.0,2,0,4,768.3,192.08,0.0,0.0,0.0,1.5,0
cust_3329,7,84,1111.92,158.85,52,0.53,24,14,25,4,0,0,3,204.68,1,1,0,0.0,0.0,0.429,0.333,0.0,3.571,1
cust_3330,2,8,183.03,91.52,4,2.54,1,1,4,0,2,1,1,141.22,0,2,1,158.26,158.26,0.5,2.0,0.25,2.0,1
cust_3331,8,34,1371.09,171.39,20,4.1,11,11,13,1,0,2,1,102.41,0,0,3,991.41,330.47,0.125,0.0,0.1,1.625,1
cust_3332,7,83,269.48,38.5,44,1.42,24,13,25,4,1,0,0,0.0,1,0,1,129.35,129.35,0.0,0.0,0.0,3.571,0
cust_3333,10,142,4304.32,430.43,57,24.48,14,14,17,3,0,0,2,403.89,0,0,2,146.18,73.09,0.2,0.0,0.0,1.7,1
cust_3334,12,131,2681.03,223.42,77,9.72,29,13,29,2,0,2,0,0.0,0,0,1,63.15,63.15,0.0,0.0,0.026,2.417,1
cust_3335,2,23,85.11,42.56,14,20.83,5,1,8,1,0,2,2,200.91,0,1,0,0.0,0.0,1.0,0.5,0.143,4.0,0
cust_3336,9,117,1009.83,112.2,52,11.46,19,16,20,2,0,2,5,673.84,1,3,0,0.0,0.0,0.556,0.6,0.038,2.222,1
cust_3337,6,47,1124.56,187.43,31,48.22,17,8,19,0,0,2,0,0.0,0,0,0,0.0,0.0,0.0,0.0,0.065,3.167,0
cust_3338,3,15,576.28,192.09,6,7.45,1,1,1,1,0,0,2,202.84,0,1,0,0.0,0.0,0.667,0.5,0.0,0.333,0
cust_3339,3,42,656.73,218.91,22,0.55,9,1,13,2,0,4,1,334.69,1,1,1,155.8,155.8,0.333,1.0,0.182,4.333,1
cust_3340,4,57,513.31,128.33,31,1.75,17,12,17,1,0,0,3,131.91,4,2,0,0.0,0.0,0.75,0.667,0.0,4.25,1
cust_3341,4,35,1596.99,399.25,17,8.88,3,3,6,1,0,0,2,62.54,0,1,0,0.0,0.0,0.5,0.5,0.0,1.5,0
cust_3342,1,6,428.0,428.0,3,4.27,1,1,2,2,0,1,1,179.89,3,1,0,0.0,0.0,1.0,1.0,0.333,2.0,0
cust_3343,6,82,1591.5,265.25,50,1.2,25,9,25,2,0,1,2,375.19,2,0,0,0.0,0.0,0.333,0.0,0.02,4.167,1
cust_3344,4,47,682.37,170.59,28,2.72,7,3,7,0,0,1,0,0.0,0,0,0,0.0,0.0,0.0,0.0,0.036,1.75,0
cust_3345,2,8,139.48,69.74,5,6.44,1,1,3,2,0,1,2,141.31,3,0,0,0.0,0.0,1.0,0.0,0.2,1.5,0
cust_3346,6,31,975.71,162.62,20,7.3,6,2,9,2,0,0,4,149.01,1,1,0,0.0,0.0,0.667,0.25,0.0,1.5,0
cust_3347,4,59,1891.49,472.87,41,27.27,11,1,13,0,0,1,0,0.0,0,0,1,86.69,86.69,0.0,0.0,0.024,3.25,0
cust_3348,3,13,533.75,177.92,7,0.95,3,1,5,1,0,0,2,177.21,1,1,0,0.0,0.0,0.667,0.5,0.0,1.667,1
cust_3349,3,21,492.1,164.03,10,4.43,5,3,8,3,0,0,1,156.5,0,2,1,186.63,186.63,0.333,2.0,0.0,2.667,0
cust_3350,5,50,727.3,145.46,23,7.05,6,5,6,1,0,0,0,0.0,0,0,1,203.59,203.59,0.0,0.0,0.0,1.2,0
cust_3351,6,36,583.79,97.3,17,1.2,4,4,5,1,0,1,1,88.09,4,0,0,0.0,0.0,0.167,0.0,0.059,0.833,0
cust_3352,6,39,550.72,91.79,17,11.64,5,4,6,1,0,0,1,215.47,1,1,1,78.56,78.56,0.167,1.0,0.0,1.0,1
cust_3353,2,15,484.97,242.49,9,7.24,5,4,8,2,0,0,3,175.66,3,0,0,0.0,0.0,1.5,0.0,0.0,4.0,0
cust_3354,4,27,863.91,215.98,16,6.15,7,5,10,0,1,1,2,104.38,0,3,0,0.0,0.0,0.5,1.5,0.062,2.5,1
cust_3355,8,102,483.13,60.39,49,10.67,13,6,14,0,0,1,0,0.0,2,0,1,214.18,214.18,0.0,0.0,0.02,1.75,0
cust_3356,1,9,344.67,344.67,6,3.39,3,3,4,1,0,0,1,99.11,1,1,3,323.02,107.67,1.0,1.0,0.0,4.0,0
cust_3357,1,7,222.43,222.43,3,4.14,1,1,5,0,1,1,1,185.36,0,0,0,0.0,0.0,1.0,0.0,0.333,5.0,0
cust_3358,3,22,1381.64,460.55,9,1.78,3,1,6,1,0,1,2,390.56,0,2,0,0.0,0.0,0.667,1.0,0.111,2.0,1
cust_3359,7,31,683.52,97.65,12,7.42,3,1,5,1,1,0,1,65.27,4,0,2,306.97,153.49,0.143,0.0,0.0,0.714,0
cust_3360,5,22,1267.19,253.44,9,4.66,2,1,2,2,0,0,3,340.95,2,2,2,309.15,154.57,0.6,0.667,0.0,0.4,1
cust_3361,9,107,710.36,78.93,49,3.02,14,4,14,0,0,0,2,108.4,0,0,0,0.0,0.0,0.222,0.0,0.0,1.556,0
cust_3362,2,10,77.13,38.56,6,1.33,1,1,5,3,0,2,1,226.32,0,2,1,162.39,162.39,0.5,2.0,0.333,2.5,1
cust_3363,6,55,1530.45,255.08,34,0.23,9,5,12,2,1,1,0,0.0,0,0,1,66.37,66.37,0.0,0.0,0.029,2.0,0
cust_3364,4,53,310.03,77.51,24,2.15,13,5,13,1,0,0,1,66.33,1,0,0,0.0,0.0,0.25,0.0,0.0,3.25,0
cust_3365,7,56,1376.48,196.64,26,2.84,6,3,6,3,0,1,0,0.0,2,0,0,0.0,0.0,0.0,0.0,0.038,0.857,0
cust_3366,18,140,3214.3,178.57,82,6.64,29,12,29,3,0,0,3,491.14,0,0,1,117.32,117.32,0.167,0.0,0.0,1.611,1
cust_3367,14,190,1698.04,121.29,125,2.76,25,15,26,0,1,1,2,155.69,0,1,3,387.19,129.06,0.143,0.5,0.008,1.857,1
cust_3368,8,108,628.12,78.51,53,17.02,16,13,20,5,0,1,1,201.55,0,2,1,66.47,66.47,0.125,2.0,0.019,2.5,1
cust_3369,1,13,242.28,242.28,7,6.43,3,3,5,0,0,1,1,78.33,1,0,0,0.0,0.0,1.0,0.0,0.143,5.0,0
cust_3370,4,41,582.74,145.69,27,9.78,7,1,8,0,0,1,3,200.4,2,0,0,0.0,0.0,0.75,0.0,0.037,2.0,0
cust_3371,3,43,88.78,29.59,27,2.33,16,14,19,1,0,0,3,375.11,3,1,0,0.0,0.0,1.0,0.333,0.0,6.333,1
cust_3372,1,13,161.75,161.75,8,5.38,1,1,5,4,1,1,0,0.0,2,0,1,26.3,26.3,0.0,0.0,0.125,5.0,0
cust_3373,3,25,155.59,51.86,12,9.23,3,3,4,2,0,1,3,278.59,3,0,1,145.71,145.71,1.0,0.0,0.083,1.333,0
cust_3374,8,87,938.68,117.34,52,3.73,26,7,27,0,2,0,1,41.13,0,0,0,0.0,0.0,0.125,0.0,0.0,3.375,0
cust_3375,10,53,1581.37,158.14,23,4.1,13,6,17,3,0,0,1,41.68,0,1,1,35.3,35.3,0.1,1.0,0.0,1.7,1
cust_3376,6,60,115.09,19.18,35,16.47,20,3,23,2,1,0,1,108.74,1,1,0,0.0,0.0,0.167,1.0,0.0,3.833,1
cust_3377,5,34,478.01,95.6,16,18.15,8,3,12,1,0,0,1,167.38,0,3,0,0.0,0.0,0.2,3.0,0.0,2.4,1
cust_3378,3,21,383.69,127.9,12,7.61,7,7,11,0,0,0,2,275.57,1,3,2,412.76,206.38,0.667,1.5,0.0,3.667,1
cust_3379,2,10,455.79,227.9,4,22.67,2,2,5,3,0,0,1,109.86,1,2,0,0.0,0.0,0.5,2.0,0.0,2.5,0
cust_3380,2,15,554.53,277.27,8,13.34,1,1,2,1,0,1,1,18.85,0,3,0,0.0,0.0,0.5,3.0,0.125,1.0,1
cust_3381,11,102,2042.29,185.66,62,0.57,33,10,36,0,0,1,2,174.09,1,3,0,0.0,0.0,0.182,1.5,0.016,3.273,1
cust_3382,2,21,614.81,307.4,13,8.2,5,1,7,1,0,0,1,157.71,1,2,1,169.5,169.5,0.5,2.0,0.0,3.5,1
cust_3383,6,44,1301.19,216.87,26,11.97,9,6,12,2,0,0,0,0.0,0,0,0,0.0,0.0,0.0,0.0,0.0,2.0,0
cust_3384,4,50,192.29,48.07,27,7.78,5,3,7,2,1,2,2,247.14,0,2,2,293.73,146.86,0.5,1.0,0.074,1.75,1
cust_3385,6,58,1449.71,241.62,36,17.84,16,7,20,3,0,0,0,0.0,2,0,1,138.95,138.95,0.0,0.0,0.0,3.333,0
cust_3386,4,44,240.64,60.16,21,3.58,9,2,9,3,0,0,1,49.94,1,0,0,0.0,0.0,0.25,0.0,0.0,2.25,0
cust_3387,4,28,1070.06,267.51,16,0.68,8,2,12,1,1,1,1,93.2,0,1,0,0.0,0.0,0.25,1.0,0.062,3.0,1
cust_3388,5,64,1265.97,253.19,39,10.04,12,3,14,2,0,0,3,359.16,0,1,0,0.0,0.0,0.6,0.333,0.0,2.8,1
cust_3389,7,76,1208.29,172.61,39,13.12,9,9,12,2,0,0,2,133.07,0,1,0,0.0,0.0,0.286,0.5,0.0,1.714,0
cust_3390,6,80,874.94,145.82,55,14.49,20,8,22,4,1,1,3,952.64,0,0,0,0.0,0.0,0.5,0.0,0.018,3.667,1
cust_3391,2,11,278.05,139.03,5,0.11,1,1,1,2,0,1,0,0.0,0,0,1,108.05,108.05,0.0,0.0,0.2,0.5,0
cust_3392,7,57,1584.08,226.3,24,11.19,12,11,16,1,0,1,0,0.0,0,0,0,0.0,0.0,0.0,0.0,0.042,2.286,0
cust_3393,13,68,1365.88,105.07,33,0.21,9,1,11,0,0,2,2,99.55,1,0,0,0.0,0.0,0.154,0.0,0.061,0.846,0
cust_3394,3,19,332.03,110.68,8,14.91,2,1,3,2,0,3,1,60.49,0,0,1,165.04,165.04,0.333,0.0,0.375,1.0,0
cust_3395,2,16,293.42,146.71,8,12.14,3,3,7,3,0,0,0,0.0,0,0,0,0.0,0.0,0.0,0.0,0.0,3.5,0
cust_3396,12,166,1024.34,85.36,72,8.38,32,11,36,1,0,0,2,147.46,0,0,0,0.0,0.0,0.167,0.0,0.0,3.0,1
cust_3397,7,70,974.32,139.19,37,7.06,11,3,13,2,0,1,2,441.07,0,2,1,91.63,91.63,0.286,1.0,0.027,1.857,1
cust_3398,3,22,868.66,289.55,13,12.56,3,2,5,1,0,0,1,193.62,0,1,0,0.0,0.0,0.333,1.0,0.0,1.667,0
cust_3399,2,24,138.57,69.29,10,0.59,3,1,3,2,0,0,2,157.09,0,3,0,0.0,0.0,1.0,1.5,0.0,1.5,1
cust_3400,2,8,61.44,30.72,4,17.85,2,2,3,1,0,0,3,246.27,0,1,0,0.0,0.0,1.5,0.333,0.0,1.5,0
cust_3401,2,16,168.25,84.12,6,2.25,3,2,5,0,0,1,2,319.26,1,1,0,0.0,0.0,1.0,0.5,0.167,2.5,1
cust_3402,4,42,887.46,221.87,27,6.5,13,13,13,3,0,0,4,302.3,2,0,0,0.0,0.0,1.0,0.0,0.0,3.25,0
cust_3403,2,20,339.41,169.7,13,6.67,6,3,8,1,0,1,0,0.0,0,0,1,137.11,137.11,0.0,0.0,0.077,4.0,0
cust_3404,2,21,117.26,58.63,11,15.01,3,3,7,1,0,1,1,167.81,0,0,0,0.0,0.0,0.5,0.0,0.091,3.5,0
cust_3405,7,44,1360.8,194.4,27,2.14,9,1,13,0,0,2,2,23.45,0,0,1,267.85,267.85,0.286,0.0,0.074,1.857,0
cust_3406,9,69,1560.66,173.41,39,3.56,17,6,21,1,0,2,4,285.92,1,1,0,0.0,0.0,0.444,0.25,0.051,2.333,1
cust_3407,3,42,845.93,281.98,21,10.88,10,10,14,0,2,1,2,411.03,0,2,0,0.0,0.0,0.667,1.0,0.048,4.667,1
cust_3408,6,88,1309.51,218.25,41,5.32,10,9,13,2,0,0,1,95.93,0,0,0,0.0,0.0,0.167,0.0,0.0,2.167,0
cust_3409,2,14,534.96,267.48,8,3.55,3,2,7,1,0,0,2,103.18,2,0,1,41.56,41.56,1.0,0.0,0.0,3.5,0
cust_3410,3,33,234.17,78.06,17,9.71,4,4,5,1,1,0,0,0.0,2,0,0,0.0,0.0,0.0,0.0,0.0,1.667,0
cust_3411,9,59,543.24,60.36,39,0.91,17,13,21,1,0,1,1,118.63,1,1,0,0.0,0.0,0.111,1.0,0.026,2.333,1
cust_3412,2,16,199.89,99.95,11,15.6,5,4,8,2,0,1,1,308.29,0,0,1,46.13,46.13,0.5,0.0,0.091,4.0,0
cust_3413,12,152,1227.74,102.31,70,7.44,37,17,39,1,0,1,1,36.57,1,0,2,390.37,195.18,0.083,0.0,0.014,3.25,1
cust_3414,3,28,381.42,127.14,15,2.31,7,2,9,1,0,1,2,315.63,1,1,1,269.76,269.76,0.667,0.5,0.067,3.0,1
cust_3415,7,93,475.2,67.89,52,5.25,13,2,16,1,0,1,2,97.85,0,2,0,0.0,0.0,0.286,1.0,0.019,2.286,1
cust_3416,3,32,270.47,90.16,21,1.41,11,10,15,1,1,1,2,123.75,0,2,1,150.34,150.34,0.667,1.0,0.048,5.0,1
cust_3417,6,65,2334.66,389.11,39,9.59,13,13,13,0,0,0,1,122.48,1,0,1,236.7,236.7,0.167,0.0,0.0,2.167,0
cust_3418,6,26,1001.57,166.93,15,11.07,8,1,9,0,0,1,0,0.0,0,0,2,239.87,119.94,0.0,0.0,0.067,1.5,0
cust_3419,4,48,607.19,151.8,28,5.2,8,2,12,2,0,0,4,62.99,1,1,0,0.0,0.0,1.0,0.25,0.0,3.0,0
cust_3420,6,88,1157.55,192.93,45,4.15,17,15,20,0,1,1,1,136.37,1,1,1,87.63,87.63,0.167,1.0,0.022,3.333,1
cust_3421,2,18,130.43,65.21,12,18.96,5,5,9,2,0,1,1,163.92,0,1,0,0.0,0.0,0.5,1.0,0.083,4.5,0
cust_3422,9,51,477.98,53.11,21,8.58,4,4,7,3,0,1,0,0.0,0,0,0,0.0,0.0,0.0,0.0,0.048,0.778,0
cust_3423,5,73,746.16,149.23,29,11.0,16,8,20,1,0,0,3,335.69,4,1,1,110.84,110.84,0.6,0.333,0.0,4.0,1
cust_3424,6,43,289.86,48.31,22,1.36,8,3,8,4,0,1,2,79.1,0,0,1,348.03,348.03,0.333,0.0,0.045,1.333,0
cust_3425,3,25,231.04,77.01,11,12.49,3,1,3,0,0,3,1,61.76,4,2,1,117.65,117.65,0.333,2.0,0.273,1.0,1
cust_3426,4,19,140.91,35.23,10,5.88,2,2,3,1,1,2,1,91.28,0,1,0,0.0,0.0,0.25,1.0,0.2,0.75,0
cust_3427,2,10,498.59,249.29,4,4.57,1,1,2,0,0,0,0,0.0,2,0,0,0.0,0.0,0.0,0.0,0.0,1.0,0
cust_3428,6,38,1035.17,172.53,20,26.51,4,3,7,1,0,0,3,122.99,3,0,0,0.0,0.0,0.5,0.0,0.0,1.167,0
cust_3429,5,50,496.5,99.3,24,0.55,9,6,9,2,2,0,1,14.14,3,0,2,350.04,175.02,0.2,0.0,0.0,1.8,0
cust_3430,3,30,1337.52,445.84,13,2.18,5,5,6,2,0,0,2,262.07,2,0,1,131.34,131.34,0.667,0.0,0.0,2.0,0
cust_3431,4,42,1057.94,264.48,22,4.7,6,1,9,1,0,0,0,0.0,0,0,0,0.0,0.0,0.0,0.0,0.0,2.25,0
cust_3432,7,72,1121.04,160.15,47,3.92,11,2,12,1,1,0,0,0.0,0,0,1,201.24,201.24,0.0,0.0,0.0,1.714,0
cust_3433,8,75,2399.42,299.93,44,7.15,17,5,17,4,0,0,3,163.95,0,0,1,184.99,184.99,0.375,0.0,0.0,2.125,0
cust_3434,6,76,800.81,133.47,34,5.12,11,9,15,1,0,0,1,116.61,2,2,1,144.58,144.58,0.167,2.0,0.0,2.5,1
cust_3435,10,142,1681.28,168.13,78,15.53,19,7,21,0,1,1,2,269.04,0,2,1,99.95,99.95,0.2,1.0,0.013,2.1,1
cust_3436,8,55,1241.25,155.16,37,14.61,10,7,10,2,1,0,1,48.68,0,1,1,188.98,188.98,0.125,1.0,0.0,1.25,0
cust_3437,8,43,966.68,120.84,22,14.8,8,6,9,0,1,1,4,424.36,1,1,0,0.0,0.0,0.5,0.25,0.045,1.125,1
cust_3438,4,34,501.99,125.5,18,4.61,4,1,6,1,0,0,1,67.57,0,0,0,0.0,0.0,0.25,0.0,0.0,1.5,0
cust_3439,5,21,2204.88,440.98,14,5.23,8,5,8,2,0,1,1,169.5,2,0,1,208.22,208.22,0.2,0.0,0.071,1.6,0
cust_3440,5,68,992.81,198.56,29,12.75,14,8,15,1,0,1,0,0.0,1,0,0,0.0,0.0,0.0,0.0,0.034,3.0,0
cust_3441,1,6,313.32,313.32,3,1.33,0,0,0,1,0,1,2,389.83,1,0,1,173.45,173.45,2.0,0.0,0.333,0.0,0
cust_3442,6,60,429.78,71.63,29,19.1,8,4,11,1,0,1,0,0.0,2,0,0,0.0,0.0,0.0,0.0,0.034,1.833,0
cust_3443,8,42,908.0,113.5,27,7.79,14,12,15,2,0,1,2,404.34,0,2,0,0.0,0.0,0.25,1.0,0.037,1.875,1
cust_3444,7,70,488.1,69.73,29,18.87,10,2,12,3,0,0,4,459.15,1,1,2,321.86,160.93,0.571,0.25,0.0,1.714,1
cust_3445,4,17,1053.47,263.37,11,15.78,5,1,5,1,0,2,0,0.0,0,0,0,0.0,0.0,0.0,0.0,0.182,1.25,0
cust_3446,3,37,840.97,280.32,23,4.69,11,9,12,1,0,1,1,125.39,0,0,1,306.32,306.32,0.333,0.0,0.043,4.0,0
cust_3447,6,87,1154.19,192.36,42,1.07,9,4,13,2,0,0,0,0.0,0,0,3,356.56,118.85,0.0,0.0,0.0,2.167,0
cust_3448,1,7,540.72,540.72,4,25.36,2,1,3,1,0,1,1,76.35,0,0,1,195.77,195.77,1.0,0.0,0.25,3.0,0
cust_3449,1,6,275.77,275.77,4,4.23,1,1,1,3,0,0,1,196.45,2,1,0,0.0,0.0,1.0,1.0,0.0,1.0,0
cust_3450,15,133,2342.45,156.16,57,4.68,26,16,30,0,0,1,2,94.12,0,0,0,0.0,0.0,0.133,0.0,0.018,2.0,1
cust_3451,1,10,150.49,150.49,6,23.97,1,1,3,1,0,2,1,34.6,0,0,1,103.56,103.56,1.0,0.0,0.333,3.0,0
cust_3452,3,18,592.26,197.42,9,24.93,1,1,5,2,0,0,1,144.62,1,0,0,0.0,0.0,0.333,0.0,0.0,1.667,0
cust_3453,9,115,2567.39,285.27,46,3.05,15,14,15,0,0,0,0,0.0,1,0,0,0.0,0.0,0.0,0.0,0.0,1.667,0
cust_3454,4,24,831.9,207.98,10,0.93,2,1,6,2,0,0,0,0.0,1,0,1,189.27,189.27,0.0,0.0,0.0,1.5,0
cust_3455,7,28,770.15,110.02,18,0.01,6,4,6,3,1,1,2,395.64,3,0,0,0.0,0.0,0.286,0.0,0.056,0.857,1
cust_3456,17,166,1860.5,109.44,115,5.77,27,8,31,2,0,0,2,151.71,1,1,0,0.0,0.0,0.118,0.5,0.0,1.824,1
cust_3457,9,47,1616.45,179.61,31,8.41,17,17,20,4,0,1,0,0.0,1,0,0,0.0,0.0,0.0,0.0,0.032,2.222,0
cust_3458,4,46,403.67,100.92,24,3.15,5,5,7,1,0,0,0,0.0,0,0,0,0.0,0.0,0.0,0.0,0.0,1.75,0
cust_3459,2,11,665.47,332.74,7,3.01,3,2,5,2,0,1,1,98.72,0,1,1,151.24,151.24,0.5,1.0,0.143,2.5,0
cust_3460,7,90,1268.11,181.16,46,4.41,26,2,28,0,0,0,1,83.14,0,0,0,0.0,0.0,0.143,0.0,0.0,4.0,0
cust_3461,2,18,122.13,61.06,7,3.05,1,1,4,2,0,1,0,0.0,0,0,0,0.0,0.0,0.0,0.0,0.143,2.0,0
cust_3462,15,153,2152.95,143.53,76,19.55,25,12,27,0,1,1,1,43.05,1,2,1,65.45,65.45,0.067,2.0,0.013,1.8,1
cust_3463,14,84,2189.32,156.38,58,10.3,28,17,32,3,1,1,1,23.61,2,2,1,51.59,51.59,0.071,2.0,0.017,2.286,1
cust_3464,1,5,279.88,279.88,2,17.66,0,0,1,1,2,1,0,0.0,0,0,0,0.0,0.0,0.0,0.0,0.5,1.0,0
cust_3465,8,87,1168.98,146.12,43,19.7,9,1,12,1,0,4,0,0.0,2,0,0,0.0,0.0,0.0,0.0,0.093,1.5,0
cust_3466,1,6,484.58,484.58,3,5.71,0,0,3,2,0,1,5,206.08,0,1,1,278.65,278.65,5.0,0.2,0.333,3.0,1
cust_3467,9,74,1957.89,217.54,39,6.49,9,8,9,3,0,0,0,0.0,0,0,1,124.24,124.24,0.0,0.0,0.0,1.0,0
cust_3468,3,27,180.84,60.28,11,38.09,4,1,7,0,0,0,3,493.13,0,1,0,0.0,0.0,1.0,0.333,0.0,2.333,0
cust_3469,1,6,123.03,123.03,2,16.97,0,0,2,2,0,1,0,0.0,0,0,0,0.0,0.0,0.0,0.0,0.5,2.0,0
cust_3470,5,63,528.59,105.72,25,15.99,10,9,13,4,1,1,2,236.04,2,0,0,0.0,0.0,0.4,0.0,0.04,2.6,0
cust_3471,1,14,156.88,156.88,6,8.76,2,1,5,1,0,1,3,75.95,2,1,0,0.0,0.0,3.0,0.333,0.167,5.0,1
cust_3472,3,26,1209.74,403.25,16,6.18,7,1,11,1,2,0,1,248.35,2,1,0,0.0,0.0,0.333,1.0,0.0,3.667,1
cust_3473,4,56,357.78,89.44,25,22.5,12,2,16,1,1,1,2,57.38,0,0,0,0.0,0.0,0.5,0.0,0.04,4.0,0
cust_3474,6,82,270.11,45.02,45,16.32,23,8,26,2,0,2,2,116.94,2,0,0,0.0,0.0,0.333,0.0,0.044,4.333,1
cust_3475,5,29,644.36,128.87,17,7.27,3,3,5,1,1,2,3,462.26,1,0,2,203.11,101.56,0.6,0.0,0.118,1.0,1
cust_3476,8,47,807.27,100.91,26,3.15,15,14,19,1,0,1,2,370.6,1,1,0,0.0,0.0,0.25,0.5,0.038,2.375,1
cust_3477,2,18,386.33,193.17,7,1.59,3,2,4,1,1,1,4,632.87,1,1,0,0.0,0.0,2.0,0.25,0.143,2.0,1
cust_3478,20,195,699.61,34.98,99,8.05,55,15,59,2,0,0,5,383.02,2,0,0,0.0,0.0,0.25,0.0,0.0,2.95,1
cust_3479,4,31,1191.97,297.99,16,3.51,7,6,7,0,0,1,0,0.0,0,0,0,0.0,0.0,0.0,0.0,0.062,1.75,0
cust_3480,1,7,178.82,178.82,3,3.07,1,1,1,2,0,1,5,421.8,0,1,2,434.02,217.01,5.0,0.2,0.333,1.0,1
cust_3481,2,17,360.42,180.21,9,1.12,4,4,7,1,0,0,2,107.49,0,0,0,0.0,0.0,1.0,0.0,0.0,3.5,0
cust_3482,14,162,2120.41,151.46,89,0.35,25,3,28,0,0,0,1,172.6,1,2,1,106.81,106.81,0.071,2.0,0.0,2.0,1
cust_3483,6,29,324.86,54.14,13,15.29,3,1,5,1,0,0,1,124.46,0,0,1,126.38,126.38,0.167,0.0,0.0,0.833,0
cust_3484,5,59,776.69,155.34,36,1.14,8,4,9,1,0,1,0,0.0,0,0,0,0.0,0.0,0.0,0.0,0.028,1.8,0
cust_3485,1,14,107.73,107.73,6,21.95,3,1,5,2,0,1,3,340.14,0,0,0,0.0,0.0,3.0,0.0,0.167,5.0,0
cust_3486,2,24,85.48,42.74,12,2.41,6,5,8,3,0,1,0,0.0,1,0,1,266.35,266.35,0.0,0.0,0.083,4.0,0
cust_3487,8,48,772.48,96.56,30,14.26,15,12,15,1,0,2,0,0.0,0,0,0,0.0,0.0,0.0,0.0,0.067,1.875,0
cust_3488,3,14,759.92,253.31,8,17.32,4,1,5,4,0,1,1,131.84,3,0,0,0.0,0.0,0.333,0.0,0.125,1.667,0
cust_3489,3,28,705.1,235.03,14,15.73,8,1,9,1,0,0,3,462.39,2,1,1,78.51,78.51,1.0,0.333,0.0,3.0,1
cust_3490,11,159,2453.88,223.08,101,20.62,41,1,45,1,0,2,2,160.64,0,0,1,250.41,250.41,0.182,0.0,0.02,4.091,1
cust_3491,8,104,1606.67,200.83,63,4.15,16,8,19,0,0,0,1,95.48,1,0,1,335.96,335.96,0.125,0.0,0.0,2.375,0
cust_3492,7,71,1401.63,200.23,36,42.61,15,5,18,2,0,1,1,208.58,1,2,0,0.0,0.0,0.143,2.0,0.028,2.571,1
cust_3493,10,55,2623.88,262.39,36,3.28,12,5,12,2,0,0,0,0.0,3,0,1,119.28,119.28,0.0,0.0,0.0,1.2,0
cust_3494,4,47,462.55,115.64,20,27.23,6,3,6,1,0,0,1,120.0,3,0,0,0.0,0.0,0.25,0.0,0.0,1.5,0
cust_3495,5,64,1089.43,217.89,32,5.75,15,2,19,1,0,2,2,219.05,0,0,0,0.0,0.0,0.4,0.0,0.062,3.8,0
cust_3496,5,71,1171.14,234.23,43,0.59,10,8,14,2,1,0,1,74.07,2,0,0,0.0,0.0,0.2,0.0,0.0,2.8,0
cust_3497,13,139,4905.39,377.34,92,15.37,19,12,21,1,0,0,1,189.97,1,0,1,221.34,221.34,0.077,0.0,0.0,1.615,0
cust_3498,9,86,3012.96,334.77,42,15.48,20,17,23,1,0,0,2,70.32,0,1,0,0.0,0.0,0.222,0.5,0.0,2.556,0
cust_3499,3,32,847.67,282.56,18,2.2,5,1,9,1,0,1,1,200.83,2,3,0,0.0,0.0,0.333,3.0,0.056,3.0,1
cust_3500,2,28,674.68,337.34,11,17.35,3,2,4,0,0,0,0,0.0,0,0,2,401.91,200.96,0.0,0.0,0.0,2.0,0
cust_3501,6,65,1125.98,187.66,33,1.71,10,3,12,1,1,0,1,133.62,1,1,1,244.68,244.68,0.167,1.0,0.0,2.0,1
cust_3502,8,54,2632.69,329.09,26,1.64,11,6,13,1,0,1,2,256.73,3,2,0,0.0,0.0,0.25,1.0,0.038,1.625,1
cust_3503,13,142,1709.67,131.51,92,16.55,24,4,27,0,0,1,0,0.0,0,0,0,0.0,0.0,0.0,0.0,0.011,2.077,0
cust_3504,6,82,358.84,59.81,34,3.43,16,13,19,2,0,0,0,0.0,1,0,0,0.0,0.0,0.0,0.0,0.0,3.167,0
cust_3505,6,61,1546.67,257.78,25,0.8,14,9,17,0,0,1,4,238.3,0,0,0,0.0,0.0,0.667,0.0,0.04,2.833,1
cust_3506,10,95,1422.49,142.25,50,31.31,26,13,26,1,0,2,1,56.3,2,1,0,0.0,0.0,0.1,1.0,0.04,2.6,0
cust_3507,3,36,315.32,105.11,18,8.14,10,8,13,0,0,0,1,111.3,0,0,2,210.19,105.1,0.333,0.0,0.0,4.333,0
cust_3508,7,78,1739.48,248.5,34,5.94,19,2,19,2,0,1,0,0.0,0,0,0,0.0,0.0,0.0,0.0,0.029,2.714,0
cust_3509,5,23,91.98,18.4,11,7.01,3,3,7,2,0,1,2,115.78,1,0,1,115.68,115.68,0.4,0.0,0.091,1.4,0
cust_3510,3,35,497.76,165.92,24,11.1,12,8,13,2,0,1,2,270.6,3,2,1,206.36,206.36,0.667,1.0,0.042,4.333,1
cust_3511,1,8,92.6,92.6,4,19.78,1,1,2,0,0,1,1,127.47,1,1,0,0.0,0.0,1.0,1.0,0.25,2.0,0
cust_3512,11,157,1063.27,96.66,66,11.17,20,18,22,0,0,1,2,374.86,0,0,4,213.89,53.47,0.182,0.0,0.015,2.0,1
cust_3513,1,14,132.03,132.03,5,13.45,2,2,4,1,1,0,1,15.4,2,0,0,0.0,0.0,1.0,0.0,0.0,4.0,0
cust_3514,8,71,1609.71,201.21,29,1.99,8,8,10,5,0,4,2,256.76,0,0,1,96.69,96.69,0.25,0.0,0.138,1.25,1
cust_3515,2,29,227.6,113.8,14,4.85,3,1,4,1,0,0,1,84.23,2,2,0,0.0,0.0,0.5,2.0,0.0,2.0,1
cust_3516,1,7,124.34,124.34,4,8.79,1,1,3,2,0,1,0,0.0,1,0,0,0.0,0.0,0.0,0.0,0.25,3.0,0
cust_3517,4,46,1030.92,257.73,29,9.66,9,5,9,0,0,1,1,69.7,1,0,1,77.94,77.94,0.25,0.0,0.034,2.25,0
cust_3518,7,33,1359.54,194.22,16,3.16,5,4,7,0,1,1,1,117.58,0,1,1,93.56,93.56,0.143,1.0,0.062,1.0,0
cust_3519,4,22,263.42,65.85,13,36.88,7,6,11,2,0,1,2,201.08,2,1,0,0.0,0.0,0.5,0.5,0.077,2.75,0
cust_3520,9,121,871.35,96.82,75,1.26,19,8,21,1,0,2,1,67.37,2,1,0,0.0,0.0,0.111,1.0,0.027,2.333,1
cust_3521,4,55,412.85,103.21,29,1.19,14,1,14,2,0,0,0,0.0,0,0,0,0.0,0.0,0.0,0.0,0.0,3.5,0
cust_3522,9,88,1172.47,130.27,45,2.6,15,11,16,2,0,1,1,108.11,1,2,0,0.0,0.0,0.111,2.0,0.022,1.778,1
cust_3523,2,15,346.27,173.13,6,14.02,3,3,4,2,0,0,1,36.29,1,0,0,0.0,0.0,0.5,0.0,0.0,2.0,0
cust_3524,4,35,735.29,183.82,16,0.37,6,2,7,0,2,3,1,99.55,2,1,0,0.0,0.0,0.25,1.0,0.188,1.75,1
cust_3525,9,122,1352.33,150.26,61,44.12,22,13,22,0,0,0,3,104.36,0,0,0,0.0,0.0,0.333,0.0,0.0,2.444,0
cust_3526,5,31,1233.9,246.78,19,44.01,7,1,8,1,1,0,1,134.71,2,2,0,0.0,0.0,0.2,2.0,0.0,1.6,0
cust_3527,2,14,237.23,118.61,7,1.74,3,3,6,3,0,1,0,0.0,1,0,1,166.05,166.05,0.0,0.0,0.143,3.0,0
cust_3528,7,88,941.24,134.46,40,5.13,8,5,10,2,0,0,1,77.0,1,1,0,0.0,0.0,0.143,1.0,0.0,1.429,0
cust_3529,3,42,310.38,103.46,18,2.28,8,4,8,0,0,0,0,0.0,0,0,1,108.71,108.71,0.0,0.0,0.0,2.667,0
cust_3530,4,20,976.8,244.2,10,5.24,2,2,4,1,0,0,1,73.11,0,0,1,91.8,91.8,0.25,0.0,0.0,1.0,0
cust_3531,7,89,536.88,76.7,53,7.61,29,15,33,1,0,0,0,0.0,1,0,0,0.0,0.0,0.0,0.0,0.0,4.714,0
cust_3532,12,133,1464.39,122.03,85,17.3,29,6,31,1,1,2,5,752.81,1,0,1,63.03,63.03,0.417,0.0,0.024,2.583,1
cust_3533,7,45,2044.67,292.1,28,0.36,9,8,9,0,0,0,1,147.54,0,1,0,0.0,0.0,0.143,1.0,0.0,1.286,1
cust_3534,10,123,1401.29,140.13,79,43.35,38,14,41,1,0,0,2,115.05,1,1,0,0.0,0.0,0.2,0.5,0.0,4.1,1
cust_3535,2,24,64.86,32.43,12,28.23,5,5,8,1,0,0,0,0.0,2,0,0,0.0,0.0,0.0,0.0,0.0,4.0,0
cust_3536,2,11,142.68,71.34,7,8.45,3,3,4,3,0,0,5,1632.0,3,1,1,109.61,109.61,2.5,0.2,0.0,2.0,1
cust_3537,4,38,877.22,219.3,20,6.56,6,6,9,0,2,1,6,304.93,1,3,0,0.0,0.0,1.5,0.5,0.05,2.25,1
cust_3538,2,24,424.91,212.45,10,8.0,4,3,8,1,0,3,0,0.0,2,0,0,0.0,0.0,0.0,0.0,0.3,4.0,0
cust_3539,3,18,1205.66,401.89,9,0.19,1,1,5,5,0,0,0,0.0,0,0,1,98.41,98.41,0.0,0.0,0.0,1.667,0
cust_3540,7,63,407.27,58.18,31,13.38,18,2,20,1,0,0,2,282.97,0,0,0,0.0,0.0,0.286,0.0,0.0,2.857,0
cust_3541,10,53,2901.37,290.14,27,6.86,10,4,14,1,0,1,1,84.01,2,0,0,0.0,0.0,0.1,0.0,0.037,1.4,0
cust_3542,7,51,2310.28,330.04,30,3.37,9,4,9,0,0,1,0,0.0,1,0,1,150.19,150.19,0.0,0.0,0.033,1.286,0
cust_3543,6,38,663.13,110.52,22,6.19,11,5,12,5,0,0,1,87.49,0,1,0,0.0,0.0,0.167,1.0,0.0,2.0,0
cust_3544,3,28,325.85,108.62,13,3.46,4,3,8,1,0,1,1,78.13,0,0,0,0.0,0.0,0.333,0.0,0.077,2.667,0
cust_3545,5,27,830.9,166.18,13,12.04,7,7,8,6,0,1,0,0.0,1,0,1,297.26,297.26,0.0,0.0,0.077,1.6,0
cust_3546,19,156,4740.24,249.49,90,9.53,42,14,43,2,0,1,1,84.22,1,1,0,0.0,0.0,0.053,1.0,0.011,2.263,1
cust_3547,7,49,421.67,60.24,20,4.91,9,3,11,1,0,0,1,51.4,1,0,0,0.0,0.0,0.143,0.0,0.0,1.571,0
cust_3548,2,24,411.53,205.76,14,3.77,3,2,3,1,0,3,1,68.51,0,0,0,0.0,0.0,0.5,0.0,0.214,1.5,0
cust_3549,5,58,287.73,57.55,26,21.04,11,8,13,1,0,1,2,293.4,0,0,1,218.05,218.05,0.4,0.0,0.038,2.6,0
cust_3550,2,10,463.53,231.77,6,11.46,1,1,5,2,0,0,1,49.66,0,1,1,104.33,104.33,0.5,1.0,0.0,2.5,0
cust_3551,3,43,395.51,131.84,22,12.58,11,8,15,3,0,0,0,0.0,0,0,0,0.0,0.0,0.0,0.0,0.0,5.0,0
cust_3552,8,97,542.22,67.78,45,9.64,11,9,12,0,0,0,2,175.69,1,1,0,0.0,0.0,0.25,0.5,0.0,1.5,0
cust_3553,3,32,381.69,127.23,19,0.78,6,4,9,0,2,0,3,359.43,0,1,0,0.0,0.0,1.0,0.333,0.0,3.0,0
cust_3554,3,27,143.59,47.86,15,0.61,5,2,6,2,0,0,3,600.6,0,0,0,0.0,0.0,1.0,0.0,0.0,2.0,1
cust_3555,3,17,281.98,93.99,7,5.61,3,1,3,3,0,0,2,157.37,1,0,1,106.57,106.57,0.667,0.0,0.0,1.0,0
cust_3556,4,58,708.09,177.02,37,26.66,16,7,19,0,0,2,1,97.01,1,1,1,236.69,236.69,0.25,1.0,0.054,4.75,1
cust_3557,11,44,4095.35,372.3,23,7.44,11,6,14,1,0,0,2,146.55,0,0,0,0.0,0.0,0.182,0.0,0.0,1.273,0
cust_3558,4,46,487.3,121.82,20,20.87,5,5,8,1,0,2,1,222.35,2,0,1,134.74,134.74,0.25,0.0,0.1,2.0,0
cust_3559,4,38,736.75,184.19,24,1.02,7,6,11,0,0,2,0,0.0,0,0,0,0.0,0.0,0.0,0.0,0.083,2.75,0
cust_3560,6,83,1137.57,189.6,36,12.88,12,3,12,1,1,0,0,0.0,0,0,0,0.0,0.0,0.0,0.0,0.0,2.0,0
cust_3561,2,16,174.24,87.12,11,2.81,2,2,6,0,0,0,0,0.0,3,0,0,0.0,0.0,0.0,0.0,0.0,3.0,0
cust_3562,9,87,1541.15,171.24,46,7.43,24,19,25,3,0,0,2,294.64,2,1,0,0.0,0.0,0.222,0.5,0.0,2.778,1
cust_3563,1,12,28.7,28.7,7,3.47,2,2,3,4,0,0,1,19.08,2,0,0,0.0,0.0,1.0,0.0,0.0,3.0,0
cust_3564,4,18,139.62,34.91,9,12.46,2,2,3,2,0,0,1,28.72,1,1,1,260.5,260.5,0.25,1.0,0.0,0.75,0
cust_3565,1,4,93.74,93.74,1,5.12,0,0,1,0,0,1,1,147.79,2,2,0,0.0,0.0,1.0,2.0,1.0,1.0,1
cust_3566,4,25,255.23,63.81,15,6.2,8,7,12,0,0,1,4,249.61,0,0,0,0.0,0.0,1.0,0.0,0.067,3.0,0
cust_3567,4,22,796.11,199.03,10,2.81,4,4,7,1,0,0,5,404.5,1,1,0,0.0,0.0,1.25,0.2,0.0,1.75,1
cust_3568,5,20,1087.61,217.52,12,3.31,4,1,4,3,0,1,1,127.0,1,2,0,0.0,0.0,0.2,2.0,0.083,0.8,1
cust_3569,1,10,41.96,41.96,4,1.98,1,1,3,1,1,1,3,517.3,2,0,1,182.14,182.14,3.0,0.0,0.25,3.0,1
cust_3570,5,63,549.75,109.95,29,8.07,8,3,10,2,0,0,2,116.24,5,1,1,197.66,197.66,0.4,0.5,0.0,2.0,0
cust_3571,4,58,264.79,66.2,31,1.57,15,11,16,2,0,0,3,441.35,0,1,0,0.0,0.0,0.75,0.333,0.0,4.0,1
cust_3572,3,26,983.76,327.92,16,3.12,5,1,9,2,0,0,2,325.79,0,2,0,0.0,0.0,0.667,1.0,0.0,3.0,1
cust_3573,3,21,300.29,100.1,12,7.56,2,1,3,4,0,0,1,171.79,1,1,0,0.0,0.0,0.333,1.0,0.0,1.0,1
cust_3574,1,13,92.58,92.58,5,3.21,1,1,5,0,0,0,0,0.0,0,0,0,0.0,0.0,0.0,0.0,0.0,5.0,0
cust_3575,4,53,324.52,81.13,32,8.88,14,4,17,1,0,1,1,35.93,1,1,0,0.0,0.0,0.25,1.0,0.031,4.25,0
cust_3576,10,108,1036.32,103.63,61,0.14,19,11,19,1,0,0,2,238.92,1,0,2,133.48,66.74,0.2,0.0,0.0,1.9,1
cust_3577,5,35,1885.07,377.01,20,36.2,5,2,6,0,0,2,0,0.0,2,0,0,0.0,0.0,0.0,0.0,0.1,1.2,0
cust_3578,1,13,66.47,66.47,6,13.09,2,1,2,3,0,1,5,317.69,0,1,1,147.47,147.47,5.0,0.2,0.167,2.0,1
cust_3579,1,5,65.0,65.0,2,7.01,0,0,3,2,0,1,1,101.0,2,1,0,0.0,0.0,1.0,1.0,0.5,3.0,0
cust_3580,6,26,249.15,41.53,13,25.36,2,1,4,0,0,1,2,176.65,1,1,0,0.0,0.0,0.333,0.5,0.077,0.667,0
cust_3581,3,38,1081.18,360.39,16,20.38,4,1,5,1,0,0,0,0.0,2,0,3,370.63,123.54,0.0,0.0,0.0,1.667,0
cust_3582,4,40,343.8,85.95,26,4.57,13,13,15,2,0,1,0,0.0,1,0,1,262.59,262.59,0.0,0.0,0.038,3.75,0
cust_3583,7,46,720.85,102.98,27,1.23,14,9,14,2,0,0,0,0.0,1,0,0,0.0,0.0,0.0,0.0,0.0,2.0,0
cust_3584,10,113,1700.4,170.04,67,2.91,36,5,36,1,1,2,0,0.0,1,0,0,0.0,0.0,0.0,0.0,0.03,3.6,1
cust_3585,2,24,66.54,33.27,10,2.34,4,3,6,0,0,1,2,64.66,1,1,2,212.78,106.39,1.0,0.5,0.1,3.0,1
cust_3586,6,79,825.85,137.64,47,13.87,27,13,30,1,0,4,3,311.12,1,2,0,0.0,0.0,0.5,0.667,0.085,5.0,1
cust_3587,2,14,242.16,121.08,6,7.94,1,1,1,0,1,0,3,252.43,0,0,3,433.46,144.49,1.5,0.0,0.0,0.5,0
cust_3588,2,8,380.29,190.15,4,18.98,1,1,5,0,0,1,2,181.19,2,0,1,239.48,239.48,1.0,0.0,0.25,2.5,0
cust_3589,6,57,754.69,125.78,28,6.73,13,9,13,0,1,0,1,110.96,1,3,1,156.75,156.75,0.167,3.0,0.0,2.167,1
cust_3590,5,67,975.6,195.12,29,14.69,6,4,6,1,0,0,0,0.0,0,0,1,212.49,212.49,0.0,0.0,0.0,1.2,0
cust_3591,5,31,1218.82,243.76,20,3.91,6,6,10,2,0,0,4,292.26,0,0,0,0.0,0.0,0.8,0.0,0.0,2.0,0
cust_3592,11,94,917.32,83.39,40,9.22,23,2,23,1,0,2,0,0.0,1,0,0,0.0,0.0,0.0,0.0,0.05,2.091,0
cust_3593,8,54,2355.04,294.38,33,10.2,16,14,19,0,0,0,2,218.86,1,0,0,0.0,0.0,0.25,0.0,0.0,2.375,0
cust_3594,8,33,1359.8,169.97,14,14.24,3,2,7,2,0,1,1,50.67,1,1,0,0.0,0.0,0.125,1.0,0.071,0.875,0
cust_3595,19,263,761.21,40.06,159,16.07,66,19,66,2,0,0,3,320.38,0,1,2,476.44,238.22,0.158,0.333,0.0,3.474,1
cust_3596,3,16,1066.34,355.45,6,3.24,2,2,6,1,0,2,0,0.0,2,0,2,402.08,201.04,0.0,0.0,0.333,2.0,0
cust_3597,9,111,1159.3,128.81,61,4.86,35,6,35,0,0,1,3,269.09,3,1,1,102.61,102.61,0.333,0.333,0.016,3.889,1
cust_3598,4,31,931.92,232.98,14,2.32,6,4,6,0,0,0,2,84.57,2,2,1,168.64,168.64,0.5,1.0,0.0,1.5,1
cust_3599,2,14,386.27,193.13,9,13.78,4,4,5,0,0,1,3,388.53,1,2,0,0.0,0.0,1.5,0.667,0.111,2.5,1
cust_3600,5,71,307.83,61.57,36,3.16,20,2,20,0,0,2,3,497.04,0,1,0,0.0,0.0,0.6,0.333,0.056,4.0,1
cust_3601,5,56,444.46,88.89,22,4.96,10,4,11,0,0,0,1,83.74,2,1,0,0.0,0.0,0.2,1.0,0.0,2.2,0
cust_3602,20,231,2507.54,125.38,135,16.25,77,16,77,0,0,0,0,0.0,1,0,0,0.0,0.0,0.0,0.0,0.0,3.85,1
cust_3603,6,74,1395.12,232.52,39,4.15,15,3,18,0,0,0,4,299.74,1,1,0,0.0,0.0,0.667,0.25,0.0,3.0,1
cust_3604,18,139,2783.22,154.62,91,3.45,44,7,46,1,1,1,1,131.88,0,0,0,0.0,0.0,0.056,0.0,0.011,2.556,1
cust_3605,2,20,251.97,125.99,10,10.53,4,4,5,3,0,1,1,10.01,3,2,1,173.69,173.69,0.5,2.0,0.1,2.5,1
cust_3606,1,6,153.42,153.42,3,37.04,1,1,3,0,0,2,3,334.22,0,2,1,107.4,107.4,3.0,0.667,0.667,3.0,0
cust_3607,1,13,23.03,23.03,6,0.65,1,1,3,1,1,0,1,128.2,2,0,0,0.0,0.0,1.0,0.0,0.0,3.0,0
cust_3608,5,52,601.25,120.25,34,18.01,19,3,22,0,0,0,4,402.35,2,3,0,0.0,0.0,0.8,0.75,0.0,4.4,1
cust_3609,9,60,1114.35,123.82,34,1.3,10,7,13,0,1,2,3,431.93,0,2,0,0.0,0.0,0.333,0.667,0.059,1.444,1
cust_3610,4,55,478.51,119.63,33,4.23,8,3,11,1,0,0,4,174.89,3,2,2,344.45,172.22,1.0,0.5,0.0,2.75,1
cust_3611,5,51,1699.41,339.88,31,5.39,15,8,17,0,0,0,1,64.68,0,1,0,0.0,0.0,0.2,1.0,0.0,3.4,1
cust_3612,11,103,5453.58,495.78,70,12.68,29,14,29,3,0,1,1,112.4,0,2,1,125.24,125.24,0.091,2.0,0.014,2.636,1
cust_3613,12,52,715.41,59.62,33,26.11,10,4,14,1,0,1,1,113.41,0,0,1,235.72,235.72,0.083,0.0,0.03,1.167,0
cust_3614,5,70,437.21,87.44,47,1.08,25,7,28,0,0,1,1,6.9,0,0,0,0.0,0.0,0.2,0.0,0.021,5.6,0
cust_3615,2,28,574.58,287.29,14,13.66,4,1,5,1,0,0,2,339.64,4,0,0,0.0,0.0,1.0,0.0,0.0,2.5,0
cust_3616,3,30,569.71,189.9,13,3.89,2,1,2,0,0,2,1,63.35,0,0,0,0.0,0.0,0.333,0.0,0.154,0.667,0
cust_3617,16,141,3429.68,214.36,65,23.22,13,2,16,4,0,0,1,63.33,1,2,2,107.03,53.52,0.062,2.0,0.0,1.0,1
cust_3618,3,23,322.03,107.34,15,3.26,8,1,11,3,0,0,2,200.95,2,1,2,119.17,59.58,0.667,0.5,0.0,3.667,1
cust_3619,8,55,1156.56,144.57,35,11.84,12,5,15,0,0,4,3,530.79,0,0,0,0.0,0.0,0.375,0.0,0.114,1.875,1
cust_3620,4,41,708.74,177.19,24,1.8,6,2,10,3,0,1,3,369.25,2,0,3,426.15,142.05,0.75,0.0,0.042,2.5,1
cust_3621,3,16,1461.97,487.32,6,31.69,2,2,2,2,0,0,2,117.16,1,0,2,450.47,225.24,0.667,0.0,0.0,0.667,0
cust_3622,6,84,1235.41,205.9,41,0.04,16,11,19,1,0,0,1,106.13,0,1,0,0.0,0.0,0.167,1.0,0.0,3.167,1
cust_3623,13,77,3406.73,262.06,47,2.65,28,18,28,2,0,0,0,0.0,2,0,0,0.0,0.0,0.0,0.0,0.0,2.154,0
cust_3624,7,85,910.84,130.12,40,11.27,22,10,22,0,1,0,2,237.25,0,0,0,0.0,0.0,0.286,0.0,0.0,3.143,0
cust_3625,5,36,1073.6,214.72,21,19.21,6,5,8,1,0,1,3,329.31,0,0,0,0.0,0.0,0.6,0.0,0.048,1.6,0
cust_3626,3,19,730.21,243.4,10,50.45,4,3,4,1,1,1,3,214.05,1,1,1,185.44,185.44,1.0,0.333,0.1,1.333,0
cust_3627,4,40,745.93,186.48,19,1.9,6,6,10,0,0,0,1,123.89,0,2,0,0.0,0.0,0.25,2.0,0.0,2.5,0
cust_3628,14,173,686.54,49.04,117,3.67,40,9,44,2,0,1,3,500.51,0,1,0,0.0,0.0,0.214,0.333,0.009,3.143,1
cust_3629,7,83,548.06,78.29,39,22.24,13,11,17,1,1,0,1,141.37,0,0,0,0.0,0.0,0.143,0.0,0.0,2.429,0
cust_3630,8,52,1079.97,135.0,34,0.33,15,2,19,2,0,0,2,78.51,1,1,1,193.84,193.84,0.25,0.5,0.0,2.375,1
cust_3631,6,45,1037.17,172.86,25,13.22,10,9,13,1,0,1,5,573.23,0,2,0,0.0,0.0,0.833,0.4,0.04,2.167,1
cust_3632,18,244,3702.27,205.68,104,5.5,52,17,52,2,0,1,1,146.64,2,1,0,0.0,0.0,0.056,1.0,0.01,2.889,1
cust_3633,3,35,193.43,64.48,22,11.67,5,5,7,4,0,3,2,164.93,3,1,0,0.0,0.0,0.667,0.5,0.136,2.333,1
cust_3634,2,23,234.93,117.47,14,7.44,5,2,8,3,0,2,2,406.31,0,2,0,0.0,0.0,1.0,1.0,0.143,4.0,1
cust_3635,3,20,509.54,169.85,12,9.86,6,3,7,1,0,1,1,17.97,0,1,0,0.0,0.0,0.333,1.0,0.083,2.333,0
cust_3636,9,114,1794.4,199.38,67,10.99,13,9,16,3,1,2,1,37.67,1,1,0,0.0,0.0,0.111,1.0,0.03,1.778,1
cust_3637,6,47,1017.79,169.63,28,9.98,12,5,15,2,1,0,2,193.42,1,1,0,0.0,0.0,0.333,0.5,0.0,2.5,0
cust_3638,4,33,357.18,89.29,22,10.92,11,3,14,0,0,1,1,224.01,0,0,3,564.86,188.29,0.25,0.0,0.045,3.5,0
cust_3639,3,21,193.75,64.58,9,8.4,3,3,6,0,0,0,2,252.48,3,1,0,0.0,0.0,0.667,0.5,0.0,2.0,0
cust_3640,5,26,759.55,151.91,11,12.51,6,2,8,0,0,1,0,0.0,1,0,0,0.0,0.0,0.0,0.0,0.091,1.6,0
cust_3641,4,34,1734.02,433.51,14,14.96,6,1,10,5,1,0,5,123.15,3,1,0,0.0,0.0,1.25,0.2,0.0,2.5,0
cust_3642,4,16,434.22,108.55,10,15.51,4,4,4,1,0,1,2,190.64,2,0,0,0.0,0.0,0.5,0.0,0.1,1.0,0
cust_3643,5,45,888.77,177.75,25,19.21,6,3,10,0,1,0,1,62.14,2,1,1,46.6,46.6,0.2,1.0,0.0,2.0,0
cust_3644,3,35,215.46,71.82,15,3.8,7,1,9,1,0,1,1,115.74,0,1,1,146.22,146.22,0.333,1.0,0.067,3.0,0
cust_3645,12,174,1471.18,122.6,76,13.7,40,14,42,2,0,0,2,149.07,1,1,0,0.0,0.0,0.167,0.5,0.0,3.5,1
cust_3646,16,77,3771.85,235.74,41,29.31,20,12,23,2,0,1,1,158.99,1,0,2,340.85,170.42,0.062,0.0,0.024,1.438,0
cust_3647,4,28,393.3,98.32,18,4.58,7,3,10,0,0,1,1,186.82,2,1,0,0.0,0.0,0.25,1.0,0.056,2.5,1
cust_3648,4,37,513.8,128.45,23,15.03,11,6,11,0,1,2,1,169.62,0,1,2,356.68,178.34,0.25,1.0,0.087,2.75,1
cust_3649,2,11,148.39,74.19,7,3.45,4,3,7,3,0,0,2,275.09,0,0,0,0.0,0.0,1.0,0.0,0.0,3.5,0
cust_3650,9,47,2230.0,247.78,29,1.93,5,2,5,0,0,0,2,166.11,0,0,0,0.0,0.0,0.222,0.0,0.0,0.556,0
cust_3651,9,80,1654.36,183.82,33,5.91,15,14,17,1,0,0,2,118.88,0,0,0,0.0,0.0,0.222,0.0,0.0,1.889,0
cust_3652,4,41,557.83,139.46,25,16.43,12,5,12,1,0,1,1,141.02,1,0,1,188.36,188.36,0.25,0.0,0.04,3.0,0
cust_3653,6,78,425.87,70.98,43,3.67,19,18,19,0,0,0,1,104.55,1,0,0,0.0,0.0,0.167,0.0,0.0,3.167,0
cust_3654,5,74,392.47,78.49,45,3.49,13,3,14,1,2,2,1,40.55,0,0,0,0.0,0.0,0.2,0.0,0.044,2.8,0
cust_3655,13,162,788.58,60.66,88,3.25,46,16,49,4,0,1,1,69.65,0,0,0,0.0,0.0,0.077,0.0,0.011,3.769,1
cust_3656,4,25,470.66,117.66,13,2.46,7,3,11,1,0,4,1,85.82,2,0,0,0.0,0.0,0.25,0.0,0.308,2.75,1
cust_3657,2,24,120.63,60.31,10,9.44,4,1,5,2,0,1,1,69.54,0,0,0,0.0,0.0,0.5,0.0,0.1,2.5,0
cust_3658,3,29,413.87,137.96,19,2.79,7,1,8,1,0,0,3,284.39,2,0,1,40.68,40.68,1.0,0.0,0.0,2.667,0
cust_3659,9,80,1943.71,215.97,40,27.32,13,3,14,1,1,0,2,121.48,2,0,0,0.0,0.0,0.222,0.0,0.0,1.556,0
cust_3660,1,14,126.8,126.8,8,4.25,2,2,6,1,0,2,0,0.0,0,0,1,275.8,275.8,0.0,0.0,0.25,6.0,0
cust_3661,6,70,501.52,83.59,32,7.82,15,8,19,0,1,1,4,131.45,1,0,0,0.0,0.0,0.667,0.0,0.031,3.167,0
cust_3662,5,57,800.06,160.01,29,5.26,12,8,13,0,0,2,3,356.37,0,2,0,0.0,0.0,0.6,0.667,0.069,2.6,1
cust_3663,3,12,128.09,42.7,7,32.89,1,1,3,2,0,2,1,93.42,1,0,0,0.0,0.0,0.333,0.0,0.286,1.0,0
cust_3664,9,121,703.09,78.12,56,5.52,14,7,15,1,1,0,2,75.84,0,0,0,0.0,0.0,0.222,0.0,0.0,1.667,0
cust_3665,5,63,726.21,145.24,29,8.29,6,2,6,1,0,0,0,0.0,1,0,1,139.89,139.89,0.0,0.0,0.0,1.2,0
cust_3666,2,14,145.17,72.59,6,14.41,2,2,2,1,0,0,0,0.0,0,0,0,0.0,0.0,0.0,0.0,0.0,1.0,0
cust_3667,2,14,305.46,152.73,8,1.88,2,1,6,0,0,2,0,0.0,0,0,0,0.0,0.0,0.0,0.0,0.25,3.0,0
cust_3668,8,36,1085.04,135.63,20,0.33,4,2,4,0,0,1,4,197.74,0,2,1,174.21,174.21,0.5,0.5,0.05,0.5,1
cust_3669,4,18,1376.9,344.22,8,6.07,2,2,5,2,0,0,1,130.49,1,2,1,102.0,102.0,0.25,2.0,0.0,1.25,1
cust_3670,7,79,815.91,116.56,47,8.0,25,1,28,1,0,0,3,272.2,0,0,0,0.0,0.0,0.429,0.0,0.0,4.0,1
cust_3671,5,30,1644.45,328.89,20,3.38,5,5,6,1,0,1,3,201.22,0,0,0,0.0,0.0,0.6,0.0,0.05,1.2,0
cust_3672,1,14,138.65,138.65,6,6.21,2,2,5,1,0,1,3,121.2,0,2,0,0.0,0.0,3.0,0.667,0.167,5.0,0
cust_3673,9,119,600.5,66.72,71,9.55,26,5,29,1,0,0,1,118.39,3,0,0,0.0,0.0,0.111,0.0,0.0,3.222,0
cust_3674,4,31,449.16,112.29,17,36.22,7,4,8,2,0,0,1,142.16,0,1,1,196.99,196.99,0.25,1.0,0.0,2.0,0
cust_3675,6,49,1374.2,229.03,24,9.21,10,3,13,1,1,1,1,235.24,1,0,0,0.0,0.0,0.167,0.0,0.042,2.167,0
cust_3676,4,30,821.16,205.29,17,5.96,6,4,8,2,0,1,2,282.62,1,1,0,0.0,0.0,0.5,0.5,0.059,2.0,0
cust_3677,5,25,887.22,177.44,11,0.23,2,1,5,0,0,1,1,107.1,1,0,0,0.0,0.0,0.2,0.0,0.091,1.0,0
cust_3678,1,4,379.62,379.62,2,3.72,0,0,4,0,1,0,2,246.29,0,1,2,348.57,174.28,2.0,0.5,0.0,4.0,1
cust_3679,8,71,1663.66,207.96,28,4.44,10,7,12,5,0,1,2,67.61,0,0,1,71.69,71.69,0.25,0.0,0.036,1.5,0
cust_3680,9,129,815.15,90.57,73,6.48,20,7,21,1,0,2,4,311.6,0,1,0,0.0,0.0,0.444,0.25,0.027,2.333,1
cust_3681,2,28,115.94,57.97,13,15.24,7,3,8,1,0,0,0,0.0,3,0,0,0.0,0.0,0.0,0.0,0.0,4.0,0
cust_3682,2,25,374.93,187.47,16,14.96,7,7,9,0,0,0,1,51.18,0,1,0,0.0,0.0,0.5,1.0,0.0,4.5,0
cust_3683,3,32,660.92,220.31,17,18.66,5,1,6,0,1,0,0,0.0,1,0,0,0.0,0.0,0.0,0.0,0.0,2.0,0
cust_3684,5,67,382.7,76.54,42,3.42,17,11,21,2,0,1,1,258.25,3,1,1,377.95,377.95,0.2,1.0,0.024,4.2,1
cust_3685,2,19,411.74,205.87,12,4.25,7,4,7,2,1,1,2,161.66,3,0,1,101.37,101.37,1.0,0.0,0.083,3.5,0
cust_3686,4,23,776.31,194.08,11,1.63,3,2,3,1,0,1,2,279.87,1,2,0,0.0,0.0,0.5,1.0,0.091,0.75,1
cust_3687,5,57,499.92,99.98,37,19.48,21,10,22,0,0,0,3,251.66,2,0,1,43.04,43.04,0.6,0.0,0.0,4.4,1
cust_3688,8,113,1686.56,210.82,69,10.56,32,1,36,2,0,1,3,140.73,1,2,1,89.39,89.39,0.375,0.667,0.014,4.5,1
cust_3689,5,21,626.77,125.35,9,0.81,3,1,4,0,1,0,0,0.0,1,0,0,0.0,0.0,0.0,0.0,0.0,0.8,0
cust_3690,1,6,118.09,118.09,2,3.62,1,1,1,2,0,0,1,181.6,1,1,0,0.0,0.0,1.0,1.0,0.0,1.0,0
cust_3691,8,55,2910.94,363.87,35,1.66,11,3,15,2,0,0,1,42.53,0,2,0,0.0,0.0,0.125,2.0,0.0,1.875,0
cust_3692,4,20,375.51,93.88,10,34.81,3,2,4,0,1,0,0,0.0,1,0,2,119.81,59.9,0.0,0.0,0.0,1.0,0
cust_3693,4,25,443.85,110.96,13,3.92,4,2,7,1,0,0,2,137.04,1,2,0,0.0,0.0,0.5,1.0,0.0,1.75,1
cust_3694,11,90,1096.37,99.67,60,6.86,30,4,30,0,0,0,1,119.15,0,0,0,0.0,0.0,0.091,0.0,0.0,2.727,0
cust_3695,2,28,594.63,297.32,18,3.83,6,3,6,1,0,0,1,121.15,2,0,0,0.0,0.0,0.5,0.0,0.0,3.0,0
cust_3696,4,53,513.17,128.29,22,6.43,5,1,9,1,0,0,1,250.2,2,1,0,0.0,0.0,0.25,1.0,0.0,2.25,1
cust_3697,7,100,2186.87,312.41,51,65.87,23,4,26,0,1,0,2,224.63,0,1,0,0.0,0.0,0.286,0.5,0.0,3.714,0
cust_3698,19,101,3341.64,175.88,67,3.39,19,1,22,1,0,0,2,307.28,1,0,0,0.0,0.0,0.105,0.0,0.0,1.158,1
cust_3699,6,25,417.04,69.51,16,3.32,3,1,5,1,0,0,1,98.32,1,2,0,0.0,0.0,0.167,2.0,0.0,0.833,1
cust_3700,1,5,138.14,138.14,3,4.64,0,0,0,0,0,1,2,422.27,0,0,1,284.86,284.86,2.0,0.0,0.333,0.0,0
cust_3701,7,98,1863.73,266.25,42,1.86,22,4,24,1,0,1,1,57.12,0,0,0,0.0,0.0,0.143,0.0,0.024,3.429,0
cust_3702,11,63,1630.79,148.25,36,13.43,20,7,23,0,0,2,1,68.26,0,1,0,0.0,0.0,0.091,1.0,0.056,2.091,0
cust_3703,6,61,257.81,42.97,35,4.77,16,8,20,1,0,0,2,120.8,1,0,0,0.0,0.0,0.333,0.0,0.0,3.333,0
cust_3704,2,13,174.18,87.09,5,8.7,1,1,2,1,0,0,1,83.45,0,2,1,295.3,295.3,0.5,2.0,0.0,1.0,1
cust_3705,5,21,1490.93,298.19,13,10.83,4,3,5,2,0,0,1,84.82,1,1,0,0.0,0.0,0.2,1.0,0.0,1.0,0
cust_3706,2,9,270.52,135.26,4,0.36,1,1,1,2,1,0,3,44.54,1,0,0,0.0,0.0,1.5,0.0,0.0,0.5,0
cust_3707,2,23,216.48,108.24,13,10.33,7,4,10,0,0,1,2,296.28,0,1,0,0.0,0.0,1.0,0.5,0.077,5.0,0
cust_3708,18,108,3133.48,174.08,54,7.61,25,19,27,0,1,1,4,604.75,1,1,0,0.0,0.0,0.222,0.25,0.019,1.5,1
cust_3709,12,78,3111.58,259.3,33,0.86,7,2,11,0,0,1,1,37.63,0,1,0,0.0,0.0,0.083,1.0,0.03,0.917,0
cust_3710,6,48,1183.73,197.29,26,1.33,9,4,10,1,0,3,0,0.0,2,0,2,419.39,209.7,0.0,0.0,0.115,1.667,0
cust_3711,16,179,2798.84,174.93,88,5.81,36,6,37,1,0,0,1,29.66,0,0,0,0.0,0.0,0.062,0.0,0.0,2.312,1
cust_3712,3,27,688.87,229.62,11,4.25,5,2,6,1,0,0,0,0.0,2,0,4,346.26,86.56,0.0,0.0,0.0,2.0,0
cust_3713,1,14,72.28,72.28,6,5.75,3,2,5,1,1,2,1,132.03,1,0,1,123.69,123.69,1.0,0.0,0.333,5.0,0
cust_3714,2,17,182.78,91.39,9,10.09,2,2,2,1,1,1,1,39.88,0,1,1,46.14,46.14,0.5,1.0,0.111,1.0,0
cust_3715,8,49,2978.83,372.35,21,1.68,11,11,11,1,0,0,0,0.0,0,0,0,0.0,0.0,0.0,0.0,0.0,1.375,0
cust_3716,1,9,136.02,136.02,3,10.86,0,0,4,2,0,1,3,236.69,0,1,0,0.0,0.0,3.0,0.333,0.333,4.0,0
cust_3717,2,17,134.9,67.45,11,17.04,3,2,5,1,1,2,1,45.51,0,0,2,475.34,237.67,0.5,0.0,0.182,2.5,0
cust_3718,2,25,148.66,74.33,10,0.03,2,2,2,0,0,2,1,85.87,3,2,0,0.0,0.0,0.5,2.0,0.2,1.0,1
cust_3719,3,42,672.81,224.27,21,4.6,4,2,7,0,0,1,3,250.04,1,1,0,0.0,0.0,1.0,0.333,0.048,2.333,0
cust_3720,21,277,2580.43,122.88,121,3.22,25,18,27,2,1,0,1,198.57,0,0,0,0.0,0.0,0.048,0.0,0.0,1.286,1
cust_3721,3,24,435.2,145.07,16,5.66,4,1,5,0,0,0,2,210.1,1,1,1,240.96,240.96,0.667,0.5,0.0,1.667,1
cust_3722,3,19,440.13,146.71,10,9.55,5,4,6,1,0,2,2,201.19,0,0,1,331.06,331.06,0.667,0.0,0.2,2.0,0
cust_3723,11,154,1078.46,98.04,66,2.08,20,11,22,3,0,0,1,67.39,0,0,0,0.0,0.0,0.091,0.0,0.0,2.0,0
cust_3724,11,90,2135.3,194.12,56,1.44,21,7,23,1,0,0,1,175.14,1,2,0,0.0,0.0,0.091,2.0,0.0,2.091,1
cust_3725,13,162,3589.55,276.12,102,13.05,40,9,42,0,0,1,1,164.98,1,2,1,247.58,247.58,0.077,2.0,0.01,3.231,1
cust_3726,1,14,25.96,25.96,9,11.58,5,3,6,1,0,0,2,45.99,0,0,1,250.58,250.58,2.0,0.0,0.0,6.0,0
cust_3727,16,165,2453.24,153.33,100,6.18,34,19,38,0,0,0,0,0.0,1,0,0,0.0,0.0,0.0,0.0,0.0,2.375,1
cust_3728,8,74,2372.02,296.5,30,6.96,9,2,9,0,0,0,1,149.92,0,0,0,0.0,0.0,0.125,0.0,0.0,1.125,0
cust_3729,2,23,91.38,45.69,12,3.15,7,6,9,1,0,0,2,20.92,0,3,0,0.0,0.0,1.0,1.5,0.0,4.5,1
cust_3730,5,30,655.63,131.13,15,3.99,6,4,6,2,0,0,4,681.33,1,1,0,0.0,0.0,0.8,0.25,0.0,1.2,1
cust_3731,7,65,939.18,134.17,40,3.86,12,12,15,0,0,0,2,96.81,2,2,1,357.49,357.49,0.286,1.0,0.0,2.143,1
cust_3732,5,37,1438.97,287.79,21,12.96,6,5,6,1,0,0,1,132.48,1,0,1,155.05,155.05,0.2,0.0,0.0,1.2,0
cust_3733,1,5,65.89,65.89,3,8.11,0,0,0,1,0,2,1,212.32,3,1,1,67.01,67.01,1.0,1.0,0.667,0.0,1
cust_3734,4,42,1455.32,363.83,19,13.07,8,8,11,2,0,0,3,173.8,0,2,0,0.0,0.0,0.75,0.667,0.0,2.75,0
cust_3735,3,30,737.46,245.82,15,8.93,7,6,10,1,0,2,1,161.42,1,0,2,370.76,185.38,0.333,0.0,0.133,3.333,1
cust_3736,8,98,388.67,48.58,51,7.89,19,12,21,1,0,0,0,0.0,0,0,0,0.0,0.0,0.0,0.0,0.0,2.625,0
cust_3737,5,68,2255.25,451.05,47,3.87,26,17,29,2,0,0,2,319.62,0,1,1,102.73,102.73,0.4,0.5,0.0,5.8,1
cust_3738,2,12,418.61,209.3,4,5.03,1,1,4,2,0,1,3,277.28,0,0,0,0.0,0.0,1.5,0.0,0.25,2.0,0
cust_3739,7,88,770.06,110.01,56,21.84,18,14,19,0,1,2,2,179.03,0,0,1,89.26,89.26,0.286,0.0,0.036,2.714,1
cust_3740,7,56,443.29,63.33,24,8.58,7,7,7,1,0,1,0,0.0,0,0,1,82.61,82.61,0.0,0.0,0.042,1.0,0
cust_3741,8,87,1904.03,238.0,36,7.43,10,4,14,2,0,3,3,182.2,1,0,0,0.0,0.0,0.375,0.0,0.083,1.75,0
cust_3742,9,120,2328.97,258.77,59,0.55,19,18,19,1,0,0,5,305.29,0,1,1,280.14,280.14,0.556,0.2,0.0,2.111,1
cust_3743,9,61,822.86,91.43,37,11.11,22,8,26,2,1,0,4,280.04,2,0,0,0.0,0.0,0.444,0.0,0.0,2.889,1
cust_3744,6,63,303.83,50.64,38,11.58,13,5,16,2,0,1,2,215.79,1,1,0,0.0,0.0,0.333,0.5,0.026,2.667,0
cust_3745,2,18,515.81,257.91,10,11.73,4,3,5,4,0,0,1,47.27,2,1,2,198.2,99.1,0.5,1.0,0.0,2.5,0
cust_3746,5,63,727.47,145.49,39,0.96,12,1,12,2,0,2,2,264.09,2,1,1,77.78,77.78,0.4,0.5,0.051,2.4,1
cust_3747,5,58,595.9,119.18,27,3.57,6,5,6,2,0,0,1,154.18,2,1,1,239.03,239.03,0.2,1.0,0.0,1.2,1
cust_3748,6,74,1599.72,266.62,43,4.64,19,9,23,2,0,0,0,0.0,1,0,2,174.09,87.04,0.0,0.0,0.0,3.833,0
cust_3749,4,28,524.65,131.16,16,17.52,6,6,8,0,0,2,3,547.95,0,0,0,0.0,0.0,0.75,0.0,0.125,2.0,1
cust_3750,1,11,110.69,110.69,6,39.46,1,1,1,2,0,1,0,0.0,2,0,0,0.0,0.0,0.0,0.0,0.167,1.0,0
cust_3751,6,63,850.73,141.79,36,5.36,19,17,22,2,0,1,4,420.84,0,1,0,0.0,0.0,0.667,0.25,0.028,3.667,1
cust_3752,4,36,116.53,29.13,16,8.08,6,6,10,2,0,1,3,269.44,0,2,1,211.79,211.79,0.75,0.667,0.062,2.5,1
cust_3753,18,146,2599.72,144.43,98,0.07,32,6,32,1,0,1,2,213.33,1,1,1,64.18,64.18,0.111,0.5,0.01,1.778,1
cust_3754,11,84,3576.08,325.1,58,0.09,29,7,31,0,0,2,3,188.3,0,0,0,0.0,0.0,0.273,0.0,0.034,2.818,1
cust_3755,1,4,156.76,156.76,2,0.77,0,0,0,0,2,0,1,100.44,2,0,0,0.0,0.0,1.0,0.0,0.0,0.0,0
cust_3756,7,41,865.97,123.71,21,12.71,8,1,12,0,0,2,0,0.0,0,0,0,0.0,0.0,0.0,0.0,0.095,1.714,0
cust_3757,6,27,1622.8,270.47,15,1.96,6,4,8,2,0,3,0,0.0,0,0,0,0.0,0.0,0.0,0.0,0.2,1.333,0
cust_3758,6,79,1124.38,187.4,34,14.18,17,11,18,0,1,2,0,0.0,1,0,0,0.0,0.0,0.0,0.0,0.059,3.0,0
cust_3759,10,134,2385.87,238.59,68,5.65,23,10,23,0,0,1,4,579.1,0,1,0,0.0,0.0,0.4,0.25,0.015,2.3,1
cust_3760,3,39,410.8,136.93,27,18.97,14,13,16,1,0,0,2,203.94,3,1,0,0.0,0.0,0.667,0.5,0.0,5.333,0
cust_3761,9,116,632.44,70.27,65,20.43,31,13,34,0,1,2,0,0.0,1,0,0,0.0,0.0,0.0,0.0,0.031,3.778,1
cust_3762,5,32,796.06,159.21,18,21.19,9,6,13,1,1,1,3,615.58,0,0,0,0.0,0.0,0.6,0.0,0.056,2.6,1
cust_3763,6,56,1710.45,285.07,38,7.84,22,6,24,1,0,1,1,55.59,0,1,1,104.97,104.97,0.167,1.0,0.026,4.0,1
cust_3764,3,41,756.57,252.19,27,15.54,14,2,18,2,0,0,2,825.84,2,3,0,0.0,0.0,0.667,1.5,0.0,6.0,1
cust_3765,14,173,644.44,46.03,98,10.84,33,12,34,2,0,2,0,0.0,0,0,1,77.13,77.13,0.0,0.0,0.02,2.429,1
cust_3766,6,24,1315.39,219.23,11,2.07,5,2,9,1,0,1,2,156.29,0,0,2,517.6,258.8,0.333,0.0,0.091,1.5,1
cust_3767,14,126,2447.93,174.85,54,4.8,29,6,30,3,2,0,2,98.38,1,0,0,0.0,0.0,0.143,0.0,0.0,2.143,1
cust_3768,7,28,937.19,133.88,18,32.8,7,7,7,0,0,1,2,146.09,2,1,1,71.23,71.23,0.286,0.5,0.056,1.0,0
cust_3769,10,70,607.45,60.74,47,14.81,22,3,22,5,0,0,4,450.77,0,3,0,0.0,0.0,0.4,0.75,0.0,2.2,1
cust_3770,2,17,470.86,235.43,9,3.05,2,2,2,1,0,0,1,99.09,1,0,0,0.0,0.0,0.5,0.0,0.0,1.0,0
cust_3771,4,55,446.44,111.61,23,3.3,12,11,15,0,0,1,3,200.81,0,1,0,0.0,0.0,0.75,0.333,0.043,3.75,1
cust_3772,7,78,420.65,60.09,45,2.93,22,9,22,3,1,0,2,379.93,1,0,0,0.0,0.0,0.286,0.0,0.0,3.143,1
cust_3773,2,15,283.81,141.91,7,3.99,3,2,6,0,0,1,2,138.11,2,1,3,905.28,301.76,1.0,0.5,0.143,3.0,1
cust_3774,8,75,432.27,54.03,33,26.35,15,11,18,1,0,0,2,191.85,1,2,1,516.96,516.96,0.25,1.0,0.0,2.25,1
cust_3775,13,168,1869.22,143.79,113,5.68,62,6,63,3,0,0,1,97.88,0,1,0,0.0,0.0,0.077,1.0,0.0,4.846,1
cust_3776,15,109,1309.09,87.27,51,4.53,13,3,13,0,0,1,2,185.48,0,1,0,0.0,0.0,0.133,0.5,0.02,0.867,0
cust_3777,12,129,3527.26,293.94,79,2.73,41,15,44,0,1,1,2,191.75,1,1,0,0.0,0.0,0.167,0.5,0.013,3.667,1
cust_3778,6,41,824.16,137.36,21,22.29,12,9,16,2,1,0,2,269.06,1,1,0,0.0,0.0,0.333,0.5,0.0,2.667,0
cust_3779,10,92,1973.55,197.35,59,31.55,31,14,32,0,0,0,0,0.0,1,0,1,122.25,122.25,0.0,0.0,0.0,3.2,0
cust_3780,1,4,284.95,284.95,2,3.91,0,0,0,1,0,4,1,120.89,0,0,0,0.0,0.0,1.0,0.0,2.0,0.0,0
cust_3781,6,80,986.89,164.48,34,9.59,19,12,22,2,1,1,0,0.0,1,0,0,0.0,0.0,0.0,0.0,0.029,3.667,0
cust_3782,4,18,808.85,202.21,9,31.8,2,1,5,0,0,1,5,556.91,2,3,0,0.0,0.0,1.25,0.6,0.111,1.25,1
cust_3783,8,51,4383.52,547.94,24,6.92,4,1,5,0,0,1,4,202.6,1,0,0,0.0,0.0,0.5,0.0,0.042,0.625,0
cust_3784,8,61,1793.61,224.2,37,6.32,21,12,22,2,0,0,1,71.24,1,1,1,247.93,247.93,0.125,1.0,0.0,2.75,1
cust_3785,4,43,809.4,202.35,24,7.5,11,1,12,2,0,0,3,354.89,0,0,0,0.0,0.0,0.75,0.0,0.0,3.0,0
cust_3786,4,47,260.06,65.01,23,0.34,5,2,5,4,2,1,1,75.08,2,0,0,0.0,0.0,0.25,0.0,0.043,1.25,0
cust_3787,2,9,305.23,152.61,4,3.57,1,1,4,4,0,1,5,275.11,0,0,0,0.0,0.0,2.5,0.0,0.25,2.0,0
cust_3788,1,4,458.17,458.17,1,12.01,0,0,4,0,0,2,1,72.54,0,0,0,0.0,0.0,1.0,0.0,2.0,4.0,0
cust_3789,1,12,197.62,197.62,5,34.03,2,1,6,0,0,0,0,0.0,1,0,0,0.0,0.0,0.0,0.0,0.0,6.0,0
cust_3790,2,23,342.68,171.34,14,8.41,3,3,7,1,0,1,2,69.0,4,1,1,62.4,62.4,1.0,0.5,0.071,3.5,1
cust_3791,3,39,399.56,133.19,22,2.11,8,2,9,2,0,0,2,97.58,1,1,0,0.0,0.0,0.667,0.5,0.0,3.0,0
cust_3792,5,57,453.91,90.78,28,5.57,14,2,15,4,0,0,2,170.58,0,0,1,358.34,358.34,0.4,0.0,0.0,3.0,0
cust_3793,5,61,408.21,81.64,39,6.73,22,9,23,2,0,1,0,0.0,2,0,0,0.0,0.0,0.0,0.0,0.026,4.6,0
cust_3794,7,57,1068.0,152.57,31,1.65,13,3,13,0,0,0,2,294.59,1,1,1,174.69,174.69,0.286,0.5,0.0,1.857,1
cust_3795,4,41,786.38,196.6,26,3.99,11,10,14,0,0,1,1,105.99,2,2,0,0.0,0.0,0.25,2.0,0.038,3.5,1
cust_3796,15,192,1285.17,85.68,121,5.89,46,11,50,2,0,0,1,46.46,0,0,0,0.0,0.0,0.067,0.0,0.0,3.333,1
cust_3797,1,5,83.71,83.71,3,3.04,1,1,4,2,0,1,3,362.18,0,0,1,242.8,242.8,3.0,0.0,0.333,4.0,1
cust_3798,7,60,351.48,50.21,39,4.37,9,4,13,1,0,0,3,201.42,2,1,0,0.0,0.0,0.429,0.333,0.0,1.857,1
cust_3799,8,97,1598.44,199.8,58,3.23,19,16,22,2,0,2,1,164.88,1,3,0,0.0,0.0,0.125,3.0,0.034,2.75,1
cust_3800,9,88,1593.48,177.05,54,9.49,21,15,22,2,0,0,1,94.62,2,0,0,0.0,0.0,0.111,0.0,0.0,2.444,1
cust_3801,3,34,660.95,220.32,21,8.64,6,6,6,0,2,1,2,81.56,3,0,1,106.57,106.57,0.667,0.0,0.048,2.0,0
cust_3802,15,108,838.48,55.9,48,8.02,16,10,20,1,1,2,0,0.0,1,0,1,67.28,67.28,0.0,0.0,0.042,1.333,0
cust_3803,4,17,321.19,80.3,8,1.02,4,1,6,2,0,2,0,0.0,2,0,0,0.0,0.0,0.0,0.0,0.25,1.5,0
cust_3804,6,25,105.44,17.57,10,2.03,2,1,6,2,0,1,0,0.0,1,0,0,0.0,0.0,0.0,0.0,0.1,1.0,0
cust_3805,10,143,750.41,75.04,65,1.17,20,14,20,1,0,1,2,615.07,0,1,2,222.66,111.33,0.2,0.5,0.015,2.0,1
cust_3806,10,143,828.63,82.86,90,0.65,39,19,42,1,0,0,1,187.57,1,0,0,0.0,0.0,0.1,0.0,0.0,4.2,1
cust_3807,6,37,1397.02,232.84,25,2.83,7,3,11,0,0,0,4,472.73,0,1,1,117.02,117.02,0.667,0.25,0.0,1.833,1
cust_3808,5,28,1227.43,245.49,16,2.16,7,6,10,2,0,1,2,146.19,1,0,2,363.4,181.7,0.4,0.0,0.062,2.0,0
cust_3809,3,12,344.38,114.79,7,12.91,2,1,3,2,0,1,1,218.46,1,1,1,86.66,86.66,0.333,1.0,0.143,1.0,0
cust_3810,9,58,4444.61,493.85,28,11.9,12,11,12,2,0,0,1,193.35,1,0,1,145.13,145.13,0.111,0.0,0.0,1.333,0
cust_3811,1,7,267.72,267.72,4,2.25,2,1,2,2,0,0,1,133.25,1,0,1,100.23,100.23,1.0,0.0,0.0,2.0,0
cust_3812,21,139,2867.14,136.53,69,1.81,31,5,35,0,1,3,1,111.28,0,2,0,0.0,0.0,0.048,2.0,0.043,1.667,1
cust_3813,7,89,850.35,121.48,59,1.57,12,9,15,2,0,0,1,115.2,0,3,0,0.0,0.0,0.143,3.0,0.0,2.143,1
cust_3814,10,122,1334.59,133.46,78,3.86,40,6,42,1,0,3,1,162.57,1,1,0,0.0,0.0,0.1,1.0,0.038,4.2,1
cust_3815,6,29,163.99,27.33,20,3.48,5,5,8,1,0,1,2,207.34,0,3,2,608.96,304.48,0.333,1.5,0.05,1.333,1
cust_3816,36,420,2848.19,79.12,272,0.29,123,12,126,2,0,1,1,106.0,1,0,1,206.15,206.15,0.028,0.0,0.004,3.5,1
cust_3817,11,106,3932.06,357.46,55,8.39,25,7,28,0,0,2,4,493.95,0,2,0,0.0,0.0,0.364,0.5,0.036,2.545,1
cust_3818,3,16,418.02,139.34,6,22.83,3,3,6,3,0,1,3,402.59,3,1,0,0.0,0.0,1.0,0.333,0.167,2.0,1
cust_3819,10,121,1478.4,147.84,80,7.74,32,10,35,0,0,0,0,0.0,1,0,0,0.0,0.0,0.0,0.0,0.0,3.5,0
cust_3820,7,34,1397.72,199.67,19,0.66,6,1,10,1,1,0,1,119.14,2,0,1,148.03,148.03,0.143,0.0,0.0,1.429,0
cust_3821,11,65,2245.62,204.15,42,9.15,17,13,21,0,0,1,1,106.89,0,1,1,146.82,146.82,0.091,1.0,0.024,1.909,1
cust_3822,3,16,948.72,316.24,8,6.64,3,1,5,0,0,1,1,79.1,0,1,0,0.0,0.0,0.333,1.0,0.125,1.667,0
cust_3823,4,57,1211.39,302.85,23,23.74,12,9,12,3,0,1,1,51.97,0,2,0,0.0,0.0,0.25,2.0,0.043,3.0,0
cust_3824,1,11,145.38,145.38,4,4.51,1,1,1,0,0,0,0,0.0,2,0,0,0.0,0.0,0.0,0.0,0.0,1.0,0
cust_3825,1,8,315.63,315.63,4,13.94,2,2,4,3,0,0,0,0.0,2,0,0,0.0,0.0,0.0,0.0,0.0,4.0,0
cust_3826,6,78,1139.45,189.91,33,0.39,11,8,14,1,0,0,3,116.01,5,0,0,0.0,0.0,0.5,0.0,0.0,2.333,0
cust_3827,8,51,1007.33,125.92,31,12.78,15,4,16,0,1,0,2,582.19,0,0,1,157.85,157.85,0.25,0.0,0.0,2.0,1
cust_3828,5,71,1168.16,233.63,37,0.42,12,10,16,0,1,1,1,40.66,1,0,0,0.0,0.0,0.2,0.0,0.027,3.2,0
cust_3829,2,23,499.5,249.75,13,4.23,6,1,8,1,0,0,0,0.0,0,0,0,0.0,0.0,0.0,0.0,0.0,4.0,0
cust_3830,4,40,734.84,183.71,25,29.58,12,6,12,1,0,0,3,226.05,0,2,1,78.39,78.39,0.75,0.667,0.0,3.0,1
cust_3831,7,89,1309.7,187.1,42,12.15,17,7,20,3,0,2,2,196.26,1,2,1,179.89,179.89,0.286,1.0,0.048,2.857,1
cust_3832,4,44,1545.53,386.38,23,25.91,10,10,13,0,0,0,1,143.56,1,0,1,197.92,197.92,0.25,0.0,0.0,3.25,0
cust_3833,8,110,1444.81,180.6,68,6.85,32,10,35,6,0,1,1,214.15,0,2,0,0.0,0.0,0.125,2.0,0.015,4.375,1
cust_3834,12,157,1509.55,125.8,106,9.32,50,8,51,5,0,0,0,0.0,1,0,0,0.0,0.0,0.0,0.0,0.0,4.25,1
cust_3835,4,24,350.87,87.72,11,7.29,5,1,7,0,0,1,2,217.44,0,3,2,609.58,304.79,0.5,1.5,0.091,1.75,1
cust_3836,7,46,946.62,135.23,26,6.52,14,4,18,2,0,0,4,610.62,0,0,0,0.0,0.0,0.571,0.0,0.0,2.571,1
cust_3837,2,9,169.8,84.9,6,8.63,1,1,5,2,0,1,0,0.0,1,0,0,0.0,0.0,0.0,0.0,0.167,2.5,0
cust_3838,7,44,787.07,112.44,26,0.4,7,6,11,1,0,0,2,166.77,0,3,1,244.33,244.33,0.286,1.5,0.0,1.571,1
cust_3839,10,77,916.75,91.67,51,2.05,30,19,33,0,1,2,1,87.75,1,2,1,173.41,173.41,0.1,2.0,0.039,3.3,1
cust_3840,8,34,1208.0,151.0,23,2.42,12,5,12,2,0,0,1,122.38,0,2,1,110.18,110.18,0.125,2.0,0.0,1.5,1
cust_3841,2,14,381.66,190.83,9,4.83,3,1,6,1,1,0,1,105.43,1,0,0,0.0,0.0,0.5,0.0,0.0,3.0,0
cust_3842,6,74,924.57,154.1,46,5.7,9,2,12,2,0,0,3,239.8,1,2,1,173.45,173.45,0.5,0.667,0.0,2.0,1
cust_3843,2,26,392.36,196.18,14,13.46,7,6,8,1,0,1,0,0.0,2,0,0,0.0,0.0,0.0,0.0,0.071,4.0,0
cust_3844,6,24,461.52,76.92,10,1.81,5,3,8,0,1,0,0,0.0,0,0,1,182.35,182.35,0.0,0.0,0.0,1.333,0
cust_3845,3,12,254.49,84.83,5,8.44,2,1,5,2,0,1,0,0.0,2,0,2,492.14,246.07,0.0,0.0,0.2,1.667,0
cust_3846,3,16,209.44,69.81,7,3.18,1,1,2,0,0,2,1,25.92,1,3,0,0.0,0.0,0.333,3.0,0.286,0.667,1
cust_3847,3,40,511.96,170.65,16,7.25,3,3,6,1,0,0,1,265.75,2,1,1,271.31,271.31,0.333,1.0,0.0,2.0,1
cust_3848,6,54,1729.14,288.19,23,9.85,9,8,11,0,0,1,1,64.38,1,2,0,0.0,0.0,0.167,2.0,0.043,1.833,1
cust_3849,9,133,664.46,73.83,64,8.73,34,10,36,1,0,3,0,0.0,0,0,0,0.0,0.0,0.0,0.0,0.047,4.0,1
cust_3850,4,55,774.38,193.59,23,2.43,13,13,15,5,0,1,1,35.84,1,1,1,204.53,204.53,0.25,1.0,0.043,3.75,1
cust_3851,1,13,177.11,177.11,5,12.36,1,1,2,2,0,0,1,92.12,4,0,0,0.0,0.0,1.0,0.0,0.0,2.0,0
cust_3852,14,75,5137.34,366.95,31,10.61,6,3,10,0,0,1,1,102.92,2,1,0,0.0,0.0,0.071,1.0,0.032,0.714,0
cust_3853,3,27,832.22,277.41,14,26.88,3,1,5,2,0,0,2,121.46,0,2,1,63.49,63.49,0.667,1.0,0.0,1.667,1
cust_3854,2,29,336.78,168.39,18,10.06,9,2,9,1,0,0,3,492.41,0,1,0,0.0,0.0,1.5,0.333,0.0,4.5,1
cust_3855,4,22,2203.59,550.9,14,12.74,5,3,5,1,0,0,3,302.47,1,0,0,0.0,0.0,0.75,0.0,0.0,1.25,0
cust_3856,7,72,1078.21,154.03,48,16.66,25,18,28,2,0,2,0,0.0,5,0,1,46.06,46.06,0.0,0.0,0.042,4.0,1
cust_3857,4,31,709.65,177.41,19,1.12,7,3,11,0,0,0,1,93.84,0,1,0,0.0,0.0,0.25,1.0,0.0,2.75,1
cust_3858,5,41,1507.1,301.42,19,11.92,4,3,7,1,0,0,1,154.72,2,3,0,0.0,0.0,0.2,3.0,0.0,1.4,1
cust_3859,4,55,654.25,163.56,33,3.84,14,5,16,0,0,0,1,38.6,1,1,1,147.0,147.0,0.25,1.0,0.0,4.0,1
cust_3860,5,52,878.48,175.7,32,17.32,11,11,11,1,1,2,2,235.22,1,1,1,201.77,201.77,0.4,0.5,0.062,2.2,1
cust_3861,2,24,215.36,107.68,13,6.54,5,3,6,0,0,0,1,87.02,2,1,1,62.74,62.74,0.5,1.0,0.0,3.0,0
cust_3862,4,45,520.74,130.19,28,8.69,16,12,20,0,0,0,1,59.72,1,1,2,365.48,182.74,0.25,1.0,0.0,5.0,1
cust_3863,17,166,8266.68,486.28,69,3.02,26,11,29,3,0,2,4,703.06,2,1,1,38.47,38.47,0.235,0.25,0.029,1.706,1
cust_3864,10,127,1595.15,159.52,73,10.51,37,2,37,0,1,0,1,51.6,0,3,0,0.0,0.0,0.1,3.0,0.0,3.7,1
cust_3865,4,58,620.77,155.19,31,0.36,6,1,8,1,1,1,2,114.56,1,0,0,0.0,0.0,0.5,0.0,0.032,2.0,0
cust_3866,15,219,1954.94,130.33,140,13.81,54,9,56,1,1,0,2,531.94,0,1,1,106.52,106.52,0.133,0.5,0.0,3.733,1
cust_3867,2,25,121.96,60.98,10,1.78,4,4,8,1,0,1,2,591.1,1,0,2,219.44,109.72,1.0,0.0,0.1,4.0,1
cust_3868,9,84,1101.46,122.38,38,2.58,9,1,12,0,1,0,1,58.61,2,1,0,0.0,0.0,0.111,1.0,0.0,1.333,0
cust_3869,9,52,379.17,42.13,29,0.01,9,8,11,3,0,0,0,0.0,1,0,1,70.65,70.65,0.0,0.0,0.0,1.222,0
cust_3870,14,62,929.87,66.42,42,3.76,20,8,20,1,0,1,1,128.87,2,0,0,0.0,0.0,0.071,0.0,0.024,1.429,1
cust_3871,1,6,166.76,166.76,2,4.91,0,0,3,1,0,1,0,0.0,0,0,0,0.0,0.0,0.0,0.0,0.5,3.0,0
cust_3872,3,23,868.84,289.61,14,2.67,3,1,3,0,0,0,2,119.91,1,1,1,206.43,206.43,0.667,0.5,0.0,1.0,0
cust_3873,8,43,1285.44,160.68,19,2.62,6,6,8,1,0,0,2,160.3,0,1,0,0.0,0.0,0.25,0.5,0.0,1.0,0
cust_3874,6,38,1333.03,222.17,16,22.35,8,2,8,0,1,2,0,0.0,0,0,0,0.0,0.0,0.0,0.0,0.125,1.333,0
cust_3875,3,14,272.46,90.82,7,3.95,3,2,5,3,0,0,1,32.61,0,2,0,0.0,0.0,0.333,2.0,0.0,1.667,0
cust_3876,6,58,426.31,71.05,33,12.81,16,2,17,1,0,1,0,0.0,1,0,0,0.0,0.0,0.0,0.0,0.03,2.833,0
cust_3877,3,16,227.92,75.97,10,2.71,3,1,6,2,0,1,4,910.67,2,1,2,182.29,91.14,1.333,0.25,0.1,2.0,1
cust_3878,6,73,660.67,110.11,43,16.56,10,7,10,2,0,1,1,77.04,0,1,0,0.0,0.0,0.167,1.0,0.023,1.667,0
cust_3879,12,91,787.74,65.64,49,11.32,10,3,13,1,1,1,0,0.0,1,0,1,148.02,148.02,0.0,0.0,0.02,1.083,0
cust_3880,8,91,713.39,89.17,44,14.11,19,19,19,1,0,0,2,70.5,1,0,0,0.0,0.0,0.25,0.0,0.0,2.375,0
cust_3881,3,41,65.83,21.94,19,5.79,9,2,11,0,0,0,2,278.57,3,0,0,0.0,0.0,0.667,0.0,0.0,3.667,0
cust_3882,5,24,628.27,125.65,15,21.17,5,4,7,2,0,0,0,0.0,2,0,1,280.51,280.51,0.0,0.0,0.0,1.4,0
cust_3883,4,59,498.26,124.56,25,4.68,10,10,11,1,0,0,1,40.19,0,0,0,0.0,0.0,0.25,0.0,0.0,2.75,0
cust_3884,5,55,504.91,100.98,24,9.19,7,1,7,1,0,1,1,126.95,2,2,0,0.0,0.0,0.2,2.0,0.042,1.4,1
cust_3885,1,4,189.1,189.1,2,10.22,0,0,1,2,0,0,0,0.0,2,0,1,248.12,248.12,0.0,0.0,0.0,1.0,0
cust_3886,1,7,366.97,366.97,4,30.42,1,1,1,1,0,0,2,145.01,1,0,0,0.0,0.0,2.0,0.0,0.0,1.0,0
cust_3887,10,137,2907.92,290.79,59,1.44,28,1,29,2,1,1,1,174.47,2,3,0,0.0,0.0,0.1,3.0,0.017,2.9,1
cust_3888,13,137,1461.73,112.44,79,1.46,16,12,19,1,0,0,1,170.79,1,0,1,74.48,74.48,0.077,0.0,0.0,1.462,1
cust_3889,2,14,295.82,147.91,6,6.2,3,2,5,1,0,0,1,52.45,0,0,0,0.0,0.0,0.5,0.0,0.0,2.5,0
cust_3890,3,43,363.67,121.22,17,25.0,5,3,5,3,0,1,2,449.0,0,2,2,391.5,195.75,0.667,1.0,0.059,1.667,1
cust_3891,6,75,1586.83,264.47,48,0.22,27,10,31,1,0,0,0,0.0,3,0,0,0.0,0.0,0.0,0.0,0.0,5.167,1
cust_3892,2,24,357.47,178.73,13,3.23,5,4,9,1,0,0,2,188.58,0,1,0,0.0,0.0,1.0,0.5,0.0,4.5,0
cust_3893,2,27,348.01,174.0,10,3.33,3,2,5,3,0,0,2,509.27,1,2,1,129.89,129.89,1.0,1.0,0.0,2.5,1
cust_3894,9,112,1131.2,125.69,74,3.64,28,8,32,0,0,0,0,0.0,1,0,0,0.0,0.0,0.0,0.0,0.0,3.556,0
cust_3895,14,100,3637.63,259.83,56,0.25,31,7,35,0,0,0,3,218.28,2,0,1,111.19,111.19,0.214,0.0,0.0,2.5,1
cust_3896,10,104,1019.1,101.91,64,17.46,18,1,22,2,0,0,0,0.0,1,0,0,0.0,0.0,0.0,0.0,0.0,2.2,0
cust_3897,2,26,119.77,59.88,13,0.09,5,1,6,0,1,1,1,66.0,3,0,1,182.88,182.88,0.5,0.0,0.077,3.0,0
cust_3898,9,53,1381.17,153.46,24,6.5,7,5,8,3,0,0,2,136.0,1,1,0,0.0,0.0,0.222,0.5,0.0,0.889,0
cust_3899,2,11,381.94,190.97,5,0.58,2,1,2,0,0,3,1,134.32,2,0,0,0.0,0.0,0.5,0.0,0.6,1.0,0
cust_3900,7,40,1550.42,221.49,19,16.03,5,4,6,0,0,1,2,230.25,0,0,0,0.0,0.0,0.286,0.0,0.053,0.857,0
cust_3901,1,6,171.27,171.27,2,13.73,0,0,3,0,0,1,1,181.78,1,2,1,71.44,71.44,1.0,2.0,0.5,3.0,1
cust_3902,10,51,1630.14,163.01,30,12.78,11,5,11,3,0,0,1,136.69,0,2,0,0.0,0.0,0.1,2.0,0.0,1.1,0
cust_3903,3,39,290.57,96.86,16,13.33,7,5,11,2,0,0,0,0.0,4,0,1,138.74,138.74,0.0,0.0,0.0,3.667,0
cust_3904,3,39,570.85,190.28,20,28.17,5,1,9,0,0,1,2,367.92,0,1,2,348.79,174.4,0.667,0.5,0.05,3.0,1
cust_3905,3,16,345.2,115.07,9,5.39,3,3,5,1,0,1,1,87.64,3,0,0,0.0,0.0,0.333,0.0,0.111,1.667,0
cust_3906,5,58,702.99,140.6,35,19.77,8,1,8,0,0,0,3,152.35,2,0,0,0.0,0.0,0.6,0.0,0.0,1.6,0
cust_3907,1,10,300.69,300.69,5,2.04,2,2,6,0,0,2,0,0.0,0,0,0,0.0,0.0,0.0,0.0,0.4,6.0,0
cust_3908,4,28,827.6,206.9,18,6.0,5,3,6,1,0,0,1,124.13,0,0,1,80.54,80.54,0.25,0.0,0.0,1.5,0
cust_3909,4,26,517.45,129.36,18,0.09,10,8,14,0,0,0,2,322.69,1,0,0,0.0,0.0,0.5,0.0,0.0,3.5,0
cust_3910,9,60,730.3,81.14,40,3.34,14,4,18,0,0,1,2,311.1,0,0,0,0.0,0.0,0.222,0.0,0.025,2.0,1
cust_3911,5,60,354.25,70.85,37,6.13,8,4,10,0,0,0,2,253.75,0,2,1,144.93,144.93,0.4,1.0,0.0,2.0,1
cust_3912,4,30,877.36,219.34,18,24.0,3,1,7,0,0,1,1,45.5,0,1,0,0.0,0.0,0.25,1.0,0.056,1.75,0
cust_3913,3,21,369.24,123.08,8,3.81,3,2,6,1,0,1,2,338.21,0,1,1,202.46,202.46,0.667,0.5,0.125,2.0,1
cust_3914,2,8,341.25,170.63,4,11.16,1,1,4,0,0,2,0,0.0,0,0,0,0.0,0.0,0.0,0.0,0.5,2.0,0
cust_3915,1,13,59.43,59.43,7,17.96,2,1,6,0,0,2,2,291.25,0,2,0,0.0,0.0,2.0,1.0,0.286,6.0,1
cust_3916,3,36,594.2,198.07,18,3.95,4,3,8,0,1,0,2,256.15,1,1,0,0.0,0.0,0.667,0.5,0.0,2.667,1
cust_3917,4,36,164.0,41.0,18,1.85,5,5,8,2,0,4,0,0.0,0,0,1,103.96,103.96,0.0,0.0,0.222,2.0,0
cust_3918,3,43,328.53,109.51,24,8.95,8,5,9,1,1,0,3,187.55,0,2,1,121.7,121.7,1.0,0.667,0.0,3.0,1
cust_3919,4,28,755.12,188.78,18,3.35,8,2,8,0,0,2,3,685.05,0,0,0,0.0,0.0,0.75,0.0,0.111,2.0,1
cust_3920,2,22,248.96,124.48,10,10.57,3,1,6,1,0,0,2,146.54,1,2,0,0.0,0.0,1.0,1.0,0.0,3.0,1
cust_3921,8,58,1147.43,143.43,30,1.45,12,3,14,2,0,1,1,40.47,0,1,0,0.0,0.0,0.125,1.0,0.033,1.75,1
cust_3922,4,29,572.15,143.04,17,1.64,5,1,8,0,0,0,3,245.12,0,0,0,0.0,0.0,0.75,0.0,0.0,2.0,0
cust_3923,22,292,5657.5,257.16,133,11.27,65,18,65,2,0,0,0,0.0,1,0,0,0.0,0.0,0.0,0.0,0.0,2.955,1
cust_3924,6,75,659.15,109.86,48,36.33,10,8,13,0,0,1,1,94.36,0,1,1,419.22,419.22,0.167,1.0,0.021,2.167,0
cust_3925,2,14,252.35,126.18,8,2.84,4,4,4,1,0,0,2,304.48,1,1,2,253.12,126.56,1.0,0.5,0.0,2.0,1
cust_3926,3,14,128.29,42.76,7,12.51,3,1,4,0,1,0,2,193.01,1,1,0,0.0,0.0,0.667,0.5,0.0,1.333,0
cust_3927,13,103,542.68,41.74,63,7.59,16,2,17,1,0,0,3,204.25,1,2,2,419.62,209.81,0.231,0.667,0.0,1.308,1
cust_3928,2,24,165.41,82.71,11,18.57,5,2,9,0,0,0,2,154.34,2,2,0,0.0,0.0,1.0,1.0,0.0,4.5,1
cust_3929,1,5,45.74,45.74,3,4.92,1,1,2,0,1,1,3,75.37,0,0,0,0.0,0.0,3.0,0.0,0.333,2.0,0
cust_3930,6,68,2124.27,354.05,28,35.65,14,5,17,1,0,1,1,78.73,0,0,0,0.0,0.0,0.167,0.0,0.036,2.833,0
cust_3931,1,13,234.07,234.07,6,0.86,1,1,3,1,0,2,1,43.5,0,1,1,116.41,116.41,1.0,1.0,0.333,3.0,0
cust_3932,11,65,4717.58,428.87,31,41.76,18,14,21,1,0,2,1,137.44,0,1,1,106.52,106.52,0.091,1.0,0.065,1.909,0
cust_3933,3,40,556.79,185.6,25,18.72,5,1,6,2,0,1,1,50.11,0,1,0,0.0,0.0,0.333,1.0,0.04,2.0,0
cust_3934,1,4,87.78,87.78,2,20.13,0,0,2,4,1,3,2,101.15,0,3,0,0.0,0.0,2.0,1.5,1.5,2.0,1
cust_3935,5,56,656.51,131.3,36,18.48,8,4,9,1,0,0,1,138.32,0,0,0,0.0,0.0,0.2,0.0,0.0,1.8,0
cust_3936,5,63,705.24,141.05,37,19.8,13,13,13,3,0,0,0,0.0,0,0,3,215.52,71.84,0.0,0.0,0.0,2.6,0
cust_3937,6,53,1501.6,250.27,33,16.88,7,3,10,2,1,1,2,270.75,1,1,1,178.44,178.44,0.333,0.5,0.03,1.667,1
cust_3938,3,18,492.48,164.16,9,22.98,4,4,6,0,1,1,5,385.08,1,0,0,0.0,0.0,1.667,0.0,0.111,2.0,0
cust_3939,6,85,535.34,89.22,51,6.18,11,1,15,3,0,2,1,144.41,2,2,0,0.0,0.0,0.167,2.0,0.039,2.5,1
cust_3940,9,37,1135.84,126.2,15,28.02,6,6,8,1,0,2,1,298.05,2,0,0,0.0,0.0,0.111,0.0,0.133,0.889,0
cust_3941,2,20,287.94,143.97,13,4.86,3,3,5,2,0,0,1,69.49,0,3,0,0.0,0.0,0.5,3.0,0.0,2.5,1
cust_3942,4,32,432.11,108.03,19,13.04,5,1,7,3,0,0,0,0.0,0,0,0,0.0,0.0,0.0,0.0,0.0,1.75,0
cust_3943,10,90,1067.1,106.71,59,12.39,19,6,23,0,0,2,0,0.0,0,0,2,185.34,92.67,0.0,0.0,0.034,2.3,0
cust_3944,3,29,480.12,160.04,18,17.2,8,7,10,0,0,1,2,475.09,0,1,0,0.0,0.0,0.667,0.5,0.056,3.333,1
cust_3945,5,49,450.71,90.14,23,13.41,9,7,12,2,0,1,2,298.93,2,1,1,116.69,116.69,0.4,0.5,0.043,2.4,1
cust_3946,6,37,510.37,85.06,17,0.36,8,7,10,2,0,0,0,0.0,1,0,0,0.0,0.0,0.0,0.0,0.0,1.667,0
cust_3947,6,68,958.9,159.82,43,13.44,24,9,25,0,1,1,0,0.0,0,0,1,270.21,270.21,0.0,0.0,0.023,4.167,0
cust_3948,5,21,507.82,101.56,9,0.24,2,2,4,0,0,0,0,0.0,0,0,0,0.0,0.0,0.0,0.0,0.0,0.8,0
cust_3949,4,16,821.73,205.43,6,7.62,2,2,4,1,0,1,1,157.81,0,0,0,0.0,0.0,0.25,0.0,0.167,1.0,0
cust_3950,1,9,135.01,135.01,3,18.26,0,0,4,1,0,0,3,283.29,1,1,2,337.6,168.8,3.0,0.333,0.0,4.0,1
cust_3951,5,49,848.15,169.63,23,17.69,9,6,9,3,0,1,0,0.0,0,0,0,0.0,0.0,0.0,0.0,0.043,1.8,0
cust_3952,2,14,440.21,220.1,6,18.41,1,1,5,0,0,0,1,39.43,1,0,1,64.06,64.06,0.5,0.0,0.0,2.5,0
cust_3953,1,10,100.89,100.89,6,9.22,2,2,6,1,0,1,1,43.3,1,0,2,236.59,118.3,1.0,0.0,0.167,6.0,0
cust_3954,1,9,230.05,230.05,4,2.03,2,1,4,1,0,1,1,87.56,1,2,0,0.0,0.0,1.0,2.0,0.25,4.0,0
cust_3955,2,15,636.31,318.15,7,7.09,2,1,2,2,0,0,1,111.73,1,0,1,92.69,92.69,0.5,0.0,0.0,1.0,0
cust_3956,3,33,834.15,278.05,19,7.26,10,3,14,4,0,0,3,273.68,0,2,1,156.75,156.75,1.0,0.667,0.0,4.667,1
cust_3957,2,29,247.78,123.89,12,3.93,5,4,6,4,0,0,2,305.43,0,0,0,0.0,0.0,1.0,0.0,0.0,3.0,0
cust_3958,1,9,152.77,152.77,5,5.52,2,1,2,1,0,0,3,412.67,0,0,0,0.0,0.0,3.0,0.0,0.0,2.0,0
cust_3959,3,37,722.29,240.76,20,20.57,11,3,15,0,0,0,1,115.9,1,3,1,201.68,201.68,0.333,3.0,0.0,5.0,1
cust_3960,2,13,263.53,131.77,5,7.3,2,2,4,3,1,2,1,190.45,1,1,1,196.43,196.43,0.5,1.0,0.4,2.0,0
cust_3961,2,24,508.48,254.24,11,12.2,5,2,6,0,0,1,5,581.68,2,0,0,0.0,0.0,2.5,0.0,0.091,3.0,1
cust_3962,4,44,1391.91,347.98,27,6.85,10,9,10,0,1,0,3,150.63,3,0,0,0.0,0.0,0.75,0.0,0.0,2.5,0
cust_3963,1,11,83.27,83.27,5,9.61,2,1,3,1,0,1,0,0.0,0,0,0,0.0,0.0,0.0,0.0,0.2,3.0,0
cust_3964,3,41,88.1,29.37,28,0.97,6,1,9,2,0,1,1,97.88,1,2,0,0.0,0.0,0.333,2.0,0.036,3.0,1
cust_3965,1,6,100.84,100.84,4,26.79,2,2,6,1,0,3,2,80.28,2,0,0,0.0,0.0,2.0,0.0,0.75,6.0,0
cust_3966,14,112,2649.03,189.22,70,5.73,39,15,41,3,1,0,0,0.0,0,0,1,170.28,170.28,0.0,0.0,0.0,2.929,1
cust_3967,4,19,348.19,87.05,8,13.8,4,1,7,0,2,2,0,0.0,0,0,1,85.38,85.38,0.0,0.0,0.25,1.75,0
cust_3968,3,35,395.9,131.97,17,11.0,5,4,7,0,0,0,0,0.0,2,0,0,0.0,0.0,0.0,0.0,0.0,2.333,0
cust_3969,4,53,445.46,111.36,25,16.06,7,2,11,0,0,0,1,55.32,0,2,0,0.0,0.0,0.25,2.0,0.0,2.75,0
cust_3970,6,50,409.47,68.24,22,0.35,7,1,10,1,0,2,0,0.0,0,0,2,81.96,40.98,0.0,0.0,0.091,1.667,0
cust_3971,7,55,598.43,85.49,38,27.39,20,4,20,0,0,1,0,0.0,1,0,0,0.0,0.0,0.0,0.0,0.026,2.857,0
cust_3972,7,78,1372.45,196.06,34,17.7,18,1,21,0,0,2,1,178.38,1,0,0,0.0,0.0,0.143,0.0,0.059,3.0,0
cust_3973,5,24,2892.0,578.4,11,17.94,3,1,3,1,0,0,1,52.77,1,0,0,0.0,0.0,0.2,0.0,0.0,0.6,0
cust_3974,3,21,528.96,176.32,13,6.29,5,5,5,0,0,0,0,0.0,0,0,1,85.07,85.07,0.0,0.0,0.0,1.667,0
cust_3975,4,32,484.32,121.08,14,15.91,5,4,7,0,0,2,0,0.0,1,0,1,202.38,202.38,0.0,0.0,0.143,1.75,0
cust_3976,6,58,1907.81,317.97,31,8.56,14,12,15,0,0,0,3,294.84,0,1,2,277.53,138.76,0.5,0.333,0.0,2.5,1
cust_3977,1,9,21.78,21.78,6,7.0,1,1,2,2,1,1,1,64.84,0,0,0,0.0,0.0,1.0,0.0,0.167,2.0,0
cust_3978,5,31,691.56,138.31,14,15.37,3,3,3,1,0,1,1,121.72,1,0,0,0.0,0.0,0.2,0.0,0.071,0.6,0
cust_3979,4,39,438.36,109.59,23,9.88,4,2,8,0,1,0,1,108.55,1,1,0,0.0,0.0,0.25,1.0,0.0,2.0,0
cust_3980,1,14,110.14,110.14,5,0.8,1,1,2,1,0,0,0,0.0,1,0,1,151.01,151.01,0.0,0.0,0.0,2.0,0
cust_3981,3,12,445.38,148.46,6,3.78,3,1,4,0,0,1,1,82.36,2,0,1,318.7,318.7,0.333,0.0,0.167,1.333,0
cust_3982,6,68,674.58,112.43,34,9.73,16,6,20,0,0,0,2,402.6,1,1,1,107.16,107.16,0.333,0.5,0.0,3.333,1
cust_3983,3,32,872.17,290.72,19,23.41,9,7,11,0,0,2,1,76.88,0,1,3,626.56,208.85,0.333,1.0,0.105,3.667,1
cust_3984,5,70,674.61,134.92,37,27.03,21,1,21,2,0,1,4,759.13,2,0,0,0.0,0.0,0.8,0.0,0.027,4.2,1
cust_3985,9,99,2083.39,231.49,48,18.26,17,7,20,1,0,1,2,133.82,1,2,0,0.0,0.0,0.222,1.0,0.021,2.222,1
cust_3986,6,65,1192.37,198.73,36,2.93,14,10,17,1,1,1,1,68.66,2,1,0,0.0,0.0,0.167,1.0,0.028,2.833,1
cust_3987,6,74,1777.95,296.33,32,6.41,11,6,11,2,0,0,2,35.58,1,1,0,0.0,0.0,0.333,0.5,0.0,1.833,0
cust_3988,7,48,671.78,95.97,30,5.68,8,2,10,2,0,0,3,156.48,0,1,0,0.0,0.0,0.429,0.333,0.0,1.429,0
cust_3989,5,52,602.17,120.43,32,5.77,16,8,19,2,1,3,1,79.96,2,1,1,78.98,78.98,0.2,1.0,0.094,3.8,1
cust_3990,5,48,1300.53,260.11,27,0.51,15,6,16,0,0,0,0,0.0,0,0,1,324.77,324.77,0.0,0.0,0.0,3.2,0
cust_3991,8,70,666.22,83.28,35,1.91,18,1,20,1,0,0,0,0.0,1,0,0,0.0,0.0,0.0,0.0,0.0,2.5,0
cust_3992,1,4,155.21,155.21,2,1.66,0,0,4,1,0,0,3,264.79,1,2,0,0.0,0.0,3.0,0.667,0.0,4.0,1
cust_3993,13,93,2089.92,160.76,54,9.6,17,13,17,3,0,1,1,71.88,0,0,3,587.49,195.83,0.077,0.0,0.019,1.308,0
cust_3994,8,56,1074.65,134.33,27,5.31,11,8,14,0,1,1,1,69.43,2,1,1,217.55,217.55,0.125,1.0,0.037,1.75,0
cust_3995,6,71,829.49,138.25,45,3.92,14,7,14,3,1,4,0,0.0,0,0,0,0.0,0.0,0.0,0.0,0.089,2.333,1
cust_3996,6,84,639.37,106.56,49,5.87,12,8,16,1,0,2,3,528.29,1,0,1,214.42,214.42,0.5,0.0,0.041,2.667,1
cust_3997,4,26,219.2,54.8,11,3.92,4,3,7,0,0,2,1,41.07,1,1,1,54.74,54.74,0.25,1.0,0.182,1.75,0
cust_3998,6,28,231.45,38.58,12,14.17,4,4,4,0,0,0,1,82.57,1,0,1,134.21,134.21,0.167,0.0,0.0,0.667,0
cust_3999,3,44,535.32,178.44,29,1.83,14,4,18,0,0,1,3,352.0,0,0,0,0.0,0.0,1.0,0.0,0.034,6.0,1
cust_4000,3,34,741.12,247.04,16,0.58,9,5,10,0,0,2,0,0.0,0,0,1,66.95,66.95,0.0,0.0,0.125,3.333,0
cust_4001,5,68,234.68,46.94,40,10.52,18,15,22,1,0,0,1,27.3,2,2,0,0.0,0.0,0.2,2.0,0.0,4.4,1
cust_4002,9,50,1761.27,195.7,20,2.62,6,5,8,2,0,1,4,726.14,1,0,1,250.14,250.14,0.444,0.0,0.05,0.889,1
cust_4003,2,25,109.74,54.87,14,10.31,8,8,10,1,0,1,0,0.0,1,0,0,0.0,0.0,0.0,0.0,0.071,5.0,0
cust_4004,1,12,70.98,70.98,5,0.6,2,2,6,1,0,0,2,236.79,4,1,0,0.0,0.0,2.0,0.5,0.0,6.0,1
cust_4005,4,22,2183.23,545.81,9,2.84,4,3,5,0,1,0,2,75.59,1,1,3,559.22,186.41,0.5,0.5,0.0,1.25,1
cust_4006,4,23,790.94,197.74,14,1.67,4,3,4,1,0,0,4,597.67,3,0,0,0.0,0.0,1.0,0.0,0.0,1.0,1
cust_4007,5,36,761.29,152.26,23,3.43,8,2,8,0,0,0,2,209.92,0,1,0,0.0,0.0,0.4,0.5,0.0,1.6,0
cust_4008,4,25,641.69,160.42,15,3.99,5,3,6,2,0,0,3,152.1,1,0,0,0.0,0.0,0.75,0.0,0.0,1.5,0
cust_4009,2,29,162.35,81.17,11,6.84,6,1,9,0,0,1,1,130.52,0,2,1,99.89,99.89,0.5,2.0,0.091,4.5,1
cust_4010,2,15,491.08,245.54,7,7.34,3,3,7,1,1,0,1,237.5,0,1,1,171.43,171.43,0.5,1.0,0.0,3.5,1
cust_4011,7,86,1515.03,216.43,43,9.95,10,8,12,1,0,2,3,191.56,1,1,1,198.81,198.81,0.429,0.333,0.047,1.714,1
cust_4012,2,25,296.43,148.22,15,4.03,4,3,6,3,0,0,2,196.48,1,1,1,226.21,226.21,1.0,0.5,0.0,3.0,0
cust_4013,7,57,1254.25,179.18,35,7.59,7,2,9,1,0,1,2,87.15,1,1,0,0.0,0.0,0.286,0.5,0.029,1.286,0
cust_4014,8,92,419.99,52.5,54,46.17,21,16,21,2,0,4,2,115.86,3,3,0,0.0,0.0,0.25,1.5,0.074,2.625,1
cust_4015,7,36,1760.45,251.49,22,2.37,6,3,6,1,0,2,0,0.0,3,0,0,0.0,0.0,0.0,0.0,0.091,0.857,0
cust_4016,3,25,381.26,127.09,13,1.66,2,2,3,2,0,1,1,49.38,1,1,0,0.0,0.0,0.333,1.0,0.077,1.0,0
cust_4017,5,73,880.57,176.11,41,18.49,20,18,23,0,1,1,1,108.15,1,2,0,0.0,0.0,0.2,2.0,0.024,4.6,1
cust_4018,8,46,908.98,113.62,19,5.28,4,2,8,0,1,0,1,94.07,0,0,0,0.0,0.0,0.125,0.0,0.0,1.0,0
cust_4019,7,57,612.08,87.44,30,18.77,9,2,11,2,0,1,2,44.57,0,2,0,0.0,0.0,0.286,1.0,0.033,1.571,1
cust_4020,13,165,1803.88,138.76,87,5.53,44,3,45,1,0,0,4,420.9,0,1,1,200.48,200.48,0.308,0.25,0.0,3.462,1
cust_4021,2,22,484.14,242.07,12,0.22,4,4,7,1,1,0,2,248.61,1,1,0,0.0,0.0,1.0,0.5,0.0,3.5,0
cust_4022,4,43,381.61,95.4,22,4.7,11,4,11,2,0,1,1,105.85,2,1,1,53.42,53.42,0.25,1.0,0.045,2.75,0
cust_4023,8,107,825.35,103.17,50,9.42,18,1,20,0,0,0,4,155.51,0,1,0,0.0,0.0,0.5,0.25,0.0,2.5,1
cust_4024,1,4,207.47,207.47,1,5.93,0,0,4,2,0,1,1,56.26,0,1,0,0.0,0.0,1.0,1.0,1.0,4.0,0
cust_4025,1,12,336.85,336.85,5,6.15,2,2,4,2,0,2,2,231.98,0,0,0,0.0,0.0,2.0,0.0,0.4,4.0,0
cust_4026,11,150,1997.66,181.61,91,63.87,21,8,23,1,0,0,0,0.0,0,0,0,0.0,0.0,0.0,0.0,0.0,2.091,0
cust_4027,1,4,52.18,52.18,2,7.86,0,0,4,1,0,0,2,173.21,0,1,0,0.0,0.0,2.0,0.5,0.0,4.0,0
cust_4028,5,50,1110.67,222.13,28,11.94,11,8,12,1,0,0,2,102.72,1,0,0,0.0,0.0,0.4,0.0,0.0,2.4,0
cust_4029,6,47,2263.24,377.21,26,12.76,11,4,15,0,0,1,2,254.36,2,0,0,0.0,0.0,0.333,0.0,0.038,2.5,1
cust_4030,3,13,392.08,130.69,6,0.01,3,1,7,1,0,1,3,231.39,0,1,1,180.18,180.18,1.0,0.333,0.167,2.333,1
cust_4031,1,8,305.8,305.8,5,8.04,1,1,1,1,0,0,1,223.6,1,1,0,0.0,0.0,1.0,1.0,0.0,1.0,0
cust_4032,10,110,1244.85,124.48,74,32.98,32,15,33,0,0,1,1,145.34,0,0,1,66.82,66.82,0.1,0.0,0.014,3.3,0
cust_4033,3,42,455.11,151.7,22,13.9,11,11,12,1,1,2,3,39.51,1,1,0,0.0,0.0,1.0,0.333,0.091,4.0,0
cust_4034,5,54,1465.13,293.03,28,4.16,15,6,18,1,0,0,2,244.31,2,0,2,333.08,166.54,0.4,0.0,0.0,3.6,1
cust_4035,1,13,115.22,115.22,5,4.53,2,1,5,1,0,0,0,0.0,2,0,0,0.0,0.0,0.0,0.0,0.0,5.0,0
cust_4036,3,16,56.91,18.97,9,3.62,2,2,2,0,0,0,0,0.0,2,0,0,0.0,0.0,0.0,0.0,0.0,0.667,0
cust_4037,1,6,341.27,341.27,3,9.95,1,1,1,2,0,2,2,172.47,0,1,0,0.0,0.0,2.0,0.5,0.667,1.0,0
cust_4038,6,88,548.7,91.45,61,1.02,34,1,37,2,1,1,1,43.37,1,0,0,0.0,0.0,0.167,0.0,0.016,6.167,1
cust_4039,5,68,1251.78,250.36,39,3.42,9,8,12,1,0,4,1,61.13,0,1,0,0.0,0.0,0.2,1.0,0.103,2.4,1
cust_4040,8,52,1012.71,126.59,25,6.9,7,4,8,1,0,0,1,128.34,4,0,1,69.76,69.76,0.125,0.0,0.0,1.0,0
cust_4041,6,64,1554.75,259.13,36,7.66,19,1,22,3,0,1,1,106.26,5,1,0,0.0,0.0,0.167,1.0,0.028,3.667,1
cust_4042,5,39,1704.49,340.9,27,9.35,10,9,14,2,1,0,2,252.88,0,2,0,0.0,0.0,0.4,1.0,0.0,2.8,1
cust_4043,4,36,648.63,162.16,22,15.96,5,1,7,0,0,0,3,448.53,2,1,0,0.0,0.0,0.75,0.333,0.0,1.75,1
cust_4044,4,53,379.91,94.98,23,1.78,10,4,14,1,2,1,1,135.92,2,1,1,185.7,185.7,0.25,1.0,0.043,3.5,1
cust_4045,6,72,529.64,88.27,36,2.55,13,8,16,3,0,2,2,117.09,0,2,0,0.0,0.0,0.333,1.0,0.056,2.667,1
cust_4046,2,13,170.95,85.48,6,20.58,3,2,5,1,0,0,2,130.16,1,3,0,0.0,0.0,1.0,1.5,0.0,2.5,1
cust_4047,16,119,2222.17,138.89,78,17.79,22,16,22,2,0,0,2,186.39,2,0,0,0.0,0.0,0.125,0.0,0.0,1.375,0
cust_4048,2,14,101.66,50.83,8,17.24,2,2,5,2,1,1,2,292.66,0,1,1,97.6,97.6,1.0,0.5,0.125,2.5,1
cust_4049,2,25,178.45,89.22,16,2.34,4,2,7,1,1,0,1,127.25,0,2,1,160.34,160.34,0.5,2.0,0.0,3.5,1
cust_4050,3,28,404.96,134.99,12,0.6,2,1,2,0,1,0,1,109.37,3,2,0,0.0,0.0,0.333,2.0,0.0,0.667,0
cust_4051,4,57,1103.18,275.79,38,7.41,11,11,14,2,1,0,3,552.32,2,0,0,0.0,0.0,0.75,0.0,0.0,3.5,1
cust_4052,8,103,1689.9,211.24,43,20.41,22,18,24,0,0,1,4,374.79,2,0,0,0.0,0.0,0.5,0.0,0.023,3.0,1
cust_4053,1,6,408.03,408.03,3,2.71,0,0,0,3,0,0,1,173.74,0,0,0,0.0,0.0,1.0,0.0,0.0,0.0,0
cust_4054,5,63,462.16,92.43,25,23.45,11,10,11,2,0,1,0,0.0,2,0,1,123.36,123.36,0.0,0.0,0.04,2.2,0
cust_4055,3,28,411.73,137.24,12,1.53,4,4,5,0,0,0,2,251.36,0,2,0,0.0,0.0,0.667,1.0,0.0,1.667,1
cust_4056,4,27,257.14,64.29,18,3.54,7,7,10,0,2,0,1,198.87,0,1,1,57.97,57.97,0.25,1.0,0.0,2.5,0
cust_4057,4,31,456.98,114.25,13,3.54,6,6,7,2,0,0,0,0.0,0,0,1,180.41,180.41,0.0,0.0,0.0,1.75,0
cust_4058,9,132,539.17,59.91,58,1.64,25,19,27,3,1,0,3,480.59,0,2,1,220.68,220.68,0.333,0.667,0.0,3.0,1
cust_4059,2,18,382.42,191.21,12,20.62,3,3,5,2,1,3,1,104.63,1,1,0,0.0,0.0,0.5,1.0,0.25,2.5,0
cust_4060,5,59,761.65,152.33,36,5.32,10,1,10,1,0,1,1,214.45,4,1,0,0.0,0.0,0.2,1.0,0.028,2.0,1
cust_4061,4,36,433.78,108.44,18,2.12,7,2,8,1,1,1,2,85.24,1,3,1,82.28,82.28,0.5,1.5,0.056,2.0,1
cust_4062,5,40,786.57,157.31,16,1.59,8,7,11,1,0,0,2,56.16,2,2,2,217.26,108.63,0.4,1.0,0.0,2.2,1
cust_4063,6,76,1017.67,169.61,48,5.46,12,12,14,1,0,0,2,139.82,0,2,1,159.37,159.37,0.333,1.0,0.0,2.333,1
cust_4064,2,26,249.27,124.64,14,0.17,3,2,4,0,1,0,2,262.47,1,3,0,0.0,0.0,1.0,1.5,0.0,2.0,1
cust_4065,8,38,1385.09,173.14,18,1.29,7,5,7,3,1,0,0,0.0,1,0,1,63.35,63.35,0.0,0.0,0.0,0.875,0
cust_4066,6,42,1314.61,219.1,21,0.04,5,1,9,0,0,0,2,235.98,0,0,1,90.87,90.87,0.333,0.0,0.0,1.5,0
cust_4067,7,67,620.09,88.58,36,0.25,21,1,21,0,0,0,2,238.6,1,2,1,133.99,133.99,0.286,1.0,0.0,3.0,1
cust_4068,6,44,1885.16,314.19,24,59.42,4,1,4,2,1,0,3,61.55,3,1,2,504.49,252.24,0.5,0.333,0.0,0.667,0
cust_4069,7,88,1057.65,151.09,56,5.96,21,18,22,2,1,1,1,106.76,0,0,1,85.15,85.15,0.143,0.0,0.018,3.143,0
cust_4070,5,26,333.84,66.77,16,13.05,4,4,8,3,0,2,2,85.5,4,0,0,0.0,0.0,0.4,0.0,0.125,1.6,0
cust_4071,2,25,627.8,313.9,15,13.36,7,4,10,0,0,0,3,275.03,0,2,0,0.0,0.0,1.5,0.667,0.0,5.0,1
cust_4072,4,43,224.03,56.01,26,21.24,11,7,11,5,0,1,3,330.68,1,0,0,0.0,0.0,0.75,0.0,0.038,2.75,0
cust_4073,4,28,693.63,173.41,17,1.1,8,6,8,0,1,0,2,70.1,0,0,0,0.0,0.0,0.5,0.0,0.0,2.0,0
cust_4074,3,23,258.72,86.24,13,7.46,5,3,9,1,0,2,3,207.98,0,2,0,0.0,0.0,1.0,0.667,0.154,3.0,1
cust_4075,5,30,373.4,74.68,19,3.88,5,5,8,0,0,1,1,81.44,2,1,1,212.03,212.03,0.2,1.0,0.053,1.6,1
cust_4076,4,27,504.17,126.04,15,7.95,3,2,3,2,0,0,5,858.83,1,1,0,0.0,0.0,1.25,0.2,0.0,0.75,1
cust_4077,4,47,454.72,113.68,26,4.04,12,5,12,1,0,0,1,100.89,2,1,1,95.09,95.09,0.25,1.0,0.0,3.0,1
cust_4078,2,16,613.17,306.58,9,2.03,3,3,4,0,1,0,1,147.07,0,3,0,0.0,0.0,0.5,3.0,0.0,2.0,1
cust_4079,2,23,529.57,264.79,10,11.17,2,2,3,1,0,1,2,501.44,2,0,0,0.0,0.0,1.0,0.0,0.1,1.5,0
cust_4080,4,38,232.3,58.07,24,0.39,7,4,9,2,0,1,0,0.0,0,0,1,187.99,187.99,0.0,0.0,0.042,2.25,0
cust_4081,1,5,286.9,286.9,3,22.57,0,0,1,0,0,0,1,80.61,0,0,1,105.33,105.33,1.0,0.0,0.0,1.0,0
cust_4082,1,9,45.93,45.93,4,1.58,1,1,4,0,0,2,1,235.79,3,0,2,513.21,256.6,1.0,0.0,0.5,4.0,1
cust_4083,5,61,1659.59,331.92,35,9.55,18,11,20,0,0,1,2,305.78,1,0,0,0.0,0.0,0.4,0.0,0.029,4.0,1
cust_4084,2,14,451.35,225.68,5,14.03,2,1,3,0,0,0,1,95.7,1,0,0,0.0,0.0,0.5,0.0,0.0,1.5,0
cust_4085,5,55,857.56,171.51,34,0.76,20,1,24,1,1,0,3,557.43,0,2,0,0.0,0.0,0.6,0.667,0.0,4.8,1
cust_4086,2,12,434.69,217.35,6,23.36,2,1,3,0,0,0,0,0.0,0,0,0,0.0,0.0,0.0,0.0,0.0,1.5,0
cust_4087,2,10,64.15,32.07,6,4.4,2,1,3,1,0,0,2,177.11,1,0,1,182.8,182.8,1.0,0.0,0.0,1.5,0
cust_4088,3,23,350.66,116.89,10,57.22,2,1,3,1,0,1,1,93.95,0,0,3,213.05,71.02,0.333,0.0,0.1,1.0,0
cust_4089,1,8,138.44,138.44,5,0.71,2,1,2,2,2,1,1,179.59,3,1,0,0.0,0.0,1.0,1.0,0.2,2.0,1
cust_4090,3,37,810.91,270.3,17,12.62,7,5,11,1,0,0,4,306.99,1,2,0,0.0,0.0,1.333,0.5,0.0,3.667,1
cust_4091,6,54,1468.6,244.77,32,1.75,9,7,11,0,0,0,0,0.0,1,0,0,0.0,0.0,0.0,0.0,0.0,1.833,0
cust_4092,7,34,1157.37,165.34,19,5.15,4,4,4,2,0,0,1,53.7,0,0,1,378.58,378.58,0.143,0.0,0.0,0.571,0
cust_4093,9,98,562.02,62.45,58,5.86,20,3,24,1,0,0,2,190.56,0,1,0,0.0,0.0,0.222,0.5,0.0,2.667,1
cust_4094,3,27,503.09,167.7,11,5.21,2,1,4,3,0,0,2,147.62,0,2,0,0.0,0.0,0.667,1.0,0.0,1.333,0
cust_4095,2,15,318.52,159.26,9,4.12,3,1,4,3,0,0,1,161.04,1,2,0,0.0,0.0,0.5,2.0,0.0,2.0,0
cust_4096,14,179,3447.73,246.27,114,14.58,46,17,46,2,0,1,0,0.0,2,0,0,0.0,0.0,0.0,0.0,0.009,3.286,1
cust_4097,3,17,409.09,136.36,9,17.14,3,2,5,2,0,0,0,0.0,0,0,0,0.0,0.0,0.0,0.0,0.0,1.667,0
cust_4098,17,238,4242.12,249.54,124,4.09,54,17,55,0,1,0,1,67.93,1,2,0,0.0,0.0,0.059,2.0,0.0,3.235,1
cust_4099,7,53,1013.42,144.77,26,6.59,12,4,12,1,1,0,2,398.72,3,0,0,0.0,0.0,0.286,0.0,0.0,1.714,1
cust_4100,4,36,504.9,126.23,24,5.48,7,4,9,2,0,2,1,45.14,0,1,1,172.17,172.17,0.25,1.0,0.083,2.25,0
cust_4101,4,56,601.9,150.47,35,9.0,17,14,19,1,1,0,1,88.44,0,1,0,0.0,0.0,0.25,1.0,0.0,4.75,1
cust_4102,8,98,712.34,89.04,59,1.63,24,14,24,0,0,0,0,0.0,2,0,0,0.0,0.0,0.0,0.0,0.0,3.0,0
cust_4103,4,19,464.08,116.02,12,16.38,4,2,4,0,1,0,0,0.0,2,0,1,51.73,51.73,0.0,0.0,0.0,1.0,0
cust_4104,5,51,1076.4,215.28,25,15.95,11,9,13,1,1,1,3,191.47,1,0,0,0.0,0.0,0.6,0.0,0.04,2.6,0
cust_4105,2,14,284.43,142.22,8,8.93,3,1,6,1,0,2,3,573.05,1,1,0,0.0,0.0,1.5,0.333,0.25,3.0,1
cust_4106,6,57,764.04,127.34,34,13.71,13,2,14,1,0,1,3,238.76,1,1,1,59.38,59.38,0.5,0.333,0.029,2.333,1
cust_4107,8,97,353.79,44.22,67,44.66,14,5,16,1,0,0,3,390.46,1,0,0,0.0,0.0,0.375,0.0,0.0,2.0,0
cust_4108,1,9,112.72,112.72,4,25.58,2,1,2,0,0,0,1,95.16,0,2,0,0.0,0.0,1.0,2.0,0.0,2.0,0
cust_4109,1,4,167.99,167.99,2,9.45,0,0,2,2,0,1,0,0.0,3,0,0,0.0,0.0,0.0,0.0,0.5,2.0,0
cust_4110,7,68,919.63,131.38,28,7.16,11,2,11,0,0,2,1,64.71,1,0,1,261.74,261.74,0.143,0.0,0.071,1.571,0
cust_4111,4,17,1045.56,261.39,7,7.65,2,1,3,1,0,1,3,183.36,0,0,1,104.87,104.87,0.75,0.0,0.143,0.75,0
cust_4112,8,62,1636.43,204.55,34,6.29,14,9,14,0,0,1,1,215.8,1,1,0,0.0,0.0,0.125,1.0,0.029,1.75,1
cust_4113,2,18,664.19,332.1,8,6.54,1,1,1,0,0,0,0,0.0,2,0,0,0.0,0.0,0.0,0.0,0.0,0.5,0
cust_4114,2,22,309.57,154.79,9,13.17,3,1,6,1,0,1,2,124.88,2,0,0,0.0,0.0,1.0,0.0,0.111,3.0,0
cust_4115,7,66,524.63,74.95,45,48.44,21,12,21,0,0,0,1,58.42,2,1,0,0.0,0.0,0.143,1.0,0.0,3.0,0
cust_4116,5,28,959.75,191.95,19,0.46,10,4,14,1,0,0,1,120.44,1,0,0,0.0,0.0,0.2,0.0,0.0,2.8,0
cust_4117,4,57,296.05,74.01,28,2.62,15,3,19,0,0,2,1,55.58,1,1,0,0.0,0.0,0.25,1.0,0.071,4.75,1
cust_4118,2,22,229.42,114.71,14,2.36,8,5,11,0,0,1,2,175.76,0,0,2,240.14,120.07,1.0,0.0,0.071,5.5,1
cust_4119,3,22,801.13,267.04,14,17.89,7,5,8,0,0,2,2,238.61,1,0,0,0.0,0.0,0.667,0.0,0.143,2.667,0
cust_4120,6,87,590.42,98.4,46,5.44,20,7,21,0,1,0,1,260.64,1,2,0,0.0,0.0,0.167,2.0,0.0,3.5,1
cust_4121,1,13,80.25,80.25,6,7.45,2,2,2,0,0,1,2,105.79,1,1,1,99.03,99.03,2.0,0.5,0.167,2.0,0
cust_4122,7,39,1469.11,209.87,17,6.33,4,2,7,1,0,2,2,226.43,1,1,0,0.0,0.0,0.286,0.5,0.118,1.0,1
cust_4123,5,56,1348.37,269.67,24,19.22,7,6,10,1,0,0,4,506.59,0,0,1,103.52,103.52,0.8,0.0,0.0,2.0,1
cust_4124,11,111,1214.54,110.41,70,6.93,21,5,24,3,0,1,2,410.56,0,1,0,0.0,0.0,0.182,0.5,0.014,2.182,1
cust_4125,4,24,358.73,89.68,12,11.02,4,4,8,3,0,1,0,0.0,1,0,0,0.0,0.0,0.0,0.0,0.083,2.0,0
cust_4126,12,78,1453.77,121.15,47,0.2,20,1,21,0,0,0,1,55.46,1,3,0,0.0,0.0,0.083,3.0,0.0,1.75,1
cust_4127,11,112,1469.59,133.6,62,10.57,27,16,31,0,0,1,2,88.53,0,1,0,0.0,0.0,0.182,0.5,0.016,2.818,1
cust_4128,3,22,560.89,186.96,11,2.76,4,4,5,1,0,0,1,17.2,2,1,0,0.0,0.0,0.333,1.0,0.0,1.667,0
cust_4129,12,158,834.56,69.55,69,20.16,21,19,23,2,0,1,1,74.2,1,0,2,666.4,333.2,0.083,0.0,0.014,1.917,0
cust_4130,3,15,188.88,62.96,7,13.93,1,1,1,3,0,0,0,0.0,3,0,0,0.0,0.0,0.0,0.0,0.0,0.333,0
cust_4131,11,154,3960.81,360.07,100,1.16,59,2,61,1,0,1,0,0.0,0,0,1,46.08,46.08,0.0,0.0,0.01,5.545,1
cust_4132,3,39,549.63,183.21,25,1.09,14,2,14,3,0,1,2,154.38,0,1,1,158.4,158.4,0.667,0.5,0.04,4.667,1
cust_4133,7,84,1615.48,230.78,34,3.47,9,5,9,2,1,1,6,165.16,0,0,0,0.0,0.0,0.857,0.0,0.029,1.286,0
cust_4134,2,13,515.41,257.71,5,1.34,2,1,5,2,0,0,2,54.08,1,1,1,142.74,142.74,1.0,0.5,0.0,2.5,0
cust_4135,3,35,660.96,220.32,21,13.48,6,4,10,2,0,0,0,0.0,1,0,1,231.96,231.96,0.0,0.0,0.0,3.333,0
cust_4136,7,61,625.07,89.3,30,43.29,8,3,12,1,0,1,1,111.05,0,0,0,0.0,0.0,0.143,0.0,0.033,1.714,0
cust_4137,2,21,359.04,179.52,12,10.65,5,1,6,0,0,0,1,129.04,0,0,0,0.0,0.0,0.5,0.0,0.0,3.0,0
cust_4138,11,81,1275.07,115.92,46,2.86,23,16,26,0,0,1,1,123.73,1,0,0,0.0,0.0,0.091,0.0,0.022,2.364,0
cust_4139,2,26,70.31,35.16,15,8.31,5,3,9,0,0,0,5,499.03,2,0,0,0.0,0.0,2.5,0.0,0.0,4.5,1
cust_4140,2,8,108.83,54.42,3,16.38,0,0,1,3,0,1,1,70.08,0,1,0,0.0,0.0,0.5,1.0,0.333,0.5,0
cust_4141,12,139,1742.82,145.24,94,32.76,33,3,34,0,0,0,3,526.98,1,0,0,0.0,0.0,0.25,0.0,0.0,2.833,1
cust_4142,14,183,3892.2,278.01,74,0.05,30,2,31,1,1,2,0,0.0,1,0,1,222.37,222.37,0.0,0.0,0.027,2.214,1
cust_4143,5,55,525.58,105.12,22,7.42,12,6,16,0,1,0,1,81.2,0,3,2,312.27,156.14,0.2,3.0,0.0,3.2,1
cust_4144,8,48,717.46,89.68,22,6.04,10,8,10,2,0,1,0,0.0,0,0,0,0.0,0.0,0.0,0.0,0.045,1.25,0
cust_4145,2,14,157.29,78.64,9,5.35,4,3,7,2,0,1,1,76.36,3,0,1,123.66,123.66,0.5,0.0,0.111,3.5,0
cust_4146,7,67,1011.76,144.54,28,7.01,7,1,10,1,0,0,1,26.38,0,0,0,0.0,0.0,0.143,0.0,0.0,1.429,0
cust_4147,10,76,1686.87,168.69,50,5.17,24,18,25,1,0,1,2,56.5,2,0,1,161.18,161.18,0.2,0.0,0.02,2.5,1
cust_4148,10,40,951.23,95.12,17,4.22,6,3,7,1,0,1,2,168.29,2,2,0,0.0,0.0,0.2,1.0,0.059,0.7,1
cust_4149,7,31,1443.98,206.28,13,1.22,6,4,7,0,0,0,1,75.3,1,0,1,284.93,284.93,0.143,0.0,0.0,1.0,0
cust_4150,9,112,2043.92,227.1,70,6.93,20,19,21,0,0,0,2,321.58,0,1,0,0.0,0.0,0.222,0.5,0.0,2.333,1
cust_4151,7,34,937.81,133.97,22,17.21,8,5,9,2,0,0,1,138.27,0,0,1,71.09,71.09,0.143,0.0,0.0,1.286,0
cust_4152,3,42,702.97,234.32,26,1.11,7,6,8,1,1,1,0,0.0,1,0,2,183.55,91.78,0.0,0.0,0.038,2.667,0
cust_4153,6,53,594.24,99.04,25,13.41,7,2,10,3,0,0,1,188.07,2,3,0,0.0,0.0,0.167,3.0,0.0,1.667,1
cust_4154,9,111,1052.89,116.99,73,3.12,38,8,39,2,0,1,0,0.0,0,0,0,0.0,0.0,0.0,0.0,0.014,4.333,1
cust_4155,1,5,278.42,278.42,2,4.8,0,0,0,2,0,0,1,135.1,0,0,0,0.0,0.0,1.0,0.0,0.0,0.0,0
cust_4156,1,14,158.15,158.15,7,44.3,3,1,5,0,0,0,1,213.97,0,0,0,0.0,0.0,1.0,0.0,0.0,5.0,0
cust_4157,5,21,855.33,171.07,11,11.25,2,1,6,1,0,1,1,231.32,2,0,0,0.0,0.0,0.2,0.0,0.091,1.2,0
cust_4158,10,44,607.39,60.74,18,12.7,8,7,12,4,0,0,1,113.87,1,0,0,0.0,0.0,0.1,0.0,0.0,1.2,0
cust_4159,6,27,1349.5,224.92,15,9.22,5,4,8,0,0,0,2,161.63,2,0,0,0.0,0.0,0.333,0.0,0.0,1.333,0
cust_4160,3,15,674.39,224.8,8,3.89,3,2,7,2,0,1,1,186.8,1,2,1,100.76,100.76,0.333,2.0,0.125,2.333,1
cust_4161,7,65,1442.43,206.06,45,11.24,16,11,17,2,0,2,0,0.0,1,0,0,0.0,0.0,0.0,0.0,0.044,2.429,0
cust_4162,7,88,324.98,46.43,51,6.11,27,16,27,0,0,0,2,193.06,0,1,1,201.82,201.82,0.286,0.5,0.0,3.857,1
cust_4163,8,57,660.67,82.58,29,17.84,7,7,10,0,1,1,3,155.74,0,0,0,0.0,0.0,0.375,0.0,0.034,1.25,0
cust_4164,3,36,364.47,121.49,22,8.46,11,5,14,1,0,0,4,321.48,1,0,0,0.0,0.0,1.333,0.0,0.0,4.667,0
cust_4165,3,37,1063.44,354.48,18,14.75,10,10,10,3,0,1,0,0.0,2,0,0,0.0,0.0,0.0,0.0,0.056,3.333,0
cust_4166,4,55,323.96,80.99,30,18.87,8,7,9,2,0,1,2,302.08,2,0,0,0.0,0.0,0.5,0.0,0.033,2.25,0
cust_4167,5,28,900.84,180.17,11,17.21,6,3,9,2,0,2,1,212.21,1,0,0,0.0,0.0,0.2,0.0,0.182,1.8,0
cust_4168,5,27,1075.03,215.01,13,5.14,7,5,7,0,0,0,1,158.23,0,1,0,0.0,0.0,0.2,1.0,0.0,1.4,0
cust_4169,2,10,338.02,169.01,5,4.6,2,2,3,3,0,2,2,282.8,2,1,0,0.0,0.0,1.0,0.5,0.4,1.5,0
cust_4170,3,23,526.53,175.51,14,20.33,4,1,4,2,0,0,0,0.0,1,0,0,0.0,0.0,0.0,0.0,0.0,1.333,0
cust_4171,2,18,328.62,164.31,7,1.54,2,1,3,1,0,1,2,189.7,3,1,0,0.0,0.0,1.0,0.5,0.143,1.5,0
cust_4172,2,18,116.79,58.39,11,3.28,2,2,6,1,0,0,2,140.99,0,0,0,0.0,0.0,1.0,0.0,0.0,3.0,0
cust_4173,3,20,117.9,39.3,13,1.29,3,3,3,5,0,0,0,0.0,0,0,0,0.0,0.0,0.0,0.0,0.0,1.0,0
cust_4174,2,21,240.55,120.27,10,0.43,4,2,5,1,0,0,2,167.39,0,0,0,0.0,0.0,1.0,0.0,0.0,2.5,0
cust_4175,6,46,937.38,156.23,28,9.57,12,8,14,0,0,0,2,273.59,0,1,1,141.37,141.37,0.333,0.5,0.0,2.333,0
cust_4176,7,56,638.86,91.27,25,23.1,10,9,14,2,0,1,2,112.3,1,1,0,0.0,0.0,0.286,0.5,0.04,2.0,0
cust_4177,16,82,4131.49,258.22,45,1.39,13,1,16,0,1,1,1,71.47,0,1,0,0.0,0.0,0.062,1.0,0.022,1.0,1
cust_4178,4,42,681.77,170.44,26,15.88,7,7,7,0,0,2,2,233.29,0,1,0,0.0,0.0,0.5,0.5,0.077,1.75,1
cust_4179,8,89,1402.75,175.34,45,4.77,26,10,27,2,0,1,0,0.0,0,0,0,0.0,0.0,0.0,0.0,0.022,3.375,0
cust_4180,1,12,146.48,146.48,4,9.63,1,1,4,1,1,2,2,114.73,0,1,0,0.0,0.0,2.0,0.5,0.5,4.0,0
cust_4181,3,41,165.23,55.08,23,14.43,12,8,15,0,0,0,3,618.47,0,0,1,122.65,122.65,1.0,0.0,0.0,5.0,1
cust_4182,2,24,412.84,206.42,15,12.38,5,1,8,1,0,1,1,142.74,1,1,1,91.71,91.71,0.5,1.0,0.067,4.0,0
cust_4183,7,46,1239.62,177.09,19,1.47,10,6,13,0,0,0,1,35.01,0,0,1,97.29,97.29,0.143,0.0,0.0,1.857,0
cust_4184,3,19,240.21,80.07,7,1.23,3,3,4,0,0,1,3,132.58,1,1,1,202.5,202.5,1.0,0.333,0.143,1.333,0
cust_4185,6,84,538.89,89.81,53,25.8,18,13,19,1,1,0,0,0.0,0,0,2,348.58,174.29,0.0,0.0,0.0,3.167,0
cust_4186,5,63,933.25,186.65,30,0.83,14,9,16,2,0,2,2,36.57,0,1,1,73.92,73.92,0.4,0.5,0.067,3.2,1
cust_4187,3,37,332.39,110.8,18,2.46,10,2,12,1,0,2,2,59.65,0,0,0,0.0,0.0,0.667,0.0,0.111,4.0,0
cust_4188,12,143,1040.61,86.72,60,5.77,17,4,18,0,0,0,2,140.35,0,2,0,0.0,0.0,0.167,1.0,0.0,1.5,1
cust_4189,8,55,684.52,85.56,23,17.2,9,4,10,1,0,0,2,272.45,0,2,1,190.54,190.54,0.25,1.0,0.0,1.25,1
cust_4190,1,13,228.6,228.6,7,9.23,4,1,6,0,0,1,0,0.0,1,0,0,0.0,0.0,0.0,0.0,0.143,6.0,0
cust_4191,8,44,3835.76,479.47,24,8.47,12,11,13,1,0,1,0,0.0,0,0,0,0.0,0.0,0.0,0.0,0.042,1.625,0
cust_4192,7,54,875.49,125.07,26,11.78,11,2,11,1,0,0,2,151.46,3,1,1,221.66,221.66,0.286,0.5,0.0,1.571,0
cust_4193,2,15,269.83,134.91,8,16.2,1,1,1,1,0,0,0,0.0,4,0,0,0.0,0.0,0.0,0.0,0.0,0.5,0
cust_4194,3,30,424.86,141.62,15,2.65,5,1,5,0,0,1,1,117.82,3,1,0,0.0,0.0,0.333,1.0,0.067,1.667,0
cust_4195,5,45,1031.28,206.26,27,0.19,12,8,12,3,1,2,2,262.05,0,1,0,0.0,0.0,0.4,0.5,0.074,2.4,1
cust_4196,5,45,244.09,48.82,29,1.36,10,10,13,1,0,3,0,0.0,1,0,2,357.77,178.88,0.0,0.0,0.103,2.6,0
cust_4197,6,60,742.55,123.76,37,1.81,22,17,22,1,0,1,1,45.96,1,0,3,284.95,94.98,0.167,0.0,0.027,3.667,1
cust_4198,1,8,41.0,41.0,3,0.41,1,1,3,0,0,1,2,184.23,2,0,0,0.0,0.0,2.0,0.0,0.333,3.0,0
cust_4199,6,40,580.87,96.81,17,13.76,4,4,7,0,0,0,4,360.23,1,1,0,0.0,0.0,0.667,0.25,0.0,1.167,0
cust_4200,2,22,285.08,142.54,11,21.62,4,4,6,1,0,0,2,200.6,0,0,0,0.0,0.0,1.0,0.0,0.0,3.0,0
cust_4201,5,63,2108.05,421.61,41,12.4,14,10,18,1,0,1,2,71.32,1,1,0,0.0,0.0,0.4,0.5,0.024,3.6,0
cust_4202,3,27,421.13,140.38,12,2.09,5,3,9,0,0,0,0,0.0,0,0,0,0.0,0.0,0.0,0.0,0.0,3.0,0
cust_4203,6,66,505.91,84.32,43,9.33,16,4,17,2,0,2,2,267.25,1,0,0,0.0,0.0,0.333,0.0,0.047,2.833,1
cust_4204,3,29,278.18,92.73,12,7.35,3,3,6,0,0,1,1,149.06,0,0,0,0.0,0.0,0.333,0.0,0.083,2.0,0
cust_4205,4,18,409.27,102.32,7,17.15,3,3,3,1,0,1,2,228.58,0,1,1,142.37,142.37,0.5,0.5,0.143,0.75,0
cust_4206,6,51,1238.91,206.49,34,28.52,8,3,12,1,0,0,0,0.0,1,0,1,171.16,171.16,0.0,0.0,0.0,2.0,0
cust_4207,3,12,82.16,27.39,5,13.58,2,2,5,0,0,0,2,174.61,0,1,2,495.02,247.51,0.667,0.5,0.0,1.667,0
cust_4208,9,101,1249.54,138.84,54,7.19,17,3,17,1,0,0,1,222.9,1,0,0,0.0,0.0,0.111,0.0,0.0,1.889,0
cust_4209,4,38,1629.19,407.3,18,7.15,10,8,14,1,0,0,1,85.29,2,2,0,0.0,0.0,0.25,2.0,0.0,3.5,1
cust_4210,1,5,139.32,139.32,2,16.49,0,0,1,0,0,2,0,0.0,0,0,0,0.0,0.0,0.0,0.0,1.0,1.0,0
cust_4211,1,9,22.33,22.33,5,1.31,1,1,3,1,0,2,1,87.31,0,1,1,155.09,155.09,1.0,1.0,0.4,3.0,0
cust_4212,3,41,192.9,64.3,28,1.66,13,8,14,1,0,1,0,0.0,1,0,2,385.03,192.52,0.0,0.0,0.036,4.667,0
cust_4213,2,15,171.22,85.61,8,4.21,2,2,6,1,1,1,1,177.16,0,2,1,143.98,143.98,0.5,2.0,0.125,3.0,1
cust_4214,5,74,370.28,74.06,37,13.75,12,12,14,1,0,2,1,70.87,1,1,0,0.0,0.0,0.2,1.0,0.054,2.8,0
cust_4215,3,43,815.53,271.84,26,0.68,12,1,16,2,0,0,2,607.8,2,1,1,100.53,100.53,0.667,0.5,0.0,5.333,1
cust_4216,8,101,776.29,97.04,44,4.22,9,5,13,1,0,0,0,0.0,1,0,0,0.0,0.0,0.0,0.0,0.0,1.625,0
cust_4217,4,51,446.59,111.65,29,3.84,9,1,9,0,0,0,1,85.27,0,2,0,0.0,0.0,0.25,2.0,0.0,2.25,0
cust_4218,1,8,102.13,102.13,4,6.65,0,0,3,1,0,0,3,293.77,1,1,0,0.0,0.0,3.0,0.333,0.0,3.0,0
cust_4219,3,25,372.13,124.04,12,6.23,3,1,5,1,0,0,0,0.0,0,0,0,0.0,0.0,0.0,0.0,0.0,1.667,0
cust_4220,7,101,1088.2,155.46,62,12.53,27,13,28,0,0,2,2,91.05,1,0,2,379.27,189.64,0.286,0.0,0.032,4.0,1
cust_4221,1,8,89.72,89.72,3,9.82,1,1,3,0,0,0,2,326.03,2,0,1,70.64,70.64,2.0,0.0,0.0,3.0,0
cust_4222,1,5,196.35,196.35,2,23.31,0,0,3,1,0,0,2,150.89,1,2,0,0.0,0.0,2.0,1.0,0.0,3.0,0
cust_4223,4,22,698.35,174.59,14,1.99,3,3,6,0,0,1,1,137.61,0,0,0,0.0,0.0,0.25,0.0,0.071,1.5,0
cust_4224,3,35,977.02,325.67,16,5.66,3,3,6,2,0,1,1,168.83,0,0,0,0.0,0.0,0.333,0.0,0.062,2.0,0
cust_4225,10,82,2240.38,224.04,39,5.11,9,1,9,0,0,0,1,95.85,1,2,2,224.99,112.5,0.1,2.0,0.0,0.9,1
cust_4226,5,30,963.49,192.7,17,1.19,4,1,8,1,1,0,2,271.32,0,1,1,253.87,253.87,0.4,0.5,0.0,1.6,1
cust_4227,7,90,456.26,65.18,56,1.8,13,6,14,1,0,2,0,0.0,3,0,0,0.0,0.0,0.0,0.0,0.036,2.0,0
cust_4228,2,18,350.2,175.1,8,4.1,1,1,2,0,1,1,1,171.91,0,1,0,0.0,0.0,0.5,1.0,0.125,1.0,0
cust_4229,5,51,687.38,137.48,25,13.27,11,9,12,1,0,0,2,289.32,1,1,0,0.0,0.0,0.4,0.5,0.0,2.4,1
cust_4230,8,45,807.58,100.95,27,1.63,15,7,17,0,0,1,1,123.06,1,1,0,0.0,0.0,0.125,1.0,0.037,2.125,1
cust_4231,2,12,937.11,468.56,5,3.08,2,1,2,1,0,0,1,128.46,2,1,0,0.0,0.0,0.5,1.0,0.0,1.0,0
cust_4232,9,48,808.04,89.78,28,11.28,8,3,8,0,0,2,2,474.09,0,0,0,0.0,0.0,0.222,0.0,0.071,0.889,1
cust_4233,7,67,845.44,120.78,29,9.08,8,7,9,1,0,3,0,0.0,0,0,0,0.0,0.0,0.0,0.0,0.103,1.286,0
cust_4234,12,150,3285.54,273.8,78,1.1,17,17,18,1,0,3,0,0.0,0,0,1,129.27,129.27,0.0,0.0,0.038,1.5,1
cust_4235,4,48,830.73,207.68,29,28.77,7,7,10,0,0,1,3,240.14,0,0,0,0.0,0.0,0.75,0.0,0.034,2.5,0
cust_4236,3,20,1118.56,372.85,10,1.6,4,2,6,2,0,1,2,150.69,3,2,1,263.03,263.03,0.667,1.0,0.1,2.0,1
cust_4237,2,26,240.2,120.1,10,0.63,5,4,8,0,0,0,4,282.94,1,0,0,0.0,0.0,2.0,0.0,0.0,4.0,0
cust_4238,6,30,853.09,142.18,15,3.63,8,4,12,1,0,2,1,141.54,2,0,0,0.0,0.0,0.167,0.0,0.133,2.0,0
cust_4239,3,15,278.51,92.84,7,0.27,2,1,5,3,1,0,0,0.0,3,0,0,0.0,0.0,0.0,0.0,0.0,1.667,0
cust_4240,5,66,988.81,197.76,28,0.31,10,9,14,1,0,2,2,219.27,2,1,0,0.0,0.0,0.4,0.5,0.071,2.8,1
cust_4241,6,40,583.85,97.31,16,8.64,4,2,8,1,0,0,0,0.0,0,0,2,272.26,136.13,0.0,0.0,0.0,1.333,0
cust_4242,11,129,739.91,67.26,53,22.34,19,16,22,1,1,1,2,233.78,0,2,1,142.04,142.04,0.182,1.0,0.019,2.0,1
cust_4243,7,28,338.56,48.37,19,5.15,8,6,9,2,0,1,1,27.93,0,0,0,0.0,0.0,0.143,0.0,0.053,1.286,0
cust_4244,2,10,662.98,331.49,6,3.6,2,2,5,1,1,1,2,44.16,0,1,0,0.0,0.0,1.0,0.5,0.167,2.5,0
cust_4245,2,21,360.67,180.33,14,24.61,5,4,9,1,0,0,4,538.13,1,3,0,0.0,0.0,2.0,0.75,0.0,4.5,1
cust_4246,12,72,612.51,51.04,31,0.63,16,13,16,4,0,1,1,53.32,0,1,0,0.0,0.0,0.083,1.0,0.032,1.333,0
cust_4247,4,17,513.11,128.28,9,6.41,3,3,7,1,1,0,2,238.14,1,0,0,0.0,0.0,0.5,0.0,0.0,1.75,0
cust_4248,2,18,416.98,208.49,7,2.91,2,2,4,0,1,0,4,210.99,0,1,0,0.0,0.0,2.0,0.25,0.0,2.0,0
cust_4249,11,83,2643.53,240.32,33,4.81,10,9,10,1,0,0,3,277.5,0,0,1,233.93,233.93,0.273,0.0,0.0,0.909,1
cust_4250,2,25,144.83,72.42,13,5.29,3,3,6,0,0,2,3,207.64,2,1,0,0.0,0.0,1.5,0.333,0.154,3.0,1
cust_4251,20,260,2291.19,114.56,154,7.88,30,6,34,1,0,1,1,67.99,1,0,0,0.0,0.0,0.05,0.0,0.006,1.7,1
cust_4252,5,53,967.87,193.57,22,6.04,7,3,7,1,0,0,1,104.22,2,0,0,0.0,0.0,0.2,0.0,0.0,1.4,0
cust_4253,4,28,740.28,185.07,14,44.27,6,5,7,1,0,1,1,89.24,0,0,0,0.0,0.0,0.25,0.0,0.071,1.75,0
cust_4254,7,63,842.58,120.37,26,0.26,11,9,14,0,0,2,5,1199.92,1,0,0,0.0,0.0,0.714,0.0,0.077,2.0,1
cust_4255,3,35,599.77,199.92,17,14.17,7,1,11,2,2,2,1,106.65,1,2,1,150.26,150.26,0.333,2.0,0.118,3.667,1
cust_4256,4,19,1091.68,272.92,10,0.52,5,5,7,1,0,0,0,0.0,2,0,1,134.81,134.81,0.0,0.0,0.0,1.75,0
cust_4257,4,30,878.52,219.63,15,5.64,4,3,5,0,0,1,2,16.15,1,1,0,0.0,0.0,0.5,0.5,0.067,1.25,0
cust_4258,6,78,1011.68,168.61,44,2.25,20,14,22,0,0,1,1,66.01,1,0,0,0.0,0.0,0.167,0.0,0.023,3.667,0
cust_4259,4,33,294.49,73.62,18,29.06,7,3,7,1,0,0,1,182.64,0,0,1,67.53,67.53,0.25,0.0,0.0,1.75,0
cust_4260,3,32,306.17,102.06,15,12.82,5,5,7,0,0,0,3,319.78,0,1,0,0.0,0.0,1.0,0.333,0.0,2.333,0
cust_4261,3,15,430.21,143.4,7,6.21,2,2,6,1,1,0,1,55.43,3,2,1,175.34,175.34,0.333,2.0,0.0,2.0,1
cust_4262,4,50,379.04,94.76,26,30.42,11,9,15,1,1,1,0,0.0,1,0,1,188.2,188.2,0.0,0.0,0.038,3.75,0
cust_4263,2,10,283.12,141.56,5,12.78,2,2,4,2,0,0,3,126.66,0,2,1,118.77,118.77,1.5,0.667,0.0,2.0,0
cust_4264,4,53,769.53,192.38,33,30.35,7,4,7,1,0,1,0,0.0,1,0,0,0.0,0.0,0.0,0.0,0.03,1.75,0
cust_4265,6,31,1324.68,220.78,13,12.19,7,4,11,2,0,1,2,95.31,0,1,1,217.87,217.87,0.333,0.5,0.077,1.833,0
cust_4266,4,55,313.85,78.46,36,0.81,13,11,17,0,0,0,2,136.54,2,2,0,0.0,0.0,0.5,1.0,0.0,4.25,1
cust_4267,15,120,4562.02,304.13,59,9.58,28,1,30,1,0,0,1,16.07,1,1,0,0.0,0.0,0.067,1.0,0.0,2.0,1
cust_4268,4,43,460.71,115.18,26,39.3,13,12,15,1,1,0,0,0.0,3,0,0,0.0,0.0,0.0,0.0,0.0,3.75,0
cust_4269,5,66,248.48,49.7,43,2.41,11,8,11,1,1,0,0,0.0,1,0,1,336.07,336.07,0.0,0.0,0.0,2.2,0
cust_4270,13,53,927.54,71.35,35,15.74,7,4,8,0,0,1,1,131.32,1,0,0,0.0,0.0,0.077,0.0,0.029,0.615,0
cust_4271,3,20,299.09,99.7,10,2.04,2,2,5,2,1,2,2,191.17,0,0,0,0.0,0.0,0.667,0.0,0.2,1.667,0
cust_4272,4,55,1173.06,293.27,26,6.02,8,2,11,1,0,4,2,225.26,0,0,0,0.0,0.0,0.5,0.0,0.154,2.75,0
cust_4273,12,99,1950.9,162.57,57,0.88,33,1,36,0,0,1,0,0.0,1,0,0,0.0,0.0,0.0,0.0,0.018,3.0,1
cust_4274,6,70,1994.82,332.47,31,4.16,6,4,8,0,0,1,1,104.11,0,1,0,0.0,0.0,0.167,1.0,0.032,1.333,0
cust_4275,5,27,700.3,140.06,17,14.97,9,3,13,1,0,0,1,61.13,2,0,0,0.0,0.0,0.2,0.0,0.0,2.6,0
cust_4276,9,103,1001.43,111.27,63,0.46,26,15,30,3,0,1,0,0.0,0,0,0,0.0,0.0,0.0,0.0,0.016,3.333,1
cust_4277,4,19,1238.25,309.56,12,3.86,2,2,3,2,0,0,3,48.67,0,1,1,133.86,133.86,0.75,0.333,0.0,0.75,0
cust_4278,9,107,1230.64,136.74,56,9.94,14,10,18,2,0,1,3,250.08,1,0,0,0.0,0.0,0.333,0.0,0.018,2.0,0
cust_4279,12,90,2531.72,210.98,51,29.67,24,8,26,0,0,0,0,0.0,0,0,0,0.0,0.0,0.0,0.0,0.0,2.167,0
cust_4280,6,54,705.05,117.51,23,2.82,10,10,10,0,0,0,2,200.54,1,1,1,53.14,53.14,0.333,0.5,0.0,1.667,1
cust_4281,5,29,757.04,151.41,17,1.9,4,1,4,2,0,1,5,429.63,2,3,1,170.58,170.58,1.0,0.6,0.059,0.8,1
cust_4282,10,109,1619.01,161.9,59,2.28,33,8,36,0,0,0,1,67.83,1,2,0,0.0,0.0,0.1,2.0,0.0,3.6,1
cust_4283,5,38,579.87,115.97,21,2.7,5,5,8,1,0,0,1,102.27,1,1,0,0.0,0.0,0.2,1.0,0.0,1.6,0
cust_4284,12,98,2516.96,209.75,64,10.17,25,2,25,2,1,1,1,146.46,0,0,0,0.0,0.0,0.083,0.0,0.016,2.083,0
cust_4285,16,178,4027.83,251.74,112,66.21,46,6,49,2,1,0,1,21.53,1,0,0,0.0,0.0,0.062,0.0,0.0,3.062,0
cust_4286,5,29,1312.08,262.42,16,7.41,8,3,11,2,0,1,1,188.15,0,2,1,117.76,117.76,0.2,2.0,0.062,2.2,1
cust_4287,5,66,570.43,114.09,33,3.17,6,4,7,1,0,1,0,0.0,2,0,1,48.87,48.87,0.0,0.0,0.03,1.4,0
cust_4288,4,48,451.97,112.99,25,13.74,6,2,6,1,0,1,2,80.81,1,0,0,0.0,0.0,0.5,0.0,0.04,1.5,0
cust_4289,2,20,688.85,344.43,10,1.72,2,2,3,2,0,1,1,88.81,1,0,0,0.0,0.0,0.5,0.0,0.1,1.5,0
cust_4290,5,27,656.41,131.28,12,0.3,2,1,5,1,0,2,0,0.0,2,0,1,169.79,169.79,0.0,0.0,0.167,1.0,0
cust_4291,7,80,581.38,83.05,47,9.3,21,9,25,0,1,1,0,0.0,3,0,0,0.0,0.0,0.0,0.0,0.021,3.571,1
cust_4292,4,16,154.73,38.68,9,2.36,2,2,5,2,0,0,1,125.19,2,1,1,191.28,191.28,0.25,1.0,0.0,1.25,0
cust_4293,6,77,627.14,104.52,53,5.1,22,6,25,1,0,1,2,153.37,2,1,0,0.0,0.0,0.333,0.5,0.019,4.167,1
cust_4294,8,58,1246.67,155.83,31,2.63,15,6,16,0,0,0,2,267.49,2,0,0,0.0,0.0,0.25,0.0,0.0,2.0,1
cust_4295,2,10,105.34,52.67,6,25.02,2,2,4,1,0,1,1,88.52,2,1,0,0.0,0.0,0.5,1.0,0.167,2.0,0
cust_4296,2,11,475.68,237.84,5,4.12,2,1,4,0,0,2,2,67.73,1,0,0,0.0,0.0,1.0,0.0,0.4,2.0,0
cust_4297,10,145,2863.67,286.37,86,5.96,43,12,47,2,1,0,0,0.0,0,0,1,172.62,172.62,0.0,0.0,0.0,4.7,1
cust_4298,5,62,668.56,133.71,43,2.68,13,10,16,3,0,2,3,314.31,1,1,0,0.0,0.0,0.6,0.333,0.047,3.2,1
cust_4299,3,19,490.82,163.61,11,0.89,2,1,4,2,0,0,2,274.61,0,2,0,0.0,0.0,0.667,1.0,0.0,1.333,1
cust_4300,5,72,353.03,70.61,38,7.19,9,2,13,3,0,0,0,0.0,2,0,0,0.0,0.0,0.0,0.0,0.0,2.6,0
cust_4301,2,11,96.44,48.22,6,20.3,3,1,6,3,1,1,1,107.95,1,0,0,0.0,0.0,0.5,0.0,0.167,3.0,0
cust_4302,6,72,1423.55,237.26,47,4.33,17,17,17,1,0,0,1,69.56,2,3,0,0.0,0.0,0.167,3.0,0.0,2.833,1
cust_4303,3,33,176.22,58.74,22,15.19,11,2,15,2,0,1,2,339.36,0,0,0,0.0,0.0,0.667,0.0,0.045,5.0,0
cust_4304,8,104,765.64,95.7,55,0.33,23,5,25,0,0,0,3,278.46,2,2,1,131.54,131.54,0.375,0.667,0.0,3.125,1
cust_4305,4,32,319.45,79.86,20,2.69,5,4,8,1,0,0,1,194.57,1,1,1,127.1,127.1,0.25,1.0,0.0,2.0,1
cust_4306,3,25,417.27,139.09,17,1.41,8,1,12,3,1,0,1,137.82,2,0,0,0.0,0.0,0.333,0.0,0.0,4.0,0
cust_4307,7,76,1293.56,184.79,36,5.16,15,9,16,1,0,1,1,71.78,0,1,0,0.0,0.0,0.143,1.0,0.028,2.286,0
cust_4308,9,75,1236.76,137.42,41,22.47,13,4,17,3,1,0,5,385.34,3,0,0,0.0,0.0,0.556,0.0,0.0,1.889,1
cust_4309,6,26,1395.77,232.63,18,4.68,4,1,6,2,0,0,0,0.0,0,0,0,0.0,0.0,0.0,0.0,0.0,1.0,0
cust_4310,2,24,139.23,69.62,12,9.25,2,2,5,0,0,0,3,303.72,1,1,0,0.0,0.0,1.5,0.333,0.0,2.5,1
cust_4311,6,66,1174.35,195.72,38,22.84,10,5,10,3,0,0,3,489.88,1,1,2,145.03,72.52,0.5,0.333,0.0,1.667,1
cust_4312,7,60,412.2,58.89,35,4.46,16,10,16,1,0,0,1,141.36,0,2,0,0.0,0.0,0.143,2.0,0.0,2.286,1
cust_4313,2,14,141.31,70.66,6,4.55,2,1,6,1,0,0,0,0.0,2,0,0,0.0,0.0,0.0,0.0,0.0,3.0,0
cust_4314,2,15,338.48,169.24,9,0.92,4,3,5,3,0,0,0,0.0,1,0,0,0.0,0.0,0.0,0.0,0.0,2.5,0
cust_4315,4,48,1029.73,257.43,25,4.29,8,3,8,0,0,1,2,355.57,0,0,2,372.48,186.24,0.5,0.0,0.04,2.0,1
cust_4316,5,60,2802.33,560.47,33,13.71,12,8,13,2,0,0,0,0.0,0,0,1,144.6,144.6,0.0,0.0,0.0,2.6,0
cust_4317,1,13,401.02,401.02,7,18.62,3,2,7,1,0,0,3,370.73,1,0,1,99.4,99.4,3.0,0.0,0.0,7.0,0
cust_4318,13,160,3549.14,273.01,83,12.83,38,4,41,0,0,0,1,136.26,0,2,1,70.61,70.61,0.077,2.0,0.0,3.154,1
cust_4319,8,98,1850.04,231.25,48,0.07,24,12,27,1,0,2,1,259.42,1,0,2,192.62,96.31,0.125,0.0,0.042,3.375,1
cust_4320,2,13,298.63,149.32,7,1.24,2,1,2,0,0,1,2,290.71,0,0,2,539.13,269.56,1.0,0.0,0.143,1.0,1
cust_4321,6,30,1112.12,185.35,15,13.13,3,1,3,0,0,2,1,269.69,0,1,3,951.89,317.3,0.167,1.0,0.133,0.5,1
cust_4322,9,111,1365.16,151.68,58,28.54,17,3,17,2,0,0,2,76.38,0,2,1,277.15,277.15,0.222,1.0,0.0,1.889,1
cust_4323,9,45,2792.21,310.25,19,11.89,6,1,6,1,0,1,1,136.2,0,1,0,0.0,0.0,0.111,1.0,0.053,0.667,0
cust_4324,3,44,608.23,202.74,28,2.56,16,10,20,0,1,0,0,0.0,0,0,1,304.68,304.68,0.0,0.0,0.0,6.667,0
cust_4325,4,54,443.8,110.95,28,1.14,8,3,9,0,0,0,2,164.79,0,0,0,0.0,0.0,0.5,0.0,0.0,2.25,0
cust_4326,5,49,354.04,70.81,20,20.96,10,2,12,2,0,1,1,146.76,0,1,1,147.12,147.12,0.2,1.0,0.05,2.4,0
cust_4327,1,7,69.69,69.69,4,1.04,1,1,5,0,1,2,0,0.0,1,0,0,0.0,0.0,0.0,0.0,0.5,5.0,0
cust_4328,7,68,495.43,70.78,27,1.64,7,1,7,0,0,2,0,0.0,1,0,0,0.0,0.0,0.0,0.0,0.074,1.0,0
cust_4329,4,48,302.82,75.7,27,9.08,9,5,9,1,0,0,2,112.9,2,3,1,132.42,132.42,0.5,1.5,0.0,2.25,1
cust_4330,5,61,242.73,48.55,37,2.11,14,11,14,1,0,1,2,307.34,1,0,0,0.0,0.0,0.4,0.0,0.027,2.8,0
cust_4331,3,14,324.9,108.3,6,2.58,2,1,4,1,0,0,3,253.0,0,0,1,135.42,135.42,1.0,0.0,0.0,1.333,0
cust_4332,6,77,941.27,156.88,33,1.53,9,5,10,1,1,0,0,0.0,0,0,0,0.0,0.0,0.0,0.0,0.0,1.667,0
cust_4333,13,143,1295.52,99.66,62,28.88,18,12,18,2,0,0,1,156.68,2,1,0,0.0,0.0,0.077,1.0,0.0,1.385,0
cust_4334,3,13,601.33,200.44,9,1.33,3,2,6,2,0,0,1,115.07,2,0,1,85.38,85.38,0.333,0.0,0.0,2.0,0
cust_4335,10,74,2592.13,259.21,46,26.78,21,1,21,2,0,0,1,130.25,1,2,2,396.0,198.0,0.1,2.0,0.0,2.1,1
cust_4336,3,28,658.92,219.64,13,3.95,5,3,7,0,0,0,3,425.22,1,1,0,0.0,0.0,1.0,0.333,0.0,2.333,1
cust_4337,5,30,1358.62,271.72,15,17.24,8,4,10,2,1,0,0,0.0,2,0,0,0.0,0.0,0.0,0.0,0.0,2.0,0
cust_4338,8,45,854.05,106.76,26,29.96,12,3,14,2,0,0,0,0.0,0,0,0,0.0,0.0,0.0,0.0,0.0,1.75,0
cust_4339,17,70,1063.97,62.59,37,7.32,20,2,22,3,0,2,2,460.57,1,1,1,76.48,76.48,0.118,0.5,0.054,1.294,1
cust_4340,13,182,3352.86,257.91,87,14.7,33,5,37,0,0,1,2,163.06,0,1,0,0.0,0.0,0.154,0.5,0.011,2.846,1
cust_4341,3,13,309.84,103.28,5,3.09,1,1,1,0,1,1,1,116.02,0,1,0,0.0,0.0,0.333,1.0,0.2,0.333,0
cust_4342,11,88,2903.69,263.97,55,4.83,24,1,27,0,1,0,1,135.38,0,1,1,367.01,367.01,0.091,1.0,0.0,2.455,1
cust_4343,3,18,473.33,157.78,11,8.05,5,1,9,2,1,0,0,0.0,1,0,0,0.0,0.0,0.0,0.0,0.0,3.0,0
cust_4344,2,24,819.78,409.89,11,19.0,4,4,5,0,1,0,1,227.99,3,3,0,0.0,0.0,0.5,3.0,0.0,2.5,1
cust_4345,3,35,170.3,56.77,14,9.7,5,5,9,0,0,0,0,0.0,0,0,1,207.52,207.52,0.0,0.0,0.0,3.0,0
cust_4346,11,141,1963.84,178.53,61,0.22,35,9,35,1,0,0,0,0.0,2,0,0,0.0,0.0,0.0,0.0,0.0,3.182,1
cust_4347,9,97,1794.06,199.34,50,3.64,17,3,21,1,0,1,1,162.93,4,0,0,0.0,0.0,0.111,0.0,0.02,2.333,0
cust_4348,2,21,343.38,171.69,10,20.02,5,5,7,1,0,0,2,145.19,0,1,0,0.0,0.0,1.0,0.5,0.0,3.5,0
cust_4349,7,59,1608.11,229.73,24,2.75,9,8,13,1,0,1,0,0.0,1,0,0,0.0,0.0,0.0,0.0,0.042,1.857,0
cust_4350,6,65,552.77,92.13,34,4.59,13,8,15,0,0,3,0,0.0,1,0,0,0.0,0.0,0.0,0.0,0.088,2.5,0
cust_4351,1,5,171.89,171.89,2,4.94,0,0,4,2,0,2,1,165.87,2,2,2,243.65,121.82,1.0,2.0,1.0,4.0,1
cust_4352,3,34,1198.96,399.65,14,1.68,6,6,7,3,0,1,2,309.09,0,1,1,165.93,165.93,0.667,0.5,0.071,2.333,1
cust_4353,10,51,1479.82,147.98,30,4.3,15,15,15,5,0,1,1,89.3,1,1,0,0.0,0.0,0.1,1.0,0.033,1.5,0
cust_4354,1,13,59.52,59.52,7,17.01,2,2,2,0,1,0,1,72.54,1,1,0,0.0,0.0,1.0,1.0,0.0,2.0,0
cust_4355,11,105,1445.27,131.39,68,18.91,34,17,38,3,0,0,0,0.0,1,0,0,0.0,0.0,0.0,0.0,0.0,3.455,1
cust_4356,1,9,66.95,66.95,4,8.7,1,1,3,2,0,2,1,146.88,0,0,1,116.39,116.39,1.0,0.0,0.5,3.0,0
cust_4357,8,83,1217.18,152.15,36,11.36,10,7,11,1,0,1,2,173.41,1,2,0,0.0,0.0,0.25,1.0,0.028,1.375,1
cust_4358,15,188,3699.7,246.65,95,7.65,54,4,56,1,0,0,2,421.39,1,1,2,288.46,144.23,0.133,0.5,0.0,3.733,1
cust_4359,4,37,794.39,198.6,23,0.45,11,1,11,0,0,0,1,105.91,2,1,2,557.54,278.77,0.25,1.0,0.0,2.75,1
cust_4360,1,8,178.11,178.11,3,11.93,1,1,3,1,0,2,2,80.4,2,3,0,0.0,0.0,2.0,1.5,0.667,3.0,1
cust_4361,1,7,355.63,355.63,3,56.7,0,0,1,0,0,2,1,202.99,0,1,1,72.95,72.95,1.0,1.0,0.667,1.0,0
cust_4362,9,48,722.15,80.24,21,2.59,11,11,12,1,0,0,2,106.52,0,1,0,0.0,0.0,0.222,0.5,0.0,1.333,0
cust_4363,2,12,392.5,196.25,8,40.26,2,2,4,2,0,0,1,147.82,0,0,1,99.25,99.25,0.5,0.0,0.0,2.0,0
cust_4364,2,8,270.48,135.24,5,61.07,1,1,4,0,0,0,0,0.0,0,0,1,112.26,112.26,0.0,0.0,0.0,2.0,0
cust_4365,1,13,443.78,443.78,7,1.53,1,1,2,1,1,0,0,0.0,0,0,2,231.81,115.9,0.0,0.0,0.0,2.0,0
cust_4366,7,86,1305.69,186.53,39,26.06,9,3,10,1,0,1,3,296.03,1,1,0,0.0,0.0,0.429,0.333,0.026,1.429,0
cust_4367,5,32,1618.09,323.62,20,11.26,5,2,8,2,1,0,1,89.02,0,0,0,0.0,0.0,0.2,0.0,0.0,1.6,0
cust_4368,10,40,605.26,60.53,23,6.28,6,5,6,0,0,0,4,494.61,0,0,0,0.0,0.0,0.4,0.0,0.0,0.6,1
cust_4369,15,141,3242.9,216.19,88,4.23,19,17,23,0,0,2,0,0.0,2,0,0,0.0,0.0,0.0,0.0,0.023,1.533,0
cust_4370,4,34,495.62,123.91,22,9.94,12,8,16,2,0,0,1,32.17,1,2,2,482.14,241.07,0.25,2.0,0.0,4.0,1
cust_4371,4,50,611.76,152.94,24,18.5,12,8,16,0,0,1,2,111.7,1,1,1,185.69,185.69,0.5,0.5,0.042,4.0,0
cust_4372,14,118,1550.04,110.72,79,0.35,39,7,43,2,0,1,1,262.29,0,0,0,0.0,0.0,0.071,0.0,0.013,3.071,1
cust_4373,4,54,376.61,94.15,36,7.67,14,3,14,0,0,0,2,168.36,2,1,1,198.1,198.1,0.5,0.5,0.0,3.5,1
cust_4374,3,15,395.52,131.84,8,10.51,2,2,5,0,0,2,0,0.0,0,0,0,0.0,0.0,0.0,0.0,0.25,1.667,0
cust_4375,11,88,1033.78,93.98,53,0.26,19,13,20,2,0,1,0,0.0,0,0,0,0.0,0.0,0.0,0.0,0.019,1.818,0
cust_4376,4,57,711.42,177.85,29,21.99,8,4,8,3,0,1,0,0.0,0,0,0,0.0,0.0,0.0,0.0,0.034,2.0,0
cust_4377,7,28,1398.48,199.78,16,30.32,7,2,11,1,0,1,1,71.18,0,1,0,0.0,0.0,0.143,1.0,0.062,1.571,0
cust_4378,12,99,1711.87,142.66,55,9.48,12,1,14,0,0,0,0,0.0,1,0,0,0.0,0.0,0.0,0.0,0.0,1.167,0
cust_4379,1,6,44.47,44.47,2,1.24,0,0,4,1,1,1,4,519.14,1,0,1,176.89,176.89,4.0,0.0,0.5,4.0,1
cust_4380,2,19,485.74,242.87,9,26.94,3,1,3,1,0,1,0,0.0,3,0,0,0.0,0.0,0.0,0.0,0.111,1.5,0
cust_4381,4,28,1111.19,277.8,16,16.35,8,7,8,1,0,0,1,122.41,1,1,0,0.0,0.0,0.25,1.0,0.0,2.0,0
cust_4382,8,108,1062.56,132.82,74,0.29,43,3,44,1,0,1,3,445.54,0,1,0,0.0,0.0,0.375,0.333,0.014,5.5,1
cust_4383,3,42,1110.22,370.07,19,8.65,10,3,12,1,0,1,2,417.07,1,0,0,0.0,0.0,0.667,0.0,0.053,4.0,0
cust_4384,6,80,500.99,83.5,41,1.22,20,16,24,2,0,0,3,241.86,1,2,0,0.0,0.0,0.5,0.667,0.0,4.0,1
cust_4385,4,33,760.49,190.12,21,1.52,7,1,9,0,0,1,2,172.26,1,1,0,0.0,0.0,0.5,0.5,0.048,2.25,0
cust_4386,5,74,715.82,143.16,32,2.14,9,1,12,1,1,0,0,0.0,0,0,1,79.31,79.31,0.0,0.0,0.0,2.4,0
cust_4387,5,60,1640.96,328.19,41,5.04,19,16,22,1,0,1,2,146.97,0,3,0,0.0,0.0,0.4,1.5,0.024,4.4,1
cust_4388,3,23,448.08,149.36,13,20.91,3,1,4,1,0,0,1,85.3,1,2,0,0.0,0.0,0.333,2.0,0.0,1.333,0
cust_4389,3,15,160.01,53.34,10,0.32,2,1,4,0,0,0,1,24.0,1,2,0,0.0,0.0,0.333,2.0,0.0,1.333,0
cust_4390,5,56,288.42,57.68,36,11.69,15,15,15,3,0,1,1,194.94,1,0,0,0.0,0.0,0.2,0.0,0.028,3.0,0
cust_4391,1,12,53.46,53.46,7,33.4,2,1,6,2,0,0,3,289.14,0,0,0,0.0,0.0,3.0,0.0,0.0,6.0,0
cust_4392,4,21,871.52,217.88,8,10.25,4,2,4,2,0,0,1,44.81,2,0,0,0.0,0.0,0.25,0.0,0.0,1.0,0
cust_4393,7,70,1614.03,230.58,36,16.91,16,11,19,1,0,1,2,257.82,0,2,0,0.0,0.0,0.286,1.0,0.028,2.714,1
cust_4394,8,118,661.69,82.71,54,23.2,24,13,26,0,0,0,2,289.27,0,1,1,203.81,203.81,0.25,0.5,0.0,3.25,1
cust_4395,12,91,1200.64,100.05,60,12.55,30,5,31,1,0,1,0,0.0,3,0,1,100.23,100.23,0.0,0.0,0.017,2.583,1
cust_4396,4,29,1148.01,287.0,17,10.78,5,5,7,1,0,2,2,60.06,0,0,0,0.0,0.0,0.5,0.0,0.118,1.75,0
cust_4397,4,55,929.74,232.43,23,0.18,13,12,16,1,0,0,0,0.0,1,0,0,0.0,0.0,0.0,0.0,0.0,4.0,0
cust_4398,2,10,181.65,90.83,5,7.32,1,1,1,0,0,0,1,22.23,0,1,2,293.49,146.74,0.5,1.0,0.0,0.5,0
cust_4399,4,57,1193.28,298.32,23,6.33,12,1,14,1,0,0,4,554.17,0,2,1,149.2,149.2,1.0,0.5,0.0,3.5,1
cust_4400,2,25,330.44,165.22,15,7.4,8,5,10,1,0,1,0,0.0,2,0,1,130.38,130.38,0.0,0.0,0.067,5.0,0
cust_4401,5,41,1093.02,218.6,21,5.66,4,1,8,1,0,0,4,474.01,1,1,0,0.0,0.0,0.8,0.25,0.0,1.6,1
cust_4402,6,29,679.51,113.25,13,23.7,5,5,6,1,0,0,2,193.12,0,1,0,0.0,0.0,0.333,0.5,0.0,1.0,0
cust_4403,2,8,330.54,165.27,4,21.98,1,1,2,1,0,2,2,242.72,1,1,1,70.48,70.48,1.0,0.5,0.5,1.0,0
cust_4404,5,40,300.44,60.09,16,1.34,9,6,13,3,0,0,1,73.5,1,3,3,431.39,143.8,0.2,3.0,0.0,2.6,1
cust_4405,8,94,820.92,102.62,44,7.61,13,8,17,2,0,0,2,192.0,0,1,2,275.15,137.57,0.25,0.5,0.0,2.125,1
cust_4406,1,9,66.91,66.91,4,32.08,1,1,4,1,0,1,3,248.33,2,1,1,263.88,263.88,3.0,0.333,0.25,4.0,0
cust_4407,2,24,280.79,140.39,16,9.13,8,1,8,0,0,0,2,479.93,1,0,1,119.96,119.96,1.0,0.0,0.0,4.0,1
cust_4408,4,45,472.86,118.21,23,16.18,5,4,9,4,0,1,2,30.29,0,1,0,0.0,0.0,0.5,0.5,0.043,2.25,0
cust_4409,10,103,738.82,73.88,59,4.67,31,17,34,1,0,1,2,260.89,1,2,1,387.62,387.62,0.2,1.0,0.017,3.4,1
cust_4410,5,73,568.06,113.61,40,4.74,14,6,14,1,0,1,4,515.39,1,0,1,63.43,63.43,0.8,0.0,0.025,2.8,1
cust_4411,13,156,1293.62,99.51,93,3.94,42,10,44,2,0,1,3,333.04,0,2,0,0.0,0.0,0.231,0.667,0.011,3.385,1
cust_4412,8,112,2007.26,250.91,54,0.22,11,6,15,1,0,1,0,0.0,0,0,0,0.0,0.0,0.0,0.0,0.019,1.875,0
cust_4413,2,13,119.66,59.83,5,25.88,1,1,2,1,2,1,1,35.47,0,3,1,176.87,176.87,0.5,3.0,0.2,1.0,0
cust_4414,7,82,1139.95,162.85,34,4.3,13,8,14,1,0,0,3,295.38,1,1,1,87.77,87.77,0.429,0.333,0.0,2.0,1
cust_4415,2,21,243.59,121.8,9,4.57,2,2,4,2,0,0,1,109.8,0,2,0,0.0,0.0,0.5,2.0,0.0,2.0,0
cust_4416,1,14,190.98,190.98,7,14.25,4,2,6,0,2,1,0,0.0,1,0,0,0.0,0.0,0.0,0.0,0.143,6.0,0
cust_4417,5,48,713.45,142.69,22,7.48,11,9,13,3,0,2,1,56.45,0,1,0,0.0,0.0,0.2,1.0,0.091,2.6,0
cust_4418,4,28,327.45,81.86,14,4.49,7,2,10,2,0,0,1,141.37,0,0,2,161.38,80.69,0.25,0.0,0.0,2.5,0
cust_4419,12,98,3510.05,292.5,40,21.51,15,1,17,4,0,3,0,0.0,0,0,0,0.0,0.0,0.0,0.0,0.075,1.417,0
cust_4420,3,19,724.55,241.52,11,17.45,4,1,7,1,0,1,0,0.0,1,0,0,0.0,0.0,0.0,0.0,0.091,2.333,0
cust_4421,3,19,581.8,193.93,12,37.64,6,2,10,1,0,2,1,86.33,3,1,2,416.82,208.41,0.333,1.0,0.167,3.333,1
cust_4422,5,45,1141.33,228.27,18,10.24,6,2,10,1,0,1,1,131.45,0,2,0,0.0,0.0,0.2,2.0,0.056,2.0,1
cust_4423,3,41,321.14,107.05,19,11.71,7,2,10,0,0,1,5,344.83,3,1,0,0.0,0.0,1.667,0.2,0.053,3.333,1
cust_4424,3,18,131.58,43.86,8,3.92,3,1,3,0,0,0,2,283.66,0,1,0,0.0,0.0,0.667,0.5,0.0,1.0,0
cust_4425,1,7,331.27,331.27,3,1.05,1,1,1,1,0,1,0,0.0,0,0,0,0.0,0.0,0.0,0.0,0.333,1.0,0
cust_4426,3,40,230.77,76.92,16,1.12,7,5,11,0,0,1,1,94.67,0,1,0,0.0,0.0,0.333,1.0,0.062,3.667,0
cust_4427,3,23,444.86,148.29,9,10.38,4,3,8,3,0,3,0,0.0,2,0,0,0.0,0.0,0.0,0.0,0.333,2.667,0
cust_4428,3,43,515.68,171.89,28,1.2,10,9,10,4,0,0,1,79.56,1,1,0,0.0,0.0,0.333,1.0,0.0,3.333,0
cust_4429,2,13,314.92,157.46,7,23.71,2,2,2,0,0,0,1,112.36,0,2,0,0.0,0.0,0.5,2.0,0.0,1.0,0
cust_4430,2,17,137.43,68.72,11,12.17,6,5,9,3,2,0,4,436.01,0,0,1,67.28,67.28,2.0,0.0,0.0,4.5,1
cust_4431,3,15,573.7,191.23,7,2.56,3,2,3,2,0,2,0,0.0,1,0,1,32.16,32.16,0.0,0.0,0.286,1.0,0
cust_4432,8,119,1369.88,171.24,78,3.27,15,10,16,1,1,1,1,152.24,0,1,1,176.47,176.47,0.125,1.0,0.013,2.0,0
cust_4433,21,289,1497.89,71.33,186,12.38,75,14,75,0,1,2,0,0.0,2,0,0,0.0,0.0,0.0,0.0,0.011,3.571,1
cust_4434,8,103,327.59,40.95,68,17.38,21,12,21,1,1,4,0,0.0,0,0,1,42.61,42.61,0.0,0.0,0.059,2.625,0
cust_4435,2,11,324.03,162.01,4,18.29,1,1,2,1,0,3,1,134.62,0,2,0,0.0,0.0,0.5,2.0,0.75,1.0,0
cust_4436,2,29,519.22,259.61,17,9.19,6,5,8,1,0,0,1,169.41,2,2,1,151.0,151.0,0.5,2.0,0.0,4.0,1
cust_4437,2,28,194.3,97.15,15,1.69,3,3,4,2,0,0,4,286.48,0,0,1,99.56,99.56,2.0,0.0,0.0,2.0,0
cust_4438,3,26,868.39,289.46,14,17.06,6,2,10,1,0,1,1,164.08,0,1,0,0.0,0.0,0.333,1.0,0.071,3.333,0
cust_4439,4,45,272.43,68.11,24,15.69,7,7,11,1,0,0,2,114.45,0,2,0,0.0,0.0,0.5,1.0,0.0,2.75,1
cust_4440,6,89,1671.22,278.54,56,18.04,17,15,21,2,0,1,2,230.23,0,3,1,72.31,72.31,0.333,1.5,0.018,3.5,1
cust_4441,8,68,1118.84,139.86,46,1.72,9,1,11,2,0,2,0,0.0,1,0,1,95.9,95.9,0.0,0.0,0.043,1.375,0
cust_4442,1,5,83.54,83.54,3,11.53,1,1,3,2,0,0,2,495.07,1,3,1,267.92,267.92,2.0,1.5,0.0,3.0,1
cust_4443,6,81,1120.28,186.71,53,32.25,22,16,26,0,0,1,0,0.0,0,0,0,0.0,0.0,0.0,0.0,0.019,4.333,0
cust_4444,13,120,3046.27,234.33,65,2.96,25,4,25,1,0,1,2,187.7,0,0,0,0.0,0.0,0.154,0.0,0.015,1.923,1
cust_4445,2,29,558.95,279.47,17,12.61,7,6,10,0,0,0,0,0.0,0,0,0,0.0,0.0,0.0,0.0,0.0,5.0,0
cust_4446,2,20,373.25,186.62,10,3.0,3,3,6,0,0,2,3,302.9,1,1,0,0.0,0.0,1.5,0.333,0.2,3.0,1
cust_4447,10,43,815.0,81.5,21,3.67,8,3,10,1,0,1,3,472.53,2,3,0,0.0,0.0,0.3,1.0,0.048,1.0,1
cust_4448,4,37,308.37,77.09,24,6.64,7,2,9,2,0,0,5,584.61,0,1,0,0.0,0.0,1.25,0.2,0.0,2.25,1
cust_4449,12,142,1305.82,108.82,95,22.53,21,5,24,0,0,1,5,427.03,0,0,0,0.0,0.0,0.417,0.0,0.011,2.0,0
cust_4450,8,34,579.42,72.43,20,0.39,8,2,8,0,1,1,3,280.5,2,1,0,0.0,0.0,0.375,0.333,0.05,1.0,1
cust_4451,2,17,529.79,264.9,11,45.7,3,2,3,0,0,1,2,224.7,1,2,0,0.0,0.0,1.0,1.0,0.091,1.5,0
cust_4452,6,34,515.2,85.87,17,14.79,8,1,10,0,0,1,4,513.23,2,2,1,110.23,110.23,0.667,0.5,0.059,1.667,1
cust_4453,7,77,1137.18,162.45,40,4.46,15,12,15,1,0,0,3,211.89,0,1,1,53.8,53.8,0.429,0.333,0.0,2.143,1
cust_4454,4,58,342.22,85.55,37,4.37,11,1,14,2,2,0,2,473.08,0,0,0,0.0,0.0,0.5,0.0,0.0,3.5,1
cust_4455,1,10,163.1,163.1,5,6.6,2,2,4,1,0,0,2,114.74,0,2,0,0.0,0.0,2.0,1.0,0.0,4.0,0
cust_4456,4,46,1870.94,467.74,18,20.83,4,2,5,2,0,0,3,493.71,1,0,1,132.21,132.21,0.75,0.0,0.0,1.25,0
cust_4457,5,41,328.98,65.8,20,0.18,10,5,12,3,0,0,2,218.98,0,1,1,157.2,157.2,0.4,0.5,0.0,2.4,1
cust_4458,3,30,804.86,268.29,15,7.95,5,3,9,1,0,1,3,268.37,1,3,1,53.34,53.34,1.0,1.0,0.067,3.0,1
cust_4459,7,69,921.26,131.61,30,0.58,15,15,15,3,0,0,3,429.54,1,3,0,0.0,0.0,0.429,1.0,0.0,2.143,1
cust_4460,5,61,929.05,185.81,30,1.23,7,4,7,0,0,1,1,139.57,0,0,0,0.0,0.0,0.2,0.0,0.033,1.4,0
cust_4461,2,26,302.05,151.02,17,11.73,6,1,9,2,0,1,1,43.69,0,2,1,139.87,139.87,0.5,2.0,0.059,4.5,1
cust_4462,2,22,158.43,79.22,14,2.67,3,1,5,0,0,0,1,39.98,0,0,2,135.83,67.92,0.5,0.0,0.0,2.5,0
cust_4463,2,29,153.91,76.96,15,0.42,3,1,6,2,0,2,0,0.0,0,0,0,0.0,0.0,0.0,0.0,0.133,3.0,0
cust_4464,1,13,63.74,63.74,7,1.79,4,3,6,3,0,0,1,173.88,3,1,0,0.0,0.0,1.0,1.0,0.0,6.0,0
cust_4465,4,21,1420.11,355.03,9,2.34,4,4,6,2,0,0,2,182.66,2,0,0,0.0,0.0,0.5,0.0,0.0,1.5,0
cust_4466,10,95,747.48,74.75,59,14.69,19,3,20,2,0,1,1,36.73,1,1,2,248.55,124.28,0.1,1.0,0.017,2.0,0
cust_4467,2,27,346.59,173.29,14,9.81,4,3,4,1,0,0,1,93.08,1,0,0,0.0,0.0,0.5,0.0,0.0,2.0,0
cust_4468,7,100,1101.77,157.4,61,13.28,17,8,21,2,0,2,3,485.74,0,0,0,0.0,0.0,0.429,0.0,0.033,3.0,1
cust_4469,13,106,8854.93,681.15,62,4.62,13,3,17,2,0,2,2,180.63,1,1,1,100.94,100.94,0.154,0.5,0.032,1.308,1
cust_4470,5,59,3354.87,670.97,27,1.2,6,4,6,0,0,1,0,0.0,3,0,1,138.5,138.5,0.0,0.0,0.037,1.2,0
cust_4471,17,144,3049.36,179.37,93,16.36,22,10,25,0,0,1,2,167.57,1,1,1,88.18,88.18,0.118,0.5,0.011,1.471,1
cust_4472,2,10,692.27,346.14,5,1.51,2,1,6,0,0,2,0,0.0,2,0,0,0.0,0.0,0.0,0.0,0.4,3.0,0
cust_4473,8,109,662.29,82.79,69,4.82,30,5,31,0,0,2,4,349.05,0,2,0,0.0,0.0,0.5,0.5,0.029,3.875,1
cust_4474,9,128,1227.77,136.42,54,3.04,23,5,24,0,0,3,1,107.01,0,2,1,43.1,43.1,0.111,2.0,0.056,2.667,1
cust_4475,1,9,197.19,197.19,5,3.52,2,2,3,2,0,1,0,0.0,0,0,1,168.58,168.58,0.0,0.0,0.2,3.0,0
cust_4476,12,50,5665.92,472.16,24,9.21,7,6,11,1,0,1,1,51.88,0,1,0,0.0,0.0,0.083,1.0,0.042,0.917,0
cust_4477,7,90,782.6,111.8,59,1.8,19,12,20,1,0,1,0,0.0,0,0,1,186.33,186.33,0.0,0.0,0.017,2.857,0
cust_4478,2,18,203.35,101.67,12,5.9,3,2,4,1,0,2,1,143.46,1,0,0,0.0,0.0,0.5,0.0,0.167,2.0,0
cust_4479,2,9,74.67,37.33,3,10.18,1,1,4,1,0,1,3,343.09,1,1,1,184.84,184.84,1.5,0.333,0.333,2.0,1
cust_4480,9,54,1702.52,189.17,33,20.32,18,13,18,0,0,0,2,96.01,1,1,1,181.33,181.33,0.222,0.5,0.0,2.0,0
cust_4481,10,56,2719.69,271.97,24,4.64,13,6,17,0,1,1,0,0.0,0,0,0,0.0,0.0,0.0,0.0,0.042,1.7,0
cust_4482,2,23,153.85,76.93,15,3.84,6,2,6,3,0,2,2,502.13,1,2,0,0.0,0.0,1.0,1.0,0.133,3.0,1
cust_4483,3,21,1220.47,406.82,9,4.59,4,1,5,0,1,0,1,123.35,0,1,0,0.0,0.0,0.333,1.0,0.0,1.667,0
cust_4484,3,16,183.48,61.16,7,6.95,4,1,7,1,1,0,3,135.56,1,1,0,0.0,0.0,1.0,0.333,0.0,2.333,0
cust_4485,2,28,266.11,133.06,13,3.76,5,3,5,2,2,1,0,0.0,1,0,0,0.0,0.0,0.0,0.0,0.077,2.5,0
cust_4486,1,14,121.12,121.12,8,2.88,4,2,6,2,0,0,3,331.81,0,0,0,0.0,0.0,3.0,0.0,0.0,6.0,0
cust_4487,2,11,112.34,56.17,5,4.7,2,1,6,2,0,0,1,69.03,1,0,1,371.22,371.22,0.5,0.0,0.0,3.0,0
cust_4488,2,13,363.37,181.68,7,15.04,1,1,2,1,0,0,1,31.03,0,1,0,0.0,0.0,0.5,1.0,0.0,1.0,0
cust_4489,3,31,534.8,178.27,17,2.91,9,2,10,1,0,1,1,16.45,0,1,0,0.0,0.0,0.333,1.0,0.059,3.333,1
cust_4490,1,5,52.12,52.12,2,18.62,0,0,2,0,1,1,2,259.07,2,3,0,0.0,0.0,2.0,1.5,0.5,2.0,1
cust_4491,7,40,1388.33,198.33,22,3.36,10,4,11,0,0,2,0,0.0,2,0,0,0.0,0.0,0.0,0.0,0.091,1.571,0
cust_4492,9,69,1563.18,173.69,30,9.24,8,3,8,0,0,1,2,147.76,0,0,0,0.0,0.0,0.222,0.0,0.033,0.889,0
cust_4493,17,245,5239.51,308.21,162,35.4,90,14,91,0,0,1,2,74.47,0,2,0,0.0,0.0,0.118,1.0,0.006,5.353,1
cust_4494,7,102,1396.93,199.56,47,30.32,13,7,13,0,0,0,1,81.42,0,1,0,0.0,0.0,0.143,1.0,0.0,1.857,0
cust_4495,5,66,2485.23,497.05,43,5.7,11,10,11,2,0,1,1,90.02,1,0,1,288.84,288.84,0.2,0.0,0.023,2.2,0
cust_4496,5,58,479.29,95.86,32,0.7,12,12,16,0,0,1,2,280.32,1,1,0,0.0,0.0,0.4,0.5,0.031,3.2,1
cust_4497,3,35,262.5,87.5,20,23.29,7,7,11,1,0,0,1,108.95,1,1,1,99.83,99.83,0.333,1.0,0.0,3.667,0
cust_4498,1,9,36.71,36.71,4,1.36,2,2,6,1,0,1,2,95.67,0,0,1,230.88,230.88,2.0,0.0,0.25,6.0,0
cust_4499,2,19,173.41,86.7,8,25.71,4,3,8,0,0,0,2,426.74,0,0,0,0.0,0.0,1.0,0.0,0.0,4.0,0
cust_4500,11,120,1515.56,137.78,65,13.19,21,6,23,1,0,0,0,0.0,1,0,2,199.57,99.78,0.0,0.0,0.0,2.091,0
cust_4501,3,36,497.37,165.79,17,27.22,6,6,8,2,0,1,0,0.0,3,0,1,58.6,58.6,0.0,0.0,0.059,2.667,0
cust_4502,3,15,259.86,86.62,7,10.95,3,1,6,0,0,0,0,0.0,0,0,0,0.0,0.0,0.0,0.0,0.0,2.0,0
cust_4503,10,64,1749.02,174.9,34,53.21,14,14,14,1,0,0,4,432.22,1,1,0,0.0,0.0,0.4,0.25,0.0,1.4,0
cust_4504,1,14,100.77,100.77,6,6.29,3,2,6,1,0,0,1,46.47,1,1,1,94.32,94.32,1.0,1.0,0.0,6.0,0
cust_4505,7,53,481.08,68.73,25,4.0,9,3,11,1,0,1,1,167.04,1,0,0,0.0,0.0,0.143,0.0,0.04,1.571,0
cust_4506,6,41,762.51,127.08,28,5.0,15,7,18,3,0,0,2,147.71,1,0,0,0.0,0.0,0.333,0.0,0.0,3.0,0
cust_4507,5,43,832.34,166.47,24,4.31,6,6,6,0,0,0,0,0.0,1,0,1,173.08,173.08,0.0,0.0,0.0,1.2,0
cust_4508,3,21,416.55,138.85,13,5.12,7,6,11,1,0,1,1,135.89,3,0,0,0.0,0.0,0.333,0.0,0.077,3.667,0
cust_4509,14,70,5755.54,411.11,28,21.65,9,4,10,0,0,1,2,270.14,0,0,0,0.0,0.0,0.143,0.0,0.036,0.714,0
cust_4510,13,81,800.84,61.6,32,8.97,16,2,18,4,0,0,1,66.27,1,2,0,0.0,0.0,0.077,2.0,0.0,1.385,1
cust_4511,6,66,1276.67,212.78,36,12.94,15,1,15,2,0,0,0,0.0,1,0,0,0.0,0.0,0.0,0.0,0.0,2.5,0
cust_4512,3,19,574.21,191.4,12,3.39,6,1,7,0,0,0,0,0.0,0,0,0,0.0,0.0,0.0,0.0,0.0,2.333,0
cust_4513,6,66,554.64,92.44,38,45.92,11,8,13,0,0,0,0,0.0,2,0,0,0.0,0.0,0.0,0.0,0.0,2.167,0
cust_4514,17,86,2835.41,166.79,50,3.3,24,4,24,0,0,2,3,336.9,1,2,0,0.0,0.0,0.176,0.667,0.04,1.412,1
cust_4515,6,26,957.95,159.66,11,1.73,5,2,7,0,0,1,2,160.42,0,0,2,153.98,76.99,0.333,0.0,0.091,1.167,0
cust_4516,13,175,1888.74,145.29,121,15.06,61,17,61,0,3,0,0,0.0,0,0,2,372.66,186.33,0.0,0.0,0.0,4.692,1
cust_4517,2,24,563.4,281.7,13,18.27,5,4,7,1,0,1,1,75.58,1,1,0,0.0,0.0,0.5,1.0,0.077,3.5,0
cust_4518,3,33,139.11,46.37,14,5.01,6,5,8,2,0,0,0,0.0,0,0,0,0.0,0.0,0.0,0.0,0.0,2.667,0
cust_4519,17,73,1541.71,90.69,38,7.79,10,1,14,0,0,2,1,90.95,0,3,0,0.0,0.0,0.059,3.0,0.053,0.824,1
cust_4520,2,13,367.03,183.52,5,5.35,1,1,1,1,0,0,2,334.85,0,2,1,293.4,293.4,1.0,1.0,0.0,0.5,1
cust_4521,5,64,1847.42,369.48,33,3.48,10,9,13,1,0,0,1,105.37,0,1,0,0.0,0.0,0.2,1.0,0.0,2.6,1
cust_4522,3,16,494.49,164.83,9,16.79,4,2,5,2,0,1,1,16.64,1,0,0,0.0,0.0,0.333,0.0,0.111,1.667,0
cust_4523,2,25,470.1,235.05,12,14.15,3,3,5,1,2,0,1,148.05,1,2,0,0.0,0.0,0.5,2.0,0.0,2.5,1
cust_4524,5,52,1490.81,298.16,25,6.64,7,4,11,1,0,1,0,0.0,1,0,0,0.0,0.0,0.0,0.0,0.04,2.2,0
cust_4525,5,60,836.38,167.28,33,6.08,18,7,21,2,0,0,4,277.82,0,0,0,0.0,0.0,0.8,0.0,0.0,4.2,1
cust_4526,7,77,573.72,81.96,42,1.99,21,15,23,1,0,0,3,194.44,0,0,0,0.0,0.0,0.429,0.0,0.0,3.286,0
cust_4527,3,25,279.01,93.0,13,10.14,6,4,6,2,2,0,0,0.0,1,0,1,125.05,125.05,0.0,0.0,0.0,2.0,0
cust_4528,11,79,1646.91,149.72,43,25.73,16,1,17,1,1,1,3,447.02,0,1,0,0.0,0.0,0.273,0.333,0.023,1.545,1
cust_4529,2,22,108.09,54.05,9,12.69,4,4,7,0,0,0,0,0.0,0,0,1,138.61,138.61,0.0,0.0,0.0,3.5,0
cust_4530,3,38,468.17,156.06,20,7.06,8,1,9,0,0,0,1,42.07,0,0,0,0.0,0.0,0.333,0.0,0.0,3.0,0
cust_4531,11,49,1189.56,108.14,34,0.39,7,2,9,0,0,0,3,188.89,1,1,2,418.45,209.22,0.273,0.333,0.0,0.818,1
cust_4532,8,65,3923.0,490.37,40,26.63,17,8,21,1,0,2,1,148.13,1,0,1,107.35,107.35,0.125,0.0,0.05,2.625,0
cust_4533,9,70,1656.12,184.01,34,3.68,12,6,15,1,0,1,0,0.0,1,0,0,0.0,0.0,0.0,0.0,0.029,1.667,0
cust_4534,5,50,855.53,171.11,30,3.57,7,6,9,0,0,0,0,0.0,0,0,2,386.74,193.37,0.0,0.0,0.0,1.8,0
cust_4535,10,52,1588.91,158.89,25,6.34,8,8,10,0,1,0,2,125.05,1,0,0,0.0,0.0,0.2,0.0,0.0,1.0,0
cust_4536,4,57,337.36,84.34,26,5.61,14,4,15,1,0,0,1,92.51,2,1,0,0.0,0.0,0.25,1.0,0.0,3.75,1
cust_4537,4,40,174.01,43.5,25,32.79,13,6,17,1,0,1,1,97.75,0,0,1,60.11,60.11,0.25,0.0,0.04,4.25,0
cust_4538,1,14,85.2,85.2,6,1.8,3,3,6,2,0,1,0,0.0,2,0,0,0.0,0.0,0.0,0.0,0.167,6.0,0
cust_4539,7,90,1898.62,271.23,59,11.68,28,2,29,1,0,0,2,142.35,1,0,0,0.0,0.0,0.286,0.0,0.0,4.143,1
cust_4540,1,6,115.77,115.77,3,1.13,1,1,2,0,0,1,1,55.09,2,1,1,372.28,372.28,1.0,1.0,0.333,2.0,0
cust_4541,5,27,869.0,173.8,16,3.24,4,1,6,0,0,0,3,457.21,0,1,1,112.49,112.49,0.6,0.333,0.0,1.2,1
cust_4542,9,121,2215.64,246.18,57,12.81,13,10,15,0,0,0,1,24.36,0,0,0,0.0,0.0,0.111,0.0,0.0,1.667,0
cust_4543,3,29,584.04,194.68,17,16.3,5,2,7,3,0,1,1,62.15,4,2,0,0.0,0.0,0.333,2.0,0.059,2.333,1
cust_4544,13,54,3586.07,275.85,25,6.33,8,7,8,0,0,0,2,62.07,0,2,0,0.0,0.0,0.154,1.0,0.0,0.615,1
cust_4545,2,28,159.07,79.53,11,15.58,4,4,7,1,0,0,7,1082.86,0,0,0,0.0,0.0,3.5,0.0,0.0,3.5,1
cust_4546,11,101,2195.35,199.58,65,27.35,35,3,38,0,0,1,4,186.89,3,0,1,263.74,263.74,0.364,0.0,0.015,3.455,1
cust_4547,12,87,705.64,58.8,57,27.46,31,3,35,3,0,1,1,60.03,2,2,0,0.0,0.0,0.083,2.0,0.018,2.917,1
cust_4548,8,77,859.8,107.47,51,4.19,24,19,24,1,0,0,1,54.69,0,1,0,0.0,0.0,0.125,1.0,0.0,3.0,1
cust_4549,14,182,3722.2,265.87,74,3.74,31,6,35,1,0,0,1,91.14,1,2,1,142.17,142.17,0.071,2.0,0.0,2.5,1
cust_4550,1,5,72.2,72.2,3,12.96,0,0,4,2,0,0,1,78.32,1,0,1,157.47,157.47,1.0,0.0,0.0,4.0,0
cust_4551,2,15,459.91,229.95,9,10.62,5,3,5,2,0,0,1,181.05,3,0,1,85.89,85.89,0.5,0.0,0.0,2.5,0
cust_4552,3,22,334.51,111.5,10,4.98,4,1,4,3,0,0,0,0.0,1,0,0,0.0,0.0,0.0,0.0,0.0,1.333,0
cust_4553,2,26,698.64,349.32,14,2.6,5,2,5,3,0,0,2,103.83,1,2,1,141.3,141.3,1.0,1.0,0.0,2.5,1
cust_4554,11,138,1072.46,97.5,72,9.63,17,15,21,1,0,2,2,347.61,0,1,0,0.0,0.0,0.182,0.5,0.028,1.909,1
cust_4555,2,16,245.09,122.54,8,5.63,4,2,7,0,0,1,3,408.43,0,1,0,0.0,0.0,1.5,0.333,0.125,3.5,1
cust_4556,3,33,201.35,67.12,21,1.42,7,6,11,0,0,2,0,0.0,0,0,1,138.31,138.31,0.0,0.0,0.095,3.667,0
cust_4557,2,16,465.88,232.94,8,10.2,4,2,5,2,0,1,2,168.83,0,1,2,328.46,164.23,1.0,0.5,0.125,2.5,0
cust_4558,4,41,2197.91,549.48,20,11.96,5,1,7,0,0,0,3,255.17,1,1,2,672.26,336.13,0.75,0.333,0.0,1.75,0
cust_4559,8,119,4513.75,564.22,52,4.53,11,6,14,1,0,1,2,317.33,1,1,0,0.0,0.0,0.25,0.5,0.019,1.75,1
cust_4560,11,108,1644.98,149.54,65,17.84,24,17,25,1,0,0,1,271.82,0,0,0,0.0,0.0,0.091,0.0,0.0,2.273,0
cust_4561,5,74,882.85,176.57,31,0.77,7,4,10,2,0,0,0,0.0,1,0,0,0.0,0.0,0.0,0.0,0.0,2.0,0
cust_4562,4,48,375.05,93.76,20,6.85,4,2,5,2,1,1,3,871.87,1,0,0,0.0,0.0,0.75,0.0,0.05,1.25,1
cust_4563,5,26,721.1,144.22,15,31.31,7,6,9,1,0,1,3,163.8,2,2,1,208.46,208.46,0.6,0.667,0.067,1.8,0
cust_4564,3,38,428.42,142.81,23,2.11,6,5,8,2,0,1,1,212.98,1,1,0,0.0,0.0,0.333,1.0,0.043,2.667,1
cust_4565,3,17,342.88,114.29,7,1.89,3,2,6,3,0,0,3,345.72,0,0,1,82.73,82.73,1.0,0.0,0.0,2.0,0
cust_4566,13,128,3656.74,281.29,87,4.76,37,6,41,2,0,0,3,306.54,0,3,0,0.0,0.0,0.231,1.0,0.0,3.154,1
cust_4567,9,96,922.79,102.53,61,3.12,15,1,16,1,0,0,1,31.9,0,3,1,320.74,320.74,0.111,3.0,0.0,1.778,1
cust_4568,2,27,541.28,270.64,16,2.5,5,5,7,0,1,1,1,87.33,0,1,0,0.0,0.0,0.5,1.0,0.062,3.5,0
cust_4569,6,37,722.68,120.45,23,29.93,5,4,6,0,0,1,3,506.63,1,2,0,0.0,0.0,0.5,0.667,0.043,1.0,1
cust_4570,2,27,248.83,124.41,14,4.23,5,1,5,0,0,0,1,44.81,0,1,3,710.07,236.69,0.5,1.0,0.0,2.5,1
cust_4571,8,114,822.13,102.77,61,0.62,16,2,20,0,0,0,2,237.58,0,0,1,121.74,121.74,0.25,0.0,0.0,2.5,1
cust_4572,9,44,1307.16,145.24,29,23.0,6,2,10,0,1,0,2,199.57,1,3,1,173.44,173.44,0.222,1.5,0.0,1.111,1
cust_4573,1,13,78.71,78.71,5,5.95,1,1,4,1,0,1,3,519.96,1,1,0,0.0,0.0,3.0,0.333,0.2,4.0,1
cust_4574,2,13,230.87,115.43,8,13.32,1,1,2,3,0,1,2,285.74,1,1,0,0.0,0.0,1.0,0.5,0.125,1.0,0
cust_4575,9,44,695.16,77.24,23,4.58,11,9,12,1,0,0,0,0.0,1,0,0,0.0,0.0,0.0,0.0,0.0,1.333,0
cust_4576,2,29,102.0,51.0,15,27.36,3,2,5,0,0,0,2,155.95,1,1,0,0.0,0.0,1.0,0.5,0.0,2.5,0
cust_4577,1,8,90.55,90.55,3,3.39,1,1,1,3,0,1,3,239.69,0,0,1,106.8,106.8,3.0,0.0,0.333,1.0,0
cust_4578,4,43,567.28,141.82,25,10.87,13,10,13,0,0,0,0,0.0,1,0,0,0.0,0.0,0.0,0.0,0.0,3.25,0
cust_4579,19,191,5679.54,298.92,115,17.39,65,9,66,3,0,1,1,137.56,1,2,1,177.07,177.07,0.053,2.0,0.009,3.474,1
cust_4580,6,38,793.67,132.28,17,2.72,7,7,9,2,0,0,0,0.0,0,0,0,0.0,0.0,0.0,0.0,0.0,1.5,0
cust_4581,3,34,216.49,72.16,19,16.17,9,4,13,2,0,1,0,0.0,0,0,0,0.0,0.0,0.0,0.0,0.053,4.333,0
cust_4582,6,27,398.98,66.5,14,15.72,5,1,8,0,0,0,1,57.39,0,0,0,0.0,0.0,0.167,0.0,0.0,1.333,0
cust_4583,11,68,1659.77,150.89,43,33.3,17,9,21,0,0,1,1,168.23,2,0,0,0.0,0.0,0.091,0.0,0.023,1.909,0
cust_4584,7,100,868.61,124.09,56,25.62,23,1,23,1,0,0,1,88.22,1,1,1,220.87,220.87,0.143,1.0,0.0,3.286,1
cust_4585,18,260,4625.34,256.96,137,4.92,64,10,64,0,0,2,2,334.88,1,1,0,0.0,0.0,0.111,0.5,0.015,3.556,1
cust_4586,10,93,3756.34,375.63,51,8.93,23,10,24,0,0,1,1,106.03,1,1,0,0.0,0.0,0.1,1.0,0.02,2.4,1
cust_4587,6,35,977.94,162.99,19,25.94,9,7,9,1,0,0,1,38.89,1,0,0,0.0,0.0,0.167,0.0,0.0,1.5,0
cust_4588,3,25,1017.98,339.33,17,0.04,7,5,9,0,0,0,2,262.67,2,0,1,89.58,89.58,0.667,0.0,0.0,3.0,1
cust_4589,5,68,491.22,98.24,33,9.87,18,18,22,0,0,2,1,68.08,2,0,1,242.59,242.59,0.2,0.0,0.061,4.4,1
cust_4590,5,23,1256.72,251.34,9,2.43,4,1,5,1,0,0,2,332.18,0,1,1,170.92,170.92,0.4,0.5,0.0,1.0,1
cust_4591,2,10,269.7,134.85,5,13.42,2,1,4,1,0,2,1,47.92,1,0,0,0.0,0.0,0.5,0.0,0.4,2.0,0
cust_4592,6,83,1242.68,207.11,48,15.92,24,17,26,0,1,0,1,212.52,0,1,0,0.0,0.0,0.167,1.0,0.0,4.333,1
cust_4593,2,17,107.54,53.77,11,12.48,5,2,8,1,0,1,1,61.97,0,1,0,0.0,0.0,0.5,1.0,0.091,4.0,0
cust_4594,3,14,379.95,126.65,6,55.41,3,2,3,1,0,0,1,60.88,0,0,0,0.0,0.0,0.333,0.0,0.0,1.0,0
cust_4595,2,11,195.85,97.93,6,6.52,2,2,2,0,0,1,2,304.36,0,0,0,0.0,0.0,1.0,0.0,0.167,1.0,0
cust_4596,6,82,1113.01,185.5,36,8.24,9,9,11,0,1,1,0,0.0,0,0,1,237.3,237.3,0.0,0.0,0.028,1.833,0
cust_4597,14,131,3394.66,242.48,70,5.26,16,16,17,0,0,0,1,38.11,2,2,0,0.0,0.0,0.071,2.0,0.0,1.214,1
cust_4598,6,34,194.21,32.37,21,36.49,6,6,8,3,0,1,4,622.78,1,0,1,153.26,153.26,0.667,0.0,0.048,1.333,1
cust_4599,3,41,763.81,254.6,26,25.61,13,11,15,2,0,3,0,0.0,2,0,2,123.86,61.93,0.0,0.0,0.115,5.0,1
cust_4600,2,26,209.59,104.8,16,43.15,3,1,3,1,0,0,2,177.44,0,1,0,0.0,0.0,1.0,0.5,0.0,1.5,0
cust_4601,3,12,466.08,155.36,6,41.92,1,1,5,1,0,0,1,26.79,0,0,0,0.0,0.0,0.333,0.0,0.0,1.667,0
cust_4602,1,10,252.15,252.15,5,22.58,1,1,1,1,0,2,0,0.0,1,0,0,0.0,0.0,0.0,0.0,0.4,1.0,0
cust_4603,12,80,1494.7,124.56,45,26.72,9,5,12,4,0,0,2,114.86,0,1,2,409.13,204.56,0.167,0.5,0.0,1.0,0
cust_4604,9,88,1692.47,188.05,50,1.28,26,9,29,2,0,0,2,206.1,1,0,0,0.0,0.0,0.222,0.0,0.0,3.222,1
cust_4605,2,14,276.11,138.06,9,1.91,2,1,3,1,0,1,0,0.0,1,0,0,0.0,0.0,0.0,0.0,0.111,1.5,0
cust_4606,5,37,311.56,62.31,17,21.64,8,8,12,3,0,0,1,82.83,0,0,1,69.15,69.15,0.2,0.0,0.0,2.4,0
cust_4607,16,169,6422.77,401.42,89,12.98,22,13,24,2,0,0,1,61.57,1,3,0,0.0,0.0,0.062,3.0,0.0,1.5,1
cust_4608,9,89,826.37,91.82,51,20.79,18,17,22,0,0,2,1,67.97,1,0,1,256.79,256.79,0.111,0.0,0.039,2.444,0
cust_4609,9,75,939.67,104.41,47,14.7,11,6,11,3,0,1,2,484.32,0,1,0,0.0,0.0,0.222,0.5,0.021,1.222,1
cust_4610,5,25,1059.75,211.95,15,1.5,3,2,3,0,0,0,2,200.2,1,3,0,0.0,0.0,0.4,1.5,0.0,0.6,1
cust_4611,11,161,2756.61,250.6,70,24.84,31,7,33,2,0,1,3,90.34,0,1,0,0.0,0.0,0.273,0.333,0.014,3.0,1
cust_4612,3,17,311.53,103.84,7,14.75,2,1,4,1,0,0,2,125.71,0,0,0,0.0,0.0,0.667,0.0,0.0,1.333,0
cust_4613,1,10,70.24,70.24,6,8.46,2,2,5,0,0,2,0,0.0,0,0,0,0.0,0.0,0.0,0.0,0.333,5.0,0
cust_4614,7,34,1993.73,284.82,17,7.6,3,3,3,0,0,0,1,101.16,1,0,1,160.31,160.31,0.143,0.0,0.0,0.429,0
cust_4615,2,23,127.21,63.61,9,8.53,3,3,3,0,0,1,2,660.62,0,1,1,277.49,277.49,1.0,0.5,0.111,1.5,1
cust_4616,9,45,1044.67,116.07,20,4.95,10,9,13,3,0,1,0,0.0,0,0,1,138.29,138.29,0.0,0.0,0.05,1.444,0
cust_4617,6,39,734.08,122.35,26,16.26,5,5,6,1,0,1,1,158.8,0,1,1,323.23,323.23,0.167,1.0,0.038,1.0,0
cust_4618,8,88,2037.12,254.64,43,23.97,15,15,16,1,1,1,1,82.35,3,0,0,0.0,0.0,0.125,0.0,0.023,2.0,0
cust_4619,14,99,7059.64,504.26,57,2.92,18,13,21,2,1,0,0,0.0,0,0,2,475.03,237.52,0.0,0.0,0.0,1.5,0
cust_4620,4,39,433.91,108.48,24,0.39,13,7,13,1,0,1,4,606.4,1,1,0,0.0,0.0,1.0,0.25,0.042,3.25,1
cust_4621,3,16,653.9,217.97,9,2.27,2,1,2,2,0,0,3,294.31,0,1,0,0.0,0.0,1.0,0.333,0.0,0.667,1
cust_4622,2,12,360.08,180.04,6,14.16,3,2,4,2,0,0,2,383.85,0,1,0,0.0,0.0,1.0,0.5,0.0,2.0,1
cust_4623,1,12,151.91,151.91,6,20.28,3,1,5,0,0,0,3,645.56,3,0,0,0.0,0.0,3.0,0.0,0.0,5.0,1
cust_4624,1,4,75.72,75.72,2,4.29,0,0,2,2,0,0,1,148.26,3,1,0,0.0,0.0,1.0,1.0,0.0,2.0,0
cust_4625,3,15,786.72,262.24,8,1.65,3,3,6,3,0,0,0,0.0,1,0,0,0.0,0.0,0.0,0.0,0.0,2.0,0
cust_4626,20,127,1520.46,76.02,51,19.56,23,9,25,2,0,0,1,304.63,1,1,0,0.0,0.0,0.05,1.0,0.0,1.25,1
cust_4627,3,12,286.45,95.48,5,2.42,2,2,3,2,0,0,2,304.66,1,1,0,0.0,0.0,0.667,0.5,0.0,1.0,0
cust_4628,7,35,1037.63,148.23,17,2.77,8,8,12,1,0,0,3,316.4,0,1,0,0.0,0.0,0.429,0.333,0.0,1.714,1
cust_4629,2,14,206.15,103.08,7,0.97,2,2,5,1,0,2,0,0.0,1,0,1,135.75,135.75,0.0,0.0,0.286,2.5,0
cust_4630,5,25,340.51,68.1,14,24.12,7,6,7,2,1,4,1,54.35,1,1,0,0.0,0.0,0.2,1.0,0.286,1.4,0
cust_4631,7,94,769.97,110.0,47,3.96,14,12,18,2,0,0,1,116.14,0,0,1,188.76,188.76,0.143,0.0,0.0,2.571,0
cust_4632,7,33,868.56,124.08,21,1.89,4,3,5,0,0,1,1,98.73,0,2,0,0.0,0.0,0.143,2.0,0.048,0.714,0
cust_4633,9,121,2395.75,266.19,65,30.71,38,10,38,1,0,0,0,0.0,1,0,0,0.0,0.0,0.0,0.0,0.0,4.222,0
cust_4634,2,26,425.63,212.82,14,4.09,6,1,8,0,0,1,3,574.13,0,2,1,162.98,162.98,1.5,0.667,0.071,4.0,1
cust_4635,8,40,618.16,77.27,21,13.76,9,4,12,3,0,0,2,189.36,4,1,0,0.0,0.0,0.25,0.5,0.0,1.5,1
cust_4636,2,8,754.01,377.0,3,2.62,1,1,3,3,0,1,3,356.41,0,0,0,0.0,0.0,1.5,0.0,0.333,1.5,0
cust_4637,4,18,1423.78,355.94,11,12.98,4,4,7,2,0,2,2,44.04,1,1,1,328.46,328.46,0.5,0.5,0.182,1.75,0
cust_4638,16,167,2193.52,137.1,78,2.64,27,11,28,0,0,5,0,0.0,2,0,0,0.0,0.0,0.0,0.0,0.064,1.75,1
cust_4639,4,45,425.67,106.42,27,10.15,15,7,16,1,0,1,1,63.03,2,1,0,0.0,0.0,0.25,1.0,0.037,4.0,1
cust_4640,3,32,424.68,141.56,17,5.81,6,6,6,0,0,0,1,79.38,1,1,1,207.09,207.09,0.333,1.0,0.0,2.0,0
cust_4641,7,69,674.33,96.33,29,16.03,6,1,9,0,0,3,1,85.74,0,0,0,0.0,0.0,0.143,0.0,0.103,1.286,0
cust_4642,9,53,951.54,105.73,21,13.1,6,4,10,3,0,0,5,600.98,1,0,1,45.83,45.83,0.556,0.0,0.0,1.111,1
cust_4643,3,39,589.35,196.45,17,27.41,9,3,11,1,2,1,2,168.67,0,0,0,0.0,0.0,0.667,0.0,0.059,3.667,0
cust_4644,5,38,1192.91,238.58,23,4.73,5,1,8,1,0,0,3,190.84,3,1,0,0.0,0.0,0.6,0.333,0.0,1.6,1
cust_4645,7,103,811.86,115.98,53,14.04,25,12,29,1,0,0,3,168.08,3,1,0,0.0,0.0,0.429,0.333,0.0,4.143,1
cust_4646,4,32,924.29,231.07,20,34.69,6,1,8,0,1,2,0,0.0,0,0,1,79.49,79.49,0.0,0.0,0.1,2.0,0
cust_4647,5,34,2095.51,419.1,18,4.1,8,5,9,2,1,3,2,344.52,2,0,0,0.0,0.0,0.4,0.0,0.167,1.8,1
cust_4648,5,69,519.25,103.85,28,3.42,11,2,12,0,0,1,1,59.84,2,2,0,0.0,0.0,0.2,2.0,0.036,2.4,1
cust_4649,4,40,1225.99,306.5,26,14.66,11,6,11,3,0,0,1,32.42,0,0,0,0.0,0.0,0.25,0.0,0.0,2.75,0
cust_4650,3,35,379.19,126.4,23,5.9,6,4,7,2,0,0,2,276.98,0,2,2,407.41,203.7,0.667,1.0,0.0,2.333,1
cust_4651,15,127,1693.88,112.93,53,5.09,14,1,15,1,0,0,4,964.85,2,1,2,553.4,276.7,0.267,0.25,0.0,1.0,1
cust_4652,4,55,402.95,100.74,25,7.89,5,5,6,1,0,1,1,233.04,0,3,1,282.09,282.09,0.25,3.0,0.04,1.5,1
cust_4653,8,112,1237.24,154.65,68,27.42,36,7,39,1,1,1,0,0.0,0,0,0,0.0,0.0,0.0,0.0,0.015,4.875,0
cust_4654,6,52,628.5,104.75,36,0.88,17,2,17,1,1,4,0,0.0,1,0,0,0.0,0.0,0.0,0.0,0.111,2.833,0
cust_4655,9,59,996.4,110.71,39,6.27,12,12,15,1,0,1,1,155.02,2,0,0,0.0,0.0,0.111,0.0,0.026,1.667,1
cust_4656,7,77,662.2,94.6,33,1.17,17,13,21,0,0,0,0,0.0,1,0,1,135.55,135.55,0.0,0.0,0.0,3.0,0
cust_4657,4,58,441.24,110.31,33,21.51,17,13,18,1,1,0,2,333.98,0,2,1,226.88,226.88,0.5,1.0,0.0,4.5,1
cust_4658,3,32,435.65,145.22,19,1.47,4,2,8,1,0,1,2,566.51,0,1,0,0.0,0.0,0.667,0.5,0.053,2.667,1
cust_4659,6,86,722.11,120.35,50,0.94,24,12,28,0,0,0,2,392.47,1,0,0,0.0,0.0,0.333,0.0,0.0,4.667,1
cust_4660,3,23,378.46,126.15,13,33.17,4,3,7,2,0,0,0,0.0,0,0,0,0.0,0.0,0.0,0.0,0.0,2.333,0
cust_4661,5,70,784.09,156.82,34,8.29,13,9,14,0,1,0,3,198.24,0,2,0,0.0,0.0,0.6,0.667,0.0,2.8,1
cust_4662,6,31,558.41,93.07,18,17.48,6,5,9,1,0,1,2,93.06,1,1,0,0.0,0.0,0.333,0.5,0.056,1.5,0
cust_4663,4,31,652.21,163.05,19,6.35,8,8,10,0,0,0,1,65.42,2,2,0,0.0,0.0,0.25,2.0,0.0,2.5,1
cust_4664,6,56,948.19,158.03,32,5.72,10,3,12,1,0,0,1,74.33,1,1,1,230.04,230.04,0.167,1.0,0.0,2.0,0
cust_4665,4,44,692.78,173.19,24,24.26,5,4,6,1,0,0,0,0.0,3,0,0,0.0,0.0,0.0,0.0,0.0,1.5,0
cust_4666,5,36,1335.17,267.03,16,45.93,7,1,11,1,1,0,3,294.8,1,0,0,0.0,0.0,0.6,0.0,0.0,2.2,0
cust_4667,4,56,906.39,226.6,31,9.64,18,13,21,0,1,1,1,76.67,2,1,0,0.0,0.0,0.25,1.0,0.032,5.25,1
cust_4668,1,13,248.39,248.39,5,25.03,2,1,6,2,0,1,1,59.72,2,0,1,278.76,278.76,1.0,0.0,0.2,6.0,0
cust_4669,10,127,1163.23,116.32,53,19.86,22,12,24,1,1,0,1,91.52,1,1,3,281.77,93.92,0.1,1.0,0.0,2.4,1
cust_4670,6,31,819.79,136.63,19,7.85,5,2,8,0,0,1,0,0.0,4,0,0,0.0,0.0,0.0,0.0,0.053,1.333,0
cust_4671,19,92,2978.44,156.76,55,28.32,24,15,27,3,0,1,2,31.12,0,0,0,0.0,0.0,0.105,0.0,0.018,1.421,0
cust_4672,10,94,2951.81,295.18,55,2.36,24,4,27,3,1,0,1,38.32,3,1,0,0.0,0.0,0.1,1.0,0.0,2.7,1
cust_4673,10,124,1097.33,109.73,84,21.61,37,17,38,2,1,0,3,193.15,0,0,0,0.0,0.0,0.3,0.0,0.0,3.8,0
cust_4674,5,26,698.53,139.71,13,3.7,7,2,8,2,0,1,0,0.0,0,0,1,155.52,155.52,0.0,0.0,0.077,1.6,0
cust_4675,2,22,223.94,111.97,11,0.31,5,4,6,2,0,1,3,283.91,1,0,0,0.0,0.0,1.5,0.0,0.091,3.0,0
cust_4676,4,39,1060.75,265.19,20,15.47,10,6,13,1,0,0,0,0.0,1,0,1,326.08,326.08,0.0,0.0,0.0,3.25,0
cust_4677,7,83,1604.56,229.22,44,26.6,14,12,18,1,0,0,1,76.67,2,1,1,93.05,93.05,0.143,1.0,0.0,2.571,1
cust_4678,3,26,412.55,137.52,14,2.44,4,4,4,0,0,4,0,0.0,2,0,0,0.0,0.0,0.0,0.0,0.286,1.333,0
cust_4679,1,11,148.89,148.89,6,7.64,1,1,5,2,0,1,2,61.1,0,0,0,0.0,0.0,2.0,0.0,0.167,5.0,0
cust_4680,8,46,1871.13,233.89,21,13.84,10,6,12,2,0,0,1,48.97,1,1,0,0.0,0.0,0.125,1.0,0.0,1.5,0
cust_4681,10,63,1588.66,158.87,33,4.03,15,6,17,1,1,0,2,226.63,0,1,1,41.87,41.87,0.2,0.5,0.0,1.7,1
cust_4682,14,195,1377.76,98.41,107,1.59,36,15,37,2,1,1,3,298.08,2,0,0,0.0,0.0,0.214,0.0,0.009,2.643,1
cust_4683,4,30,471.02,117.76,13,4.98,3,1,3,1,0,1,2,319.57,1,1,1,145.75,145.75,0.5,0.5,0.077,0.75,1
cust_4684,2,29,369.88,184.94,17,6.1,9,5,10,1,0,1,3,110.11,1,2,0,0.0,0.0,1.5,0.667,0.059,5.0,1
cust_4685,6,27,687.31,114.55,11,13.56,3,1,7,1,0,1,0,0.0,0,0,1,255.69,255.69,0.0,0.0,0.091,1.167,0
cust_4686,20,189,8965.16,448.26,108,2.21,29,4,30,2,0,0,3,606.96,1,1,2,550.53,275.26,0.15,0.333,0.0,1.5,1
cust_4687,7,53,450.37,64.34,24,16.88,6,2,8,1,0,0,0,0.0,0,0,1,83.76,83.76,0.0,0.0,0.0,1.143,0
cust_4688,10,149,2574.49,257.45,59,6.98,33,11,35,2,0,2,0,0.0,1,0,0,0.0,0.0,0.0,0.0,0.034,3.5,1
cust_4689,1,14,286.72,286.72,6,23.42,1,1,2,1,0,0,2,250.0,0,1,0,0.0,0.0,2.0,0.5,0.0,2.0,0
cust_4690,3,19,582.48,194.16,10,8.34,3,3,7,2,0,0,2,111.85,1,2,0,0.0,0.0,0.667,1.0,0.0,2.333,1
cust_4691,13,90,1547.96,119.07,58,5.92,26,14,29,0,0,1,1,90.77,0,0,2,500.22,250.11,0.077,0.0,0.017,2.231,1
cust_4692,5,61,243.8,48.76,31,3.38,11,11,15,2,0,2,1,121.29,0,0,1,154.65,154.65,0.2,0.0,0.065,3.0,0
cust_4693,2,27,193.28,96.64,18,1.12,7,6,8,2,0,1,3,278.34,1,0,0,0.0,0.0,1.5,0.0,0.056,4.0,0
cust_4694,7,79,1867.9,266.84,51,4.65,26,10,30,0,0,0,0,0.0,0,0,1,387.37,387.37,0.0,0.0,0.0,4.286,0
cust_4695,4,54,160.32,40.08,24,5.34,14,7,16,1,1,1,2,145.61,2,1,1,229.49,229.49,0.5,0.5,0.042,4.0,1
cust_4696,15,70,1105.76,73.72,31,8.4,11,10,11,2,1,1,2,297.87,0,0,0,0.0,0.0,0.133,0.0,0.032,0.733,0
cust_4697,4,44,899.49,224.87,20,19.65,7,2,9,1,1,0,0,0.0,3,0,2,310.61,155.3,0.0,0.0,0.0,2.25,0
cust_4698,1,11,66.21,66.21,5,6.23,1,1,3,1,0,3,0,0.0,1,0,0,0.0,0.0,0.0,0.0,0.6,3.0,0
cust_4699,3,18,543.46,181.15,10,3.77,3,1,6,0,0,3,1,106.42,0,1,0,0.0,0.0,0.333,1.0,0.3,2.0,1
cust_4700,6,75,818.38,136.4,32,20.66,12,2,13,3,1,0,1,108.63,0,0,0,0.0,0.0,0.167,0.0,0.0,2.167,0
cust_4701,3,43,340.12,113.37,24,13.24,7,6,10,1,0,1,4,122.9,1,1,1,227.88,227.88,1.333,0.25,0.042,3.333,1
cust_4702,6,83,2122.45,353.74,47,3.67,18,13,21,1,0,1,1,23.41,0,0,0,0.0,0.0,0.167,0.0,0.021,3.5,0
cust_4703,16,107,981.15,61.32,64,1.83,37,12,38,2,0,0,3,379.71,1,1,1,209.4,209.4,0.188,0.333,0.0,2.375,1
cust_4704,12,90,1676.95,139.75,50,3.44,15,5,19,1,0,1,2,29.52,1,1,0,0.0,0.0,0.167,0.5,0.02,1.583,1
cust_4705,2,18,312.55,156.28,11,1.32,5,4,5,1,0,2,2,318.36,2,0,0,0.0,0.0,1.0,0.0,0.182,2.5,1
cust_4706,5,28,160.24,32.05,16,23.37,6,3,9,1,0,1,3,727.44,1,2,1,147.14,147.14,0.6,0.667,0.062,1.8,1
cust_4707,5,72,377.8,75.56,48,9.46,23,4,26,5,0,3,1,80.81,0,2,1,69.8,69.8,0.2,2.0,0.062,5.2,1
cust_4708,9,51,739.72,82.19,31,19.92,12,9,16,2,0,0,1,44.01,0,3,1,94.34,94.34,0.111,3.0,0.0,1.778,1
cust_4709,5,61,435.53,87.11,32,17.17,8,4,9,2,0,0,1,96.78,0,0,3,592.74,197.58,0.2,0.0,0.0,1.8,0
cust_4710,6,46,1592.85,265.47,21,1.66,11,8,13,2,0,0,4,632.01,0,2,1,31.01,31.01,0.667,0.5,0.0,2.167,1
cust_4711,7,72,1343.21,191.89,29,5.85,13,11,17,0,0,1,1,91.82,0,3,3,374.4,124.8,0.143,3.0,0.034,2.429,1
cust_4712,8,36,892.19,111.52,15,35.78,6,3,8,4,0,1,1,45.29,1,0,0,0.0,0.0,0.125,0.0,0.067,1.0,0
cust_4713,2,12,300.3,150.15,5,2.66,2,2,2,1,0,4,0,0.0,1,0,2,517.07,258.54,0.0,0.0,0.8,1.0,0
cust_4714,6,53,405.21,67.54,24,0.52,14,6,17,1,1,1,2,194.25,3,0,0,0.0,0.0,0.333,0.0,0.042,2.833,0
cust_4715,8,91,591.39,73.92,56,4.25,20,15,20,1,0,1,3,218.5,1,2,0,0.0,0.0,0.375,0.667,0.018,2.5,1
cust_4716,1,12,115.42,115.42,6,7.15,2,1,4,1,0,0,1,117.82,3,0,0,0.0,0.0,1.0,0.0,0.0,4.0,0
cust_4717,1,4,62.38,62.38,1,0.57,0,0,2,2,0,1,2,198.42,0,0,0,0.0,0.0,2.0,0.0,1.0,2.0,0
cust_4718,6,34,274.16,45.69,14,5.56,5,3,7,0,0,0,0,0.0,1,0,0,0.0,0.0,0.0,0.0,0.0,1.167,0
cust_4719,2,24,301.44,150.72,13,2.92,3,2,6,1,0,0,1,70.64,0,1,0,0.0,0.0,0.5,1.0,0.0,3.0,0
cust_4720,6,77,497.84,82.97,44,2.38,15,4,16,3,0,1,2,127.07,0,1,1,175.36,175.36,0.333,0.5,0.023,2.667,1
cust_4721,4,26,866.74,216.69,17,3.06,8,2,9,1,0,0,2,137.07,3,1,0,0.0,0.0,0.5,0.5,0.0,2.25,0
cust_4722,3,19,577.92,192.64,10,1.11,4,3,7,1,0,2,2,261.17,2,0,0,0.0,0.0,0.667,0.0,0.2,2.333,0
cust_4723,4,19,582.68,145.67,7,0.8,3,2,4,1,0,1,0,0.0,0,0,1,96.4,96.4,0.0,0.0,0.143,1.0,0
cust_4724,11,62,494.91,44.99,26,9.06,6,1,7,0,0,0,0,0.0,2,0,0,0.0,0.0,0.0,0.0,0.0,0.636,0
cust_4725,3,12,564.85,188.28,5,29.53,1,1,4,0,0,0,2,299.19,1,0,0,0.0,0.0,0.667,0.0,0.0,1.333,0
cust_4726,9,94,902.93,100.33,41,16.33,11,3,12,2,0,2,0,0.0,0,0,0,0.0,0.0,0.0,0.0,0.049,1.333,0
cust_4727,3,41,543.39,181.13,25,17.95,14,9,15,2,1,2,0,0.0,2,0,1,229.3,229.3,0.0,0.0,0.08,5.0,0
cust_4728,6,33,1224.62,204.1,14,13.28,3,1,7,2,1,2,3,282.41,2,0,1,95.8,95.8,0.5,0.0,0.143,1.167,0
cust_4729,8,98,736.98,92.12,43,31.23,18,5,18,0,0,2,4,387.67,1,0,0,0.0,0.0,0.5,0.0,0.047,2.25,0
cust_4730,3,30,323.88,107.96,18,30.07,8,7,8,0,1,0,1,167.83,0,3,1,218.69,218.69,0.333,3.0,0.0,2.667,1
cust_4731,14,200,1422.63,101.62,94,15.06,42,3,42,2,2,1,0,0.0,2,0,0,0.0,0.0,0.0,0.0,0.011,3.0,1
cust_4732,3,38,450.36,150.12,26,12.59,12,7,16,2,0,0,2,258.95,0,2,0,0.0,0.0,0.667,1.0,0.0,5.333,1
cust_4733,6,80,2515.73,419.29,52,3.64,20,14,20,0,0,1,3,195.47,0,2,1,155.49,155.49,0.5,0.667,0.019,3.333,1
cust_4734,14,154,2616.29,186.88,95,0.96,22,5,24,3,0,0,1,141.28,0,0,1,76.29,76.29,0.071,0.0,0.0,1.714,0
cust_4735,1,12,103.52,103.52,6,0.97,2,2,2,1,0,0,1,50.84,0,1,0,0.0,0.0,1.0,1.0,0.0,2.0,0
cust_4736,7,55,450.74,64.39,22,13.33,6,4,9,0,0,4,1,41.13,1,0,0,0.0,0.0,0.143,0.0,0.182,1.286,0
cust_4737,7,44,1404.18,200.6,22,0.29,5,1,5,2,0,0,1,64.6,0,0,0,0.0,0.0,0.143,0.0,0.0,0.714,0
cust_4738,10,140,881.15,88.12,71,16.95,19,15,21,1,0,0,2,268.96,2,3,1,166.5,166.5,0.2,1.5,0.0,2.1,1
cust_4739,11,132,2977.75,270.7,57,4.56,17,12,17,1,1,0,2,254.55,0,1,0,0.0,0.0,0.182,0.5,0.0,1.545,1
cust_4740,2,9,145.03,72.51,3,2.13,1,1,2,1,0,0,2,183.86,1,1,0,0.0,0.0,1.0,0.5,0.0,1.0,0
cust_4741,3,40,1067.17,355.72,24,5.24,13,8,15,2,0,0,3,201.34,1,1,0,0.0,0.0,1.0,0.333,0.0,5.0,1
cust_4742,2,15,266.65,133.33,7,12.15,2,2,5,1,1,0,1,15.57,1,2,0,0.0,0.0,0.5,2.0,0.0,2.5,0
cust_4743,1,7,174.77,174.77,4,3.22,1,1,2,1,0,0,0,0.0,1,0,0,0.0,0.0,0.0,0.0,0.0,2.0,0
cust_4744,3,32,318.45,106.15,18,1.91,4,2,5,3,0,1,1,221.05,0,2,1,146.54,146.54,0.333,2.0,0.056,1.667,1
cust_4745,10,102,393.58,39.36,68,13.39,39,14,43,0,0,1,2,289.32,0,1,2,138.04,69.02,0.2,0.5,0.015,4.3,1
cust_4746,5,49,689.67,137.93,31,21.26,17,16,18,2,0,2,0,0.0,1,0,1,97.52,97.52,0.0,0.0,0.065,3.6,0
cust_4747,4,27,981.62,245.41,12,8.81,6,3,6,1,0,2,5,231.28,3,1,0,0.0,0.0,1.25,0.2,0.167,1.5,0
cust_4748,5,72,440.94,88.19,41,7.42,13,5,14,0,0,0,0,0.0,1,0,0,0.0,0.0,0.0,0.0,0.0,2.8,0
cust_4749,4,57,467.39,116.85,33,14.06,14,8,15,3,0,0,2,202.87,0,1,0,0.0,0.0,0.5,0.5,0.0,3.75,0
cust_4750,6,24,709.67,118.28,15,13.19,5,4,9,0,1,1,1,77.3,1,1,1,123.44,123.44,0.167,1.0,0.067,1.5,0
cust_4751,12,92,2649.94,220.83,54,0.06,19,2,19,0,0,0,3,36.73,1,2,0,0.0,0.0,0.25,0.667,0.0,1.583,1
cust_4752,12,54,1307.77,108.98,23,3.31,5,5,5,0,0,0,1,71.76,0,3,1,197.2,197.2,0.083,3.0,0.0,0.417,1
cust_4753,6,80,754.16,125.69,38,26.88,9,7,10,0,0,2,4,714.22,2,0,0,0.0,0.0,0.667,0.0,0.053,1.667,1
cust_4754,2,27,484.51,242.25,15,32.24,8,5,11,0,0,1,0,0.0,3,0,0,0.0,0.0,0.0,0.0,0.067,5.5,0
cust_4755,8,77,2625.21,328.15,51,7.14,22,7,25,1,0,0,0,0.0,1,0,0,0.0,0.0,0.0,0.0,0.0,3.125,0
cust_4756,9,119,812.55,90.28,79,8.21,15,2,15,0,0,0,1,236.91,3,2,2,127.11,63.56,0.111,2.0,0.0,1.667,1
cust_4757,14,164,1915.43,136.82,83,0.01,43,12,46,3,0,1,3,196.51,2,1,2,192.59,96.3,0.214,0.333,0.012,3.286,1
cust_4758,9,85,2008.04,223.12,55,11.16,12,1,12,2,0,0,1,53.88,2,0,1,207.11,207.11,0.111,0.0,0.0,1.333,0
cust_4759,5,40,453.89,90.78,22,2.39,10,3,10,1,0,0,0,0.0,0,0,1,265.54,265.54,0.0,0.0,0.0,2.0,0
cust_4760,11,76,2975.65,270.51,40,1.37,17,1,19,1,0,1,3,237.89,0,0,0,0.0,0.0,0.273,0.0,0.025,1.727,1
cust_4761,8,54,2064.06,258.01,27,3.63,6,3,6,1,0,1,2,240.09,2,0,1,214.83,214.83,0.25,0.0,0.037,0.75,1
cust_4762,4,40,218.08,54.52,24,10.93,9,3,11,1,0,0,1,92.35,0,0,0,0.0,0.0,0.25,0.0,0.0,2.75,0
cust_4763,6,35,940.3,156.72,20,5.73,4,4,5,4,0,0,3,155.23,1,1,1,60.79,60.79,0.5,0.333,0.0,0.833,0
cust_4764,3,17,881.4,293.8,8,4.29,1,1,5,2,0,1,2,435.31,0,0,0,0.0,0.0,0.667,0.0,0.125,1.667,1
cust_4765,9,37,1078.09,119.79,23,12.98,5,5,5,2,0,0,1,156.03,3,1,0,0.0,0.0,0.111,1.0,0.0,0.556,0
cust_4766,2,21,930.39,465.2,10,16.81,3,3,4,1,0,0,3,349.78,1,1,0,0.0,0.0,1.5,0.333,0.0,2.0,0
cust_4767,3,44,921.05,307.02,25,20.34,13,5,13,1,0,0,2,80.74,1,1,0,0.0,0.0,0.667,0.5,0.0,4.333,0
cust_4768,3,41,241.27,80.42,21,5.88,7,2,7,3,1,1,0,0.0,0,0,0,0.0,0.0,0.0,0.0,0.048,2.333,0
cust_4769,6,70,457.83,76.3,30,12.65,13,11,17,0,0,1,1,104.31,0,0,0,0.0,0.0,0.167,0.0,0.033,2.833,0
cust_4770,3,37,222.92,74.31,16,21.65,3,2,5,2,0,0,2,209.55,0,1,0,0.0,0.0,0.667,0.5,0.0,1.667,0
cust_4771,7,60,956.6,136.66,35,23.96,20,1,20,1,0,0,2,197.59,0,0,1,100.24,100.24,0.286,0.0,0.0,2.857,0
cust_4772,8,58,1040.62,130.08,37,6.78,14,7,14,3,0,0,0,0.0,0,0,1,170.19,170.19,0.0,0.0,0.0,1.75,0
cust_4773,6,48,442.06,73.68,25,4.39,5,5,7,1,0,0,3,581.82,0,1,1,197.19,197.19,0.5,0.333,0.0,1.167,1
cust_4774,7,34,1451.64,207.38,16,23.04,6,5,9,4,1,0,2,441.28,1,2,1,144.35,144.35,0.286,1.0,0.0,1.286,1
cust_4775,10,109,1277.91,127.79,54,3.03,14,4,18,1,0,0,2,460.24,0,1,0,0.0,0.0,0.2,0.5,0.0,1.8,1
cust_4776,5,29,1437.34,287.47,16,15.94,4,3,8,3,0,1,3,188.32,0,2,1,255.17,255.17,0.6,0.667,0.062,1.6,1
cust_4777,5,61,614.88,122.98,32,23.93,14,12,14,2,0,1,2,195.85,0,0,0,0.0,0.0,0.4,0.0,0.031,2.8,0
cust_4778,3,18,630.87,210.29,7,13.46,2,1,6,3,2,0,1,102.96,0,0,1,65.43,65.43,0.333,0.0,0.0,2.0,0
cust_4779,11,71,3313.03,301.18,44,11.39,12,12,15,2,0,1,0,0.0,3,0,0,0.0,0.0,0.0,0.0,0.023,1.364,0
cust_4780,2,29,207.77,103.88,12,0.52,4,2,4,0,1,2,2,156.67,1,2,0,0.0,0.0,1.0,1.0,0.167,2.0,1
cust_4781,8,41,2008.1,251.01,24,2.27,7,5,9,2,0,1,1,84.79,1,0,2,137.91,68.96,0.125,0.0,0.042,1.125,1
cust_4782,3,28,196.33,65.44,14,10.98,3,2,5,2,0,1,2,182.45,0,1,0,0.0,0.0,0.667,0.5,0.071,1.667,0
cust_4783,3,14,574.47,191.49,8,15.38,2,2,2,1,0,1,0,0.0,0,0,1,282.85,282.85,0.0,0.0,0.125,0.667,0
cust_4784,3,14,263.75,87.92,9,0.65,1,1,3,3,0,0,2,172.55,1,1,1,232.56,232.56,0.667,0.5,0.0,1.0,0
cust_4785,4,43,454.92,113.73,19,0.19,10,8,12,1,0,3,0,0.0,0,0,1,74.48,74.48,0.0,0.0,0.158,3.0,1
cust_4786,5,54,588.78,117.76,34,3.73,12,4,12,0,0,1,2,181.0,2,1,0,0.0,0.0,0.4,0.5,0.029,2.4,1
cust_4787,12,73,1398.68,116.56,30,10.36,6,2,7,4,1,2,4,142.95,2,1,1,109.58,109.58,0.333,0.25,0.067,0.583,0
cust_4788,2,27,153.54,76.77,18,7.18,5,2,9,3,0,0,1,91.72,1,1,0,0.0,0.0,0.5,1.0,0.0,4.5,0
cust_4789,4,46,454.59,113.65,21,0.08,12,2,16,1,1,0,4,794.13,1,1,0,0.0,0.0,1.0,0.25,0.0,4.0,1
cust_4790,3,21,397.11,132.37,13,1.64,5,3,6,0,0,0,2,273.08,0,1,0,0.0,0.0,0.667,0.5,0.0,2.0,0
cust_4791,2,13,188.71,94.35,5,13.95,1,1,3,0,0,1,0,0.0,0,0,0,0.0,0.0,0.0,0.0,0.2,1.5,0
cust_4792,4,49,716.74,179.18,24,3.53,7,7,11,2,1,2,0,0.0,1,0,0,0.0,0.0,0.0,0.0,0.083,2.75,0
cust_4793,9,108,3066.38,340.71,63,1.25,23,10,26,0,1,1,0,0.0,1,0,0,0.0,0.0,0.0,0.0,0.016,2.889,1
cust_4794,4,22,542.13,135.53,13,0.52,3,1,4,1,0,0,2,124.16,0,1,0,0.0,0.0,0.5,0.5,0.0,1.0,0
cust_4795,5,39,583.14,116.63,23,19.0,11,10,13,1,0,0,2,426.85,2,2,0,0.0,0.0,0.4,1.0,0.0,2.6,1
cust_4796,4,25,771.9,192.97,12,6.38,4,4,7,1,0,0,3,489.91,0,1,0,0.0,0.0,0.75,0.333,0.0,1.75,1
cust_4797,1,7,172.22,172.22,4,7.01,2,1,3,1,0,1,1,99.63,3,1,1,111.01,111.01,1.0,1.0,0.25,3.0,0
cust_4798,4,28,391.77,97.94,14,0.63,4,4,6,1,0,1,3,500.84,0,0,0,0.0,0.0,0.75,0.0,0.071,1.5,1
cust_4799,4,58,515.63,128.91,33,6.71,6,6,6,2,0,1,1,58.85,0,1,1,230.93,230.93,0.25,1.0,0.03,1.5,0
cust_4800,1,12,107.06,107.06,6,10.38,3,2,5,2,0,0,0,0.0,1,0,3,446.92,148.97,0.0,0.0,0.0,5.0,0
cust_4801,7,88,1243.09,177.58,39,1.31,15,3,18,1,0,0,3,662.1,1,2,0,0.0,0.0,0.429,0.667,0.0,2.571,1
cust_4802,3,21,469.61,156.54,13,23.28,3,1,7,1,0,2,1,54.48,1,3,0,0.0,0.0,0.333,3.0,0.154,2.333,1
cust_4803,3,12,453.77,151.26,7,15.29,1,1,2,0,0,1,0,0.0,2,0,0,0.0,0.0,0.0,0.0,0.143,0.667,0
cust_4804,1,4,117.15,117.15,1,16.19,0,0,0,2,0,0,0,0.0,0,0,1,104.61,104.61,0.0,0.0,0.0,0.0,0
cust_4805,3,30,410.29,136.76,15,7.69,7,7,8,1,0,0,0,0.0,1,0,1,116.68,116.68,0.0,0.0,0.0,2.667,0
cust_4806,3,21,659.11,219.7,11,4.06,3,2,5,0,0,0,1,173.6,0,0,0,0.0,0.0,0.333,0.0,0.0,1.667,0
cust_4807,4,24,718.01,179.5,13,10.23,6,4,6,5,0,1,3,354.18,1,0,0,0.0,0.0,0.75,0.0,0.077,1.5,0
cust_4808,9,40,1203.36,133.71,16,2.55,5,5,9,2,0,0,3,706.91,3,1,0,0.0,0.0,0.333,0.333,0.0,1.0,1
cust_4809,6,81,1183.01,197.17,50,1.47,10,5,11,1,0,1,2,157.58,2,2,0,0.0,0.0,0.333,1.0,0.02,1.833,1
cust_4810,11,116,1890.36,171.85,76,7.73,15,5,16,1,0,1,1,88.42,0,2,0,0.0,0.0,0.091,2.0,0.013,1.455,1
cust_4811,11,56,1558.72,141.7,24,6.51,13,7,16,2,0,1,1,114.04,0,1,1,181.04,181.04,0.091,1.0,0.042,1.455,1
cust_4812,9,111,1220.22,135.58,74,1.63,43,1,45,2,0,1,1,131.7,0,1,2,520.64,260.32,0.111,1.0,0.014,5.0,1
cust_4813,4,49,303.39,75.85,32,7.56,8,8,11,0,0,0,0,0.0,0,0,1,87.26,87.26,0.0,0.0,0.0,2.75,0
cust_4814,6,43,877.62,146.27,24,7.91,5,1,5,0,0,1,1,126.52,0,1,0,0.0,0.0,0.167,1.0,0.042,0.833,0
cust_4815,3,18,669.04,223.01,8,20.52,4,3,5,4,0,1,3,89.46,0,1,0,0.0,0.0,1.0,0.333,0.125,1.667,0
cust_4816,10,129,544.37,54.44,59,14.24,14,9,14,2,0,0,4,340.9,0,1,0,0.0,0.0,0.4,0.25,0.0,1.4,1
cust_4817,5,38,2243.89,448.78,20,2.45,5,4,9,4,0,1,2,324.7,0,1,1,261.98,261.98,0.4,0.5,0.05,1.8,1
cust_4818,11,146,1503.19,136.65,80,17.03,41,3,45,1,0,0,0,0.0,1,0,0,0.0,0.0,0.0,0.0,0.0,4.091,1
cust_4819,7,31,1111.27,158.75,18,34.74,10,8,13,1,0,1,3,840.55,2,1,2,389.51,194.76,0.429,0.333,0.056,1.857,1
cust_4820,1,9,287.51,287.51,5,12.61,1,1,4,1,0,0,2,368.75,2,0,0,0.0,0.0,2.0,0.0,0.0,4.0,0
cust_4821,2,11,338.12,169.06,7,15.46,1,1,4,0,1,1,2,225.73,0,1,0,0.0,0.0,1.0,0.5,0.143,2.0,0
cust_4822,7,79,797.21,113.89,50,3.1,26,4,27,3,0,0,1,261.65,0,1,0,0.0,0.0,0.143,1.0,0.0,3.857,1
cust_4823,5,74,677.6,135.52,49,48.16,17,7,21,1,0,2,1,63.99,1,1,0,0.0,0.0,0.2,1.0,0.041,4.2,0
cust_4824,4,34,834.34,208.59,18,1.94,5,2,9,3,0,1,3,274.18,3,0,3,488.23,162.74,0.75,0.0,0.056,2.25,1
cust_4825,4,20,355.83,88.96,8,13.9,3,1,6,1,0,1,4,382.99,1,2,0,0.0,0.0,1.0,0.5,0.125,1.5,1
cust_4826,6,44,689.98,115.0,18,5.03,9,5,13,0,0,0,1,38.39,2,0,1,143.12,143.12,0.167,0.0,0.0,2.167,0
cust_4827,3,41,312.61,104.2,19,4.41,5,3,6,1,1,1,0,0.0,2,0,2,204.43,102.22,0.0,0.0,0.053,2.0,0
cust_4828,2,24,186.55,93.28,14,3.36,5,5,7,1,0,0,2,96.3,1,1,1,116.86,116.86,1.0,0.5,0.0,3.5,0
cust_4829,10,65,1912.13,191.21,32,5.82,12,9,13,1,0,1,2,261.69,1,0,0,0.0,0.0,0.2,0.0,0.031,1.3,0
cust_4830,1,14,239.14,239.14,6,15.65,3,1,3,2,0,0,2,131.55,2,1,0,0.0,0.0,2.0,0.5,0.0,3.0,0
cust_4831,8,86,1162.01,145.25,56,28.3,26,2,26,0,0,0,1,68.67,0,3,1,103.92,103.92,0.125,3.0,0.0,3.25,1
cust_4832,1,5,95.53,95.53,3,5.38,1,1,4,1,1,0,2,256.23,3,2,1,67.12,67.12,2.0,1.0,0.0,4.0,1
cust_4833,4,41,885.37,221.34,16,10.55,7,2,7,2,0,0,3,311.95,2,0,0,0.0,0.0,0.75,0.0,0.0,1.75,0
cust_4834,1,8,125.94,125.94,3,15.52,1,1,4,2,1,0,2,244.13,0,0,0,0.0,0.0,2.0,0.0,0.0,4.0,0
cust_4835,4,52,207.33,51.83,28,1.05,7,4,9,1,0,1,2,326.3,1,0,1,55.53,55.53,0.5,0.0,0.036,2.25,1
cust_4836,9,70,856.02,95.11,35,32.33,18,16,19,1,1,0,1,112.63,2,0,0,0.0,0.0,0.111,0.0,0.0,2.111,0
cust_4837,9,122,2671.23,296.8,77,2.38,34,17,38,1,1,1,3,690.37,0,0,0,0.0,0.0,0.333,0.0,0.013,4.222,1
cust_4838,2,25,119.64,59.82,14,24.66,6,5,6,2,0,0,3,196.74,0,2,0,0.0,0.0,1.5,0.667,0.0,3.0,0
cust_4839,3,34,1030.85,343.62,14,43.13,7,7,9,1,0,2,4,588.64,2,0,0,0.0,0.0,1.333,0.0,0.143,3.0,0
cust_4840,2,13,440.05,220.03,7,1.06,2,2,3,1,0,1,0,0.0,1,0,0,0.0,0.0,0.0,0.0,0.143,1.5,0
cust_4841,4,58,767.92,191.98,29,22.33,10,1,12,2,1,1,1,128.56,0,0,1,91.96,91.96,0.25,0.0,0.034,3.0,0
cust_4842,11,110,2064.09,187.64,75,10.24,31,3,32,1,0,1,1,105.06,0,0,0,0.0,0.0,0.091,0.0,0.013,2.909,0
cust_4843,2,27,218.75,109.38,14,17.03,4,2,4,2,0,1,0,0.0,0,0,1,287.8,287.8,0.0,0.0,0.071,2.0,0
cust_4844,7,44,2064.93,294.99,29,1.16,8,4,11,0,0,2,1,62.47,2,1,1,65.36,65.36,0.143,1.0,0.069,1.571,1
cust_4845,5,74,732.45,146.49,30,17.97,15,12,16,1,0,2,4,186.32,0,1,0,0.0,0.0,0.8,0.25,0.067,3.2,0
cust_4846,4,51,148.52,37.13,21,9.84,10,6,11,0,0,1,6,278.6,2,2,0,0.0,0.0,1.5,0.333,0.048,2.75,1
cust_4847,4,57,293.87,73.47,29,7.15,15,10,17,1,0,0,5,307.38,1,1,0,0.0,0.0,1.25,0.2,0.0,4.25,1
cust_4848,9,57,786.3,87.37,37,8.21,17,9,17,0,0,0,3,212.78,0,1,2,115.39,57.7,0.333,0.333,0.0,1.889,1
cust_4849,17,148,3783.05,222.53,83,13.64,26,4,28,2,0,1,3,501.49,0,0,1,122.33,122.33,0.176,0.0,0.012,1.647,1
cust_4850,4,20,260.42,65.1,12,3.53,3,2,6,0,0,0,2,149.19,1,0,1,174.5,174.5,0.5,0.0,0.0,1.5,0
cust_4851,7,38,1117.42,159.63,18,28.73,7,5,11,1,0,1,1,73.19,2,1,1,213.47,213.47,0.143,1.0,0.056,1.571,1
cust_4852,3,21,593.54,197.85,9,3.68,4,1,6,2,0,1,2,268.34,1,0,1,75.04,75.04,0.667,0.0,0.111,2.0,0
cust_4853,6,86,1331.64,221.94,40,20.96,13,10,17,2,0,0,0,0.0,2,0,0,0.0,0.0,0.0,0.0,0.0,2.833,0
cust_4854,3,34,294.82,98.27,20,0.12,10,7,12,0,0,0,1,39.76,0,1,1,91.89,91.89,0.333,1.0,0.0,4.0,1
cust_4855,4,29,494.71,123.68,19,24.83,6,3,7,1,0,1,1,268.24,0,2,1,99.42,99.42,0.25,2.0,0.053,1.75,1
cust_4856,3,43,588.78,196.26,23,19.08,7,7,10,5,0,0,0,0.0,1,0,2,173.21,86.6,0.0,0.0,0.0,3.333,0
cust_4857,3,36,596.96,198.99,16,1.33,8,4,12,0,0,1,1,54.07,0,1,0,0.0,0.0,0.333,1.0,0.062,4.0,0
cust_4858,6,83,526.18,87.7,49,13.35,23,18,27,1,0,0,4,387.64,0,0,2,579.04,289.52,0.667,0.0,0.0,4.5,1
cust_4859,24,340,1799.7,74.99,156,4.69,44,15,46,2,0,0,2,334.88,0,1,0,0.0,0.0,0.083,0.5,0.0,1.917,1
cust_4860,1,12,227.91,227.91,6,6.54,3,2,6,0,0,2,2,208.61,3,0,0,0.0,0.0,2.0,0.0,0.333,6.0,1
cust_4861,4,26,349.04,87.26,11,0.71,5,1,7,0,0,0,1,104.85,0,0,0,0.0,0.0,0.25,0.0,0.0,1.75,0
cust_4862,6,89,1416.4,236.07,57,2.39,29,18,33,3,0,0,2,126.96,2,1,0,0.0,0.0,0.333,0.5,0.0,5.5,1
cust_4863,3,22,307.66,102.55,14,30.71,5,2,8,1,0,0,1,26.27,1,0,0,0.0,0.0,0.333,0.0,0.0,2.667,0
cust_4864,3,34,366.86,122.29,19,5.41,6,5,8,1,0,3,1,73.13,2,0,0,0.0,0.0,0.333,0.0,0.158,2.667,0
cust_4865,12,159,2689.24,224.1,65,0.26,35,16,36,3,0,0,3,413.4,3,0,0,0.0,0.0,0.25,0.0,0.0,3.0,1
cust_4866,6,35,567.42,94.57,16,7.24,6,2,9,2,0,1,3,149.58,1,0,0,0.0,0.0,0.5,0.0,0.062,1.5,0
cust_4867,8,85,1588.53,198.57,37,52.4,21,12,22,0,0,1,0,0.0,1,0,0,0.0,0.0,0.0,0.0,0.027,2.75,0
cust_4868,11,89,719.15,65.38,49,4.05,14,8,17,1,0,1,2,62.21,0,1,1,69.48,69.48,0.182,0.5,0.02,1.545,0
cust_4869,2,13,227.75,113.87,5,1.52,2,1,6,1,0,1,2,264.15,1,3,0,0.0,0.0,1.0,1.5,0.2,3.0,1
cust_4870,2,8,175.73,87.86,5,10.32,1,1,4,1,0,1,1,150.31,0,0,4,529.03,132.26,0.5,0.0,0.2,2.0,0
cust_4871,14,190,1912.2,136.59,124,25.24,43,1,44,0,0,0,0,0.0,1,0,0,0.0,0.0,0.0,0.0,0.0,3.143,1
cust_4872,8,43,1434.17,179.27,19,19.6,5,1,7,3,0,1,1,170.71,1,1,1,112.93,112.93,0.125,1.0,0.053,0.875,0
cust_4873,4,54,1436.77,359.19,32,10.7,18,6,22,1,0,1,1,232.66,0,0,1,72.31,72.31,0.25,0.0,0.031,5.5,1
cust_4874,7,74,1117.57,159.65,45,2.04,9,2,10,0,1,0,2,441.79,2,3,3,315.54,105.18,0.286,1.5,0.0,1.429,1
cust_4875,4,43,300.95,75.24,22,15.34,8,5,8,2,0,0,1,74.68,1,0,0,0.0,0.0,0.25,0.0,0.0,2.0,0
cust_4876,5,65,334.98,67.0,28,17.33,9,5,12,1,0,0,2,304.72,0,1,0,0.0,0.0,0.4,0.5,0.0,2.4,1
cust_4877,10,96,548.08,54.81,42,18.94,11,11,11,0,1,2,0,0.0,0,0,0,0.0,0.0,0.0,0.0,0.048,1.1,0
cust_4878,3,23,417.93,139.31,14,5.17,6,1,7,1,1,0,3,636.61,1,0,0,0.0,0.0,1.0,0.0,0.0,2.333,1
cust_4879,2,11,231.84,115.92,5,5.26,2,2,2,2,0,0,2,73.31,0,2,0,0.0,0.0,1.0,1.0,0.0,1.0,0
cust_4880,12,123,922.22,76.85,71,1.69,21,5,22,2,0,1,1,103.21,2,1,0,0.0,0.0,0.083,1.0,0.014,1.833,1
cust_4881,20,201,6697.64,334.88,132,14.81,52,12,56,1,0,3,1,43.37,1,0,1,79.24,79.24,0.05,0.0,0.023,2.8,1
cust_4882,3,21,273.29,91.1,12,13.36,5,5,7,2,0,0,1,71.41,0,0,0,0.0,0.0,0.333,0.0,0.0,2.333,0
cust_4883,2,21,231.06,115.53,14,1.05,4,3,6,1,0,1,1,90.31,0,1,0,0.0,0.0,0.5,1.0,0.071,3.0,0
cust_4884,6,52,765.07,127.51,30,0.2,17,12,20,1,0,1,2,385.47,1,0,0,0.0,0.0,0.333,0.0,0.033,3.333,1
cust_4885,5,64,747.05,149.41,31,30.31,11,8,15,0,0,1,0,0.0,1,0,2,316.56,158.28,0.0,0.0,0.032,3.0,0
cust_4886,1,10,45.12,45.12,6,0.17,3,1,3,1,0,1,1,101.62,0,0,0,0.0,0.0,1.0,0.0,0.167,3.0,0
cust_4887,4,57,349.21,87.3,28,9.9,8,8,12,0,0,1,1,58.17,0,2,0,0.0,0.0,0.25,2.0,0.036,3.0,0
cust_4888,17,164,911.16,53.6,113,6.04,25,11,25,0,0,0,4,189.55,0,1,2,356.76,178.38,0.235,0.25,0.0,1.471,1
cust_4889,6,82,760.07,126.68,44,15.02,18,1,22,1,0,0,3,365.1,1,0,2,574.67,287.33,0.5,0.0,0.0,3.667,1
cust_4890,3,29,381.86,127.29,19,0.92,10,8,12,1,0,1,1,113.34,0,2,1,90.5,90.5,0.333,2.0,0.053,4.0,1
cust_4891,6,60,1056.71,176.12,27,11.47,9,2,12,0,0,1,1,64.95,0,1,1,244.44,244.44,0.167,1.0,0.037,2.0,0
cust_4892,6,48,903.42,150.57,19,9.54,5,4,7,2,0,0,2,402.52,2,2,1,244.82,244.82,0.333,1.0,0.0,1.167,1
cust_4893,5,42,262.75,52.55,19,19.21,9,1,11,0,0,1,0,0.0,0,0,1,135.61,135.61,0.0,0.0,0.053,2.2,0
cust_4894,1,14,129.96,129.96,6,7.31,1,1,5,1,0,0,0,0.0,3,0,0,0.0,0.0,0.0,0.0,0.0,5.0,0
cust_4895,3,19,201.2,67.07,11,13.03,5,1,5,1,0,1,4,564.33,0,1,0,0.0,0.0,1.333,0.25,0.091,1.667,1
cust_4896,3,16,292.87,97.62,7,5.76,2,2,6,1,0,0,1,102.62,1,2,0,0.0,0.0,0.333,2.0,0.0,2.0,0
cust_4897,8,105,545.26,68.16,62,41.34,26,11,26,1,0,1,3,227.98,0,0,1,64.07,64.07,0.375,0.0,0.016,3.25,0
cust_4898,7,72,638.7,91.24,43,8.2,23,13,24,1,0,1,1,88.63,0,0,0,0.0,0.0,0.143,0.0,0.023,3.429,0
cust_4899,5,35,1131.41,226.28,21,14.01,5,4,8,0,0,0,0,0.0,0,0,0,0.0,0.0,0.0,0.0,0.0,1.6,0
cust_4900,4,35,292.94,73.24,22,0.98,11,4,11,1,0,0,3,112.24,0,1,0,0.0,0.0,0.75,0.333,0.0,2.75,0
cust_4901,3,29,312.98,104.33,12,6.21,3,3,4,0,0,0,1,49.16,3,1,1,82.88,82.88,0.333,1.0,0.0,1.333,0
cust_4902,6,63,1381.69,230.28,26,0.67,12,5,15,0,0,1,2,381.84,1,0,0,0.0,0.0,0.333,0.0,0.038,2.5,1
cust_4903,3,39,129.45,43.15,15,1.3,4,3,4,2,0,1,1,77.27,1,1,0,0.0,0.0,0.333,1.0,0.067,1.333,0
cust_4904,3,25,842.72,280.91,10,7.05,2,2,4,0,1,0,1,104.29,0,3,1,449.71,449.71,0.333,3.0,0.0,1.333,1
cust_4905,7,80,527.4,75.34,41,4.34,19,2,22,3,0,2,2,159.59,0,2,0,0.0,0.0,0.286,1.0,0.049,3.143,1
cust_4906,17,224,1073.59,63.15,154,6.16,67,10,70,2,0,0,2,89.27,1,0,2,79.61,39.8,0.118,0.0,0.0,4.118,1
cust_4907,1,13,123.65,123.65,6,6.85,2,1,6,3,0,0,1,45.95,1,1,1,264.06,264.06,1.0,1.0,0.0,6.0,0
cust_4908,1,6,99.39,99.39,3,1.74,0,0,3,3,0,0,0,0.0,1,0,2,250.58,125.29,0.0,0.0,0.0,3.0,0
cust_4909,3,23,448.8,149.6,14,4.55,5,2,9,0,0,0,1,20.32,2,1,0,0.0,0.0,0.333,1.0,0.0,3.0,0
cust_4910,14,147,1091.91,77.99,99,19.7,25,9,26,0,0,1,1,63.85,2,1,1,106.36,106.36,0.071,1.0,0.01,1.857,1
cust_4911,11,151,959.14,87.19,104,19.42,35,7,38,0,2,1,1,126.81,1,1,0,0.0,0.0,0.091,1.0,0.01,3.455,1
cust_4912,2,25,154.34,77.17,16,6.75,6,5,6,0,0,0,2,121.96,0,1,0,0.0,0.0,1.0,0.5,0.0,3.0,0
cust_4913,4,41,734.21,183.55,22,13.83,12,12,15,1,0,0,1,118.8,1,2,0,0.0,0.0,0.25,2.0,0.0,3.75,1
cust_4914,3,44,276.5,92.17,20,14.01,8,1,11,0,0,0,0,0.0,0,0,1,48.56,48.56,0.0,0.0,0.0,3.667,0
cust_4915,9,79,827.6,91.96,45,0.45,12,4,12,0,0,1,1,75.19,0,0,0,0.0,0.0,0.111,0.0,0.022,1.333,0
cust_4916,3,39,312.56,104.19,17,9.44,9,7,12,1,1,2,3,247.77,1,2,1,175.97,175.97,1.0,0.667,0.118,4.0,1
cust_4917,19,247,2913.2,153.33,102,16.32,21,9,25,1,0,3,0,0.0,0,0,0,0.0,0.0,0.0,0.0,0.029,1.316,0
cust_4918,7,97,2628.33,375.48,65,9.01,29,7,29,3,0,0,1,155.76,1,0,1,158.1,158.1,0.143,0.0,0.0,4.143,1
cust_4919,5,74,523.71,104.74,40,7.8,12,8,14,0,0,1,2,82.08,1,0,0,0.0,0.0,0.4,0.0,0.025,2.8,0
cust_4920,4,37,554.76,138.69,20,7.58,10,8,13,0,0,2,1,58.8,2,0,0,0.0,0.0,0.25,0.0,0.1,3.25,0
cust_4921,6,36,266.35,44.39,20,7.09,6,3,9,2,0,1,3,616.38,0,1,0,0.0,0.0,0.5,0.333,0.05,1.5,1
cust_4922,6,54,258.89,43.15,28,15.06,10,5,14,1,0,1,1,91.97,1,0,0,0.0,0.0,0.167,0.0,0.036,2.333,0
cust_4923,7,93,985.88,140.84,49,10.28,24,16,24,1,0,0,1,58.11,1,1,0,0.0,0.0,0.143,1.0,0.0,3.429,0
cust_4924,6,79,672.77,112.13,53,2.43,29,16,32,2,1,1,1,141.44,4,0,1,252.15,252.15,0.167,0.0,0.019,5.333,1
cust_4925,9,69,2025.86,225.1,44,5.68,12,7,16,1,1,0,1,113.51,2,1,0,0.0,0.0,0.111,1.0,0.0,1.778,0
cust_4926,6,27,1265.54,210.92,12,7.52,3,2,5,0,1,0,4,399.91,1,2,1,146.29,146.29,0.667,0.5,0.0,0.833,1
cust_4927,3,28,323.93,107.98,13,5.43,2,2,4,2,1,0,2,100.96,1,1,0,0.0,0.0,0.667,0.5,0.0,1.333,0
cust_4928,5,46,700.97,140.19,27,2.71,14,2,18,0,0,1,2,226.93,0,1,0,0.0,0.0,0.4,0.5,0.037,3.6,1
cust_4929,8,39,1207.67,150.96,22,1.33,12,8,12,1,0,0,1,73.43,1,2,1,290.51,290.51,0.125,2.0,0.0,1.5,1
cust_4930,3,38,250.77,83.59,23,1.25,7,4,10,1,0,0,1,46.8,1,2,1,67.44,67.44,0.333,2.0,0.0,3.333,1
cust_4931,2,14,145.35,72.68,8,3.51,2,2,6,1,0,1,0,0.0,1,0,1,68.54,68.54,0.0,0.0,0.125,3.0,0
cust_4932,5,55,666.03,133.21,33,5.15,12,9,16,0,0,0,1,83.46,1,0,1,147.6,147.6,0.2,0.0,0.0,3.2,0
cust_4933,3,15,449.27,149.76,9,11.48,3,1,7,2,1,4,3,425.78,0,2,1,70.37,70.37,1.0,0.667,0.444,2.333,1
cust_4934,4,53,494.49,123.62,33,41.94,11,3,12,1,0,1,1,101.79,1,1,0,0.0,0.0,0.25,1.0,0.03,3.0,0
cust_4935,3,36,1023.53,341.18,17,22.76,6,3,8,1,0,1,0,0.0,2,0,0,0.0,0.0,0.0,0.0,0.059,2.667,0
cust_4936,3,24,673.57,224.52,15,16.8,3,1,4,0,1,0,2,98.88,2,0,0,0.0,0.0,0.667,0.0,0.0,1.333,0
cust_4937,3,32,719.93,239.98,16,16.81,3,1,7,3,0,1,3,306.84,0,0,0,0.0,0.0,1.0,0.0,0.062,2.333,0
cust_4938,6,36,705.88,117.65,24,9.07,11,2,13,1,0,1,3,304.57,2,1,0,0.0,0.0,0.5,0.333,0.042,2.167,1
cust_4939,7,103,712.44,101.78,66,2.91,35,10,38,1,0,0,0,0.0,2,0,0,0.0,0.0,0.0,0.0,0.0,5.429,1
cust_4940,2,25,128.26,64.13,10,6.39,5,4,8,2,1,0,2,140.17,1,1,0,0.0,0.0,1.0,0.5,0.0,4.0,0
cust_4941,8,101,2457.89,307.24,63,1.54,28,10,29,4,0,0,2,236.26,1,2,1,199.53,199.53,0.25,1.0,0.0,3.625,1
cust_4942,6,34,678.78,113.13,18,8.36,10,9,11,0,0,1,0,0.0,0,0,1,145.16,145.16,0.0,0.0,0.056,1.833,0
cust_4943,26,109,7941.02,305.42,75,0.23,15,9,17,1,0,0,1,237.26,1,0,1,196.59,196.59,0.038,0.0,0.0,0.654,1
cust_4944,4,41,406.48,101.62,22,2.1,7,6,10,1,0,0,1,87.3,2,0,0,0.0,0.0,0.25,0.0,0.0,2.5,0
cust_4945,6,33,1165.53,194.26,13,12.46,4,2,5,3,1,0,1,42.06,1,0,1,81.42,81.42,0.167,0.0,0.0,0.833,0
cust_4946,6,75,617.04,102.84,36,3.24,12,8,16,1,0,0,0,0.0,0,0,0,0.0,0.0,0.0,0.0,0.0,2.667,0
cust_4947,19,162,2211.09,116.37,85,5.45,44,6,48,0,1,1,1,67.77,0,0,1,198.12,198.12,0.053,0.0,0.012,2.526,1
cust_4948,7,54,2105.77,300.82,31,17.84,10,5,11,1,0,1,0,0.0,0,0,0,0.0,0.0,0.0,0.0,0.032,1.571,0
cust_4949,12,57,1775.26,147.94,25,0.46,10,5,10,2,1,1,4,597.86,1,0,0,0.0,0.0,0.333,0.0,0.04,0.833,1
cust_4950,5,74,422.53,84.51,41,0.23,18,17,19,0,1,1,3,405.34,0,0,0,0.0,0.0,0.6,0.0,0.024,3.8,1
cust_4951,8,116,311.01,38.88,63,2.6,33,5,33,3,0,0,0,0.0,0,0,0,0.0,0.0,0.0,0.0,0.0,4.125,0
cust_4952,1,5,281.08,281.08,3,11.53,1,1,4,0,1,0,1,82.35,0,1,1,307.48,307.48,1.0,1.0,0.0,4.0,0
cust_4953,2,15,497.7,248.85,7,2.69,2,1,3,0,0,0,5,484.24,0,1,1,179.62,179.62,2.5,0.2,0.0,1.5,1
cust_4954,16,132,3658.92,228.68,70,19.93,33,17,36,1,0,0,1,213.39,3,1,0,0.0,0.0,0.062,1.0,0.0,2.25,1
cust_4955,3,21,128.91,42.97,10,4.34,4,4,5,0,0,0,1,76.3,0,0,1,234.94,234.94,0.333,0.0,0.0,1.667,0
cust_4956,4,57,688.8,172.2,33,3.33,13,10,14,1,0,0,1,243.93,1,1,0,0.0,0.0,0.25,1.0,0.0,3.5,1
cust_4957,5,59,862.1,172.42,38,2.65,12,2,16,1,0,1,2,247.72,0,1,1,168.9,168.9,0.4,0.5,0.026,3.2,1
cust_4958,4,58,437.99,109.5,34,8.53,6,4,10,2,1,0,2,261.58,0,1,0,0.0,0.0,0.5,0.5,0.0,2.5,0
cust_4959,3,40,251.01,83.67,21,19.4,7,3,7,1,0,1,2,61.09,0,0,0,0.0,0.0,0.667,0.0,0.048,2.333,0
cust_4960,4,49,546.38,136.59,28,5.21,8,7,11,3,2,1,0,0.0,1,0,2,194.43,97.22,0.0,0.0,0.036,2.75,0
cust_4961,6,69,742.77,123.79,34,2.91,8,8,10,2,0,0,1,147.36,2,0,1,161.45,161.45,0.167,0.0,0.0,1.667,0
cust_4962,10,135,1441.24,144.12,59,5.46,16,11,16,4,1,1,1,101.66,4,0,0,0.0,0.0,0.1,0.0,0.017,1.6,1
cust_4963,5,57,940.53,188.11,28,23.52,16,4,17,1,0,1,2,179.33,0,0,1,144.15,144.15,0.4,0.0,0.036,3.4,0
cust_4964,2,12,139.65,69.82,6,4.07,1,1,2,1,0,1,1,61.43,0,1,1,174.49,174.49,0.5,1.0,0.167,1.0,0
cust_4965,5,55,279.14,55.83,29,10.66,11,8,15,2,0,2,1,90.94,2,1,1,123.92,123.92,0.2,1.0,0.069,3.0,0
cust_4966,3,28,346.69,115.56,17,4.0,7,7,7,0,0,1,2,60.6,1,0,0,0.0,0.0,0.667,0.0,0.059,2.333,0
cust_4967,11,162,4620.87,420.08,110,11.23,46,1,47,0,0,3,0,0.0,2,0,0,0.0,0.0,0.0,0.0,0.027,4.273,1
cust_4968,6,57,445.05,74.17,29,21.29,6,3,9,1,0,0,1,73.43,2,3,0,0.0,0.0,0.167,3.0,0.0,1.5,1
cust_4969,9,39,1157.71,128.63,16,9.13,8,3,10,4,0,0,0,0.0,1,0,1,57.88,57.88,0.0,0.0,0.0,1.111,0
cust_4970,3,20,403.95,134.65,8,29.46,3,2,5,1,0,0,0,0.0,3,0,0,0.0,0.0,0.0,0.0,0.0,1.667,0
cust_4971,2,28,56.46,28.23,11,9.2,6,4,9,2,0,1,0,0.0,1,0,0,0.0,0.0,0.0,0.0,0.091,4.5,0
cust_4972,9,131,2566.46,285.16,89,36.84,24,16,24,0,0,2,3,127.97,0,1,0,0.0,0.0,0.333,0.333,0.022,2.667,0
cust_4973,12,144,960.03,80.0,100,12.86,42,19,42,1,0,1,1,79.25,0,0,0,0.0,0.0,0.083,0.0,0.01,3.5,1
cust_4974,2,9,256.25,128.13,3,10.58,1,1,3,1,0,1,2,75.8,0,2,0,0.0,0.0,1.0,1.0,0.333,1.5,0
cust_4975,1,4,229.64,229.64,2,17.71,0,0,2,2,0,2,3,231.55,1,2,0,0.0,0.0,3.0,0.667,1.0,2.0,1
cust_4976,3,27,337.16,112.39,16,0.11,8,5,11,1,0,0,1,266.64,1,0,1,229.68,229.68,0.333,0.0,0.0,3.667,1
cust_4977,5,74,1003.44,200.69,33,2.97,10,6,12,1,0,0,1,153.62,1,2,0,0.0,0.0,0.2,2.0,0.0,2.4,1
cust_4978,3,40,63.65,21.22,23,2.43,7,2,10,1,0,3,1,113.55,0,0,1,162.36,162.36,0.333,0.0,0.13,3.333,0
cust_4979,6,85,371.19,61.87,54,1.18,31,10,34,1,0,0,1,60.57,1,0,0,0.0,0.0,0.167,0.0,0.0,5.667,1
cust_4980,1,10,278.67,278.67,6,27.77,1,1,5,1,0,0,1,132.15,0,0,0,0.0,0.0,1.0,0.0,0.0,5.0,0
cust_4981,5,67,1169.06,233.81,40,1.4,17,2,21,2,0,0,4,577.8,0,1,1,47.88,47.88,0.8,0.25,0.0,4.2,1
cust_4982,1,7,89.77,89.77,2,3.05,0,0,1,1,0,0,3,230.33,1,0,0,0.0,0.0,3.0,0.0,0.0,1.0,0
cust_4983,6,25,1241.63,206.94,12,4.08,2,1,5,1,1,0,3,55.5,0,1,1,222.05,222.05,0.5,0.333,0.0,0.833,0
cust_4984,6,84,1106.86,184.48,57,9.8,33,19,36,1,0,0,1,80.44,2,1,0,0.0,0.0,0.167,1.0,0.0,6.0,1
cust_4985,1,6,92.13,92.13,2,14.59,0,0,1,1,1,0,3,299.33,0,1,0,0.0,0.0,3.0,0.333,0.0,1.0,0
cust_4986,3,36,238.62,79.54,19,9.28,5,2,9,1,0,0,2,185.96,2,1,1,306.47,306.47,0.667,0.5,0.0,3.0,1
cust_4987,11,123,2742.42,249.31,61,13.82,21,2,24,0,0,1,3,312.33,1,3,0,0.0,0.0,0.273,1.0,0.016,2.182,1
cust_4988,7,40,436.53,62.36,18,5.14,7,5,7,1,1,1,2,96.73,0,1,0,0.0,0.0,0.286,0.5,0.056,1.0,0
cust_4989,6,36,570.35,95.06,17,54.68,4,1,6,0,0,0,0,0.0,1,0,0,0.0,0.0,0.0,0.0,0.0,1.0,0
cust_4990,5,38,474.26,94.85,17,1.86,7,6,9,1,1,2,0,0.0,0,0,0,0.0,0.0,0.0,0.0,0.118,1.8,0
cust_4991,4,49,332.44,83.11,32,5.1,12,5,13,1,0,2,4,217.59,1,0,1,288.12,288.12,1.0,0.0,0.062,3.25,1
cust_4992,4,17,411.54,102.88,7,17.85,2,1,6,2,0,1,0,0.0,1,0,1,275.92,275.92,0.0,0.0,0.143,1.5,0
cust_4993,1,8,53.58,53.58,4,2.83,1,1,3,1,0,0,0,0.0,0,0,1,149.22,149.22,0.0,0.0,0.0,3.0,0
cust_4994,1,11,377.2,377.2,7,13.9,2,1,3,1,0,0,3,311.18,0,0,2,405.1,202.55,3.0,0.0,0.0,3.0,0
cust_4995,6,35,1355.36,225.89,24,4.53,12,7,13,1,1,0,2,196.26,1,1,0,0.0,0.0,0.333,0.5,0.0,2.167,1
cust_4996,8,42,909.05,113.63,24,1.96,13,13,17,0,0,2,3,317.51,3,1,0,0.0,0.0,0.375,0.333,0.083,2.125,1
cust_4997,2,16,131.09,65.55,7,5.16,4,3,8,3,0,1,2,461.59,0,1,2,203.87,101.94,1.0,0.5,0.143,4.0,1
cust_4998,7,50,819.89,117.13,23,15.36,5,5,5,2,0,0,3,292.08,0,1,0,0.0,0.0,0.429,0.333,0.0,0.714,0
cust_4999,2,22,175.05,87.52,13,1.19,4,4,5,1,0,0,5,611.82,2,1,1,187.99,187.99,2.5,0.2,0.0,2.5,1
cust_5000,5,73,298.03,59.61,50,7.26,20,8,21,3,0,0,1,100.94,1,2,0,0.0,0.0,0.2,2.0,0.0,4.2,1
cust_5001,7,28,1856.64,265.23,11,13.52,3,3,3,2,0,0,3,292.06,1,0,2,167.42,83.71,0.429,0.0,0.0,0.429,1
cust_5002,3,41,490.77,163.59,26,13.93,14,10,17,2,0,2,0,0.0,1,0,0,0.0,0.0,0.0,0.0,0.077,5.667,0
cust_5003,4,35,438.03,109.51,15,4.94,3,2,7,0,1,0,1,82.65,1,2,0,0.0,0.0,0.25,2.0,0.0,1.75,0
cust_5004,8,90,325.8,40.73,44,6.28,16,8,16,2,0,0,0,0.0,0,0,1,397.57,397.57,0.0,0.0,0.0,2.0,0
cust_5005,5,66,1900.67,380.13,37,19.43,10,5,12,1,0,1,1,99.57,1,0,1,151.52,151.52,0.2,0.0,0.027,2.4,0
cust_5006,10,103,408.72,40.87,50,2.34,23,13,24,1,1,0,1,45.12,4,0,1,184.56,184.56,0.1,0.0,0.0,2.4,1
cust_5007,4,20,273.38,68.34,11,49.05,5,3,6,1,1,0,1,62.31,0,0,0,0.0,0.0,0.25,0.0,0.0,1.5,0
cust_5008,6,33,1991.48,331.91,17,5.43,9,9,13,0,0,1,0,0.0,0,0,0,0.0,0.0,0.0,0.0,0.059,2.167,0
cust_5009,11,139,2041.2,185.56,64,3.22,23,15,26,2,0,0,4,307.24,5,0,0,0.0,0.0,0.364,0.0,0.0,2.364,1
cust_5010,5,32,1174.68,234.94,17,0.03,8,6,11,0,0,0,5,655.14,0,1,0,0.0,0.0,1.0,0.2,0.0,2.2,1
cust_5011,11,112,2556.03,232.37,45,1.34,18,14,22,1,1,0,3,416.73,2,0,1,209.36,209.36,0.273,0.0,0.0,2.0,1
cust_5012,9,78,2384.77,264.97,48,14.13,25,10,29,1,0,0,3,172.86,4,3,0,0.0,0.0,0.333,1.0,0.0,3.222,1
cust_5013,6,44,898.65,149.77,24,10.48,5,3,8,2,0,0,2,162.16,3,2,1,70.73,70.73,0.333,1.0,0.0,1.333,1
cust_5014,6,75,1220.09,203.35,51,2.83,19,11,23,2,0,0,2,254.41,2,0,0,0.0,0.0,0.333,0.0,0.0,3.833,1
cust_5015,1,12,100.25,100.25,5,26.17,1,1,4,1,1,0,1,243.11,1,1,1,115.49,115.49,1.0,1.0,0.0,4.0,0
cust_5016,2,22,441.73,220.86,13,18.06,6,6,6,1,0,1,0,0.0,1,0,0,0.0,0.0,0.0,0.0,0.077,3.0,0
cust_5017,4,32,469.74,117.43,15,3.14,3,3,4,0,0,1,0,0.0,0,0,0,0.0,0.0,0.0,0.0,0.067,1.0,0
cust_5018,3,19,869.11,289.7,9,4.01,1,1,5,0,1,1,3,68.67,0,0,0,0.0,0.0,1.0,0.0,0.111,1.667,0
cust_5019,2,19,339.95,169.97,9,2.04,5,5,7,4,0,0,3,282.06,1,2,1,87.19,87.19,1.5,0.667,0.0,3.5,1
cust_5020,2,25,528.99,264.49,12,10.29,4,3,6,1,0,0,4,243.6,1,0,0,0.0,0.0,2.0,0.0,0.0,3.0,0
cust_5021,2,20,303.73,151.86,10,12.08,5,4,7,3,0,1,0,0.0,0,0,1,172.57,172.57,0.0,0.0,0.1,3.5,0
cust_5022,7,102,551.51,78.79,41,5.04,15,3,18,1,0,0,0,0.0,1,0,0,0.0,0.0,0.0,0.0,0.0,2.571,0
cust_5023,6,25,1065.2,177.53,16,13.36,6,1,6,1,0,3,0,0.0,0,0,2,444.35,222.18,0.0,0.0,0.188,1.0,0
cust_5024,1,14,241.86,241.86,9,47.76,4,2,4,1,0,2,2,176.99,2,1,0,0.0,0.0,2.0,0.5,0.222,4.0,0
cust_5025,2,23,91.79,45.89,9,9.47,2,2,6,0,0,1,0,0.0,0,0,0,0.0,0.0,0.0,0.0,0.111,3.0,0
cust_5026,6,78,539.74,89.96,49,10.48,12,2,12,1,0,1,3,185.23,2,1,1,199.05,199.05,0.5,0.333,0.02,2.0,1
cust_5027,6,46,596.57,99.43,19,4.68,8,6,10,3,0,0,3,544.27,0,2,0,0.0,0.0,0.5,0.667,0.0,1.667,1
cust_5028,3,28,263.01,87.67,17,0.11,6,2,6,2,1,1,1,219.36,0,2,0,0.0,0.0,0.333,2.0,0.059,2.0,1
cust_5029,11,140,2071.11,188.28,81,30.77,42,6,46,1,0,2,2,248.42,1,0,2,224.24,112.12,0.182,0.0,0.025,4.182,1
cust_5030,7,86,1315.71,187.96,42,14.8,9,6,10,1,0,0,4,504.53,2,1,1,82.26,82.26,0.571,0.25,0.0,1.429,1
cust_5031,3,23,276.84,92.28,13,11.89,5,3,7,1,0,1,2,37.2,0,0,2,482.49,241.24,0.667,0.0,0.077,2.333,0
cust_5032,14,105,1121.26,80.09,57,0.3,15,11,18,3,1,0,3,333.63,0,1,1,132.54,132.54,0.214,0.333,0.0,1.286,1
cust_5033,3,33,547.42,182.47,19,14.23,8,6,10,1,0,0,4,257.43,2,0,0,0.0,0.0,1.333,0.0,0.0,3.333,0
cust_5034,5,71,188.68,37.74,38,11.09,19,2,23,1,0,0,1,37.37,0,0,0,0.0,0.0,0.2,0.0,0.0,4.6,0
cust_5035,11,97,754.02,68.55,61,8.41,18,6,20,1,0,0,1,79.13,1,0,0,0.0,0.0,0.091,0.0,0.0,1.818,0
cust_5036,3,23,267.9,89.3,9,9.77,3,1,3,2,0,0,2,80.7,0,0,0,0.0,0.0,0.667,0.0,0.0,1.0,0
cust_5037,3,41,354.34,118.11,20,25.06,7,7,11,1,0,1,2,129.81,0,0,0,0.0,0.0,0.667,0.0,0.05,3.667,0
cust_5038,12,138,2082.14,173.51,78,0.07,39,16,43,1,1,0,4,200.76,2,1,0,0.0,0.0,0.333,0.25,0.0,3.583,1
cust_5039,5,41,786.66,157.33,23,1.71,10,10,11,2,0,1,1,90.17,2,0,3,446.1,148.7,0.2,0.0,0.043,2.2,1
cust_5040,4,18,247.31,61.83,8,22.51,1,1,3,1,0,0,2,148.42,0,2,1,117.53,117.53,0.5,1.0,0.0,0.75,0
cust_5041,6,71,1038.36,173.06,29,0.08,17,14,19,2,0,1,0,0.0,1,0,1,337.92,337.92,0.0,0.0,0.034,3.167,0
cust_5042,3,23,188.71,62.9,9,23.4,5,3,7,2,0,1,3,285.66,0,1,0,0.0,0.0,1.0,0.333,0.111,2.333,0
cust_5043,2,9,738.22,369.11,4,0.3,1,1,5,2,0,1,0,0.0,0,0,0,0.0,0.0,0.0,0.0,0.25,2.5,0
cust_5044,4,42,387.25,96.81,20,15.11,10,6,10,0,0,1,1,114.93,2,1,0,0.0,0.0,0.25,1.0,0.05,2.5,0
cust_5045,5,37,1301.04,260.21,21,22.16,4,4,5,3,0,1,2,132.03,2,2,0,0.0,0.0,0.4,1.0,0.048,1.0,0
cust_5046,5,38,403.48,80.7,20,9.48,5,1,6,1,1,2,2,78.95,1,2,1,59.23,59.23,0.4,1.0,0.1,1.2,1
cust_5047,5,46,296.8,59.36,23,10.26,11,7,14,1,0,2,1,90.79,1,0,2,336.26,168.13,0.2,0.0,0.087,2.8,0
cust_5048,9,107,1233.79,137.09,69,0.52,16,4,17,1,1,1,1,56.02,0,1,1,244.18,244.18,0.111,1.0,0.014,1.889,1
cust_5049,11,77,2501.3,227.39,45,2.37,9,3,11,0,0,0,1,87.91,0,1,2,289.42,144.71,0.091,1.0,0.0,1.0,0
cust_5050,2,9,542.94,271.47,5,22.97,2,2,5,0,0,3,0,0.0,0,0,0,0.0,0.0,0.0,0.0,0.6,2.5,0
cust_5051,3,26,194.75,64.92,13,17.36,2,2,5,0,0,1,0,0.0,1,0,0,0.0,0.0,0.0,0.0,0.077,1.667,0
cust_5052,4,18,856.71,214.18,11,0.61,3,3,3,0,0,1,2,108.71,1,2,1,292.44,292.44,0.5,1.0,0.091,0.75,1
cust_5053,10,116,830.47,83.05,51,16.77,11,6,12,1,0,1,2,174.85,0,1,1,132.65,132.65,0.2,0.5,0.02,1.2,0
cust_5054,1,14,96.13,96.13,7,5.51,2,2,3,3,0,2,4,413.01,0,1,0,0.0,0.0,4.0,0.25,0.286,3.0,1
cust_5055,5,56,502.89,100.58,23,8.23,10,4,12,1,0,0,1,125.23,1,0,0,0.0,0.0,0.2,0.0,0.0,2.4,0
cust_5056,10,70,1945.64,194.56,30,1.15,8,2,8,0,0,0,3,347.91,0,0,0,0.0,0.0,0.3,0.0,0.0,0.8,0
cust_5057,7,41,928.57,132.65,17,5.09,6,1,10,2,0,0,1,65.39,1,1,0,0.0,0.0,0.143,1.0,0.0,1.429,0
cust_5058,4,26,529.57,132.39,13,5.71,2,2,6,0,0,1,3,239.3,0,3,0,0.0,0.0,0.75,1.0,0.077,1.5,1
cust_5059,1,6,63.01,63.01,3,11.07,0,0,4,1,0,1,1,184.64,1,3,1,53.25,53.25,1.0,3.0,0.333,4.0,1
cust_5060,2,14,299.95,149.98,6,10.72,1,1,4,2,0,0,2,110.08,0,1,1,158.89,158.89,1.0,0.5,0.0,2.0,0
cust_5061,6,30,461.58,76.93,12,7.96,3,3,7,0,1,0,2,205.54,1,2,1,111.09,111.09,0.333,1.0,0.0,1.167,1
cust_5062,5,69,820.09,164.02,42,0.32,12,3,14,2,1,0,3,342.66,2,0,0,0.0,0.0,0.6,0.0,0.0,2.8,1
cust_5063,3,41,695.16,231.72,18,1.76,9,5,13,0,0,3,0,0.0,2,0,0,0.0,0.0,0.0,0.0,0.167,4.333,0
cust_5064,8,86,716.63,89.58,53,1.75,30,13,31,0,0,2,4,170.42,1,0,1,193.24,193.24,0.5,0.0,0.038,3.875,1
cust_5065,8,37,704.3,88.04,14,21.87,6,1,6,1,0,1,1,129.36,2,0,0,0.0,0.0,0.125,0.0,0.071,0.75,0
cust_5066,4,51,994.9,248.72,25,23.2,5,4,5,2,0,0,2,70.11,2,1,0,0.0,0.0,0.5,0.5,0.0,1.25,0
cust_5067,2,9,124.4,62.2,5,16.42,2,2,3,2,1,2,3,153.53,1,2,1,79.72,79.72,1.5,0.667,0.4,1.5,1
cust_5068,13,67,1952.22,150.17,44,1.92,21,4,21,0,0,1,2,252.29,1,0,1,93.37,93.37,0.154,0.0,0.023,1.615,1
cust_5069,9,68,395.17,43.91,42,18.34,10,2,10,1,0,2,0,0.0,1,0,0,0.0,0.0,0.0,0.0,0.048,1.111,0
cust_5070,7,61,341.42,48.77,32,2.08,10,8,11,3,1,2,0,0.0,1,0,2,240.41,120.2,0.0,0.0,0.062,1.571,0
cust_5071,5,39,2607.76,521.55,24,8.09,8,1,10,0,0,1,2,196.72,1,1,0,0.0,0.0,0.4,0.5,0.042,2.0,0
cust_5072,2,11,339.18,169.59,6,13.24,1,1,4,2,1,1,3,269.06,4,0,2,204.09,102.04,1.5,0.0,0.167,2.0,0
cust_5073,6,31,910.89,151.81,19,0.53,7,7,11,2,1,0,2,137.11,2,0,1,161.97,161.97,0.333,0.0,0.0,1.833,0
cust_5074,2,26,321.15,160.58,16,9.11,4,2,5,2,0,2,3,167.78,0,2,0,0.0,0.0,1.5,0.667,0.125,2.5,0
cust_5075,4,31,260.44,65.11,21,2.89,7,6,8,1,0,1,1,83.56,4,0,2,225.44,112.72,0.25,0.0,0.048,2.0,0
cust_5076,1,6,187.74,187.74,2,6.89,0,0,0,1,0,0,2,129.1,2,1,1,94.19,94.19,2.0,0.5,0.0,0.0,0
cust_5077,3,28,211.97,70.66,14,4.84,5,4,9,2,0,2,0,0.0,0,0,1,160.56,160.56,0.0,0.0,0.143,3.0,0
cust_5078,7,30,293.68,41.95,13,11.6,3,3,6,0,2,0,1,172.34,1,1,0,0.0,0.0,0.143,1.0,0.0,0.857,0
cust_5079,3,31,607.6,202.53,18,6.72,9,3,12,2,1,1,1,161.04,0,0,0,0.0,0.0,0.333,0.0,0.056,4.0,1
cust_5080,1,6,95.0,95.0,3,3.59,1,1,2,0,0,1,1,46.43,0,1,1,81.66,81.66,1.0,1.0,0.333,2.0,0
cust_5081,1,10,187.0,187.0,4,24.12,1,1,3,2,0,1,1,202.52,0,1,0,0.0,0.0,1.0,1.0,0.25,3.0,0
cust_5082,3,32,241.97,80.66,16,31.95,5,5,7,1,0,0,3,402.2,1,3,0,0.0,0.0,1.0,1.0,0.0,2.333,1
cust_5083,6,77,598.82,99.8,44,16.19,13,12,14,2,0,0,1,73.48,1,1,0,0.0,0.0,0.167,1.0,0.0,2.333,0
cust_5084,7,45,864.07,123.44,26,8.69,11,10,13,0,1,1,1,248.19,0,1,0,0.0,0.0,0.143,1.0,0.038,1.857,1
cust_5085,5,45,591.49,118.3,19,21.58,5,4,9,1,0,0,3,118.93,2,2,0,0.0,0.0,0.6,0.667,0.0,1.8,1
cust_5086,1,14,129.59,129.59,9,9.2,4,4,6,2,0,1,1,26.67,0,2,2,269.7,134.85,1.0,2.0,0.111,6.0,1
cust_5087,9,107,1450.1,161.12,43,1.61,16,5,20,0,0,0,0,0.0,0,0,0,0.0,0.0,0.0,0.0,0.0,2.222,0
cust_5088,8,117,818.95,102.37,80,0.18,44,10,46,1,0,0,2,238.63,1,1,0,0.0,0.0,0.25,0.5,0.0,5.75,1
cust_5089,5,71,626.01,125.2,35,12.94,20,2,23,3,0,0,1,225.29,1,2,1,143.5,143.5,0.2,2.0,0.0,4.6,1
cust_5090,8,85,864.45,108.06,42,13.96,14,12,15,0,0,0,2,244.39,1,1,0,0.0,0.0,0.25,0.5,0.0,1.875,1
cust_5091,4,27,98.74,24.68,14,26.01,3,2,7,2,0,0,3,702.92,2,1,0,0.0,0.0,0.75,0.333,0.0,1.75,1
cust_5092,6,73,1874.29,312.38,44,17.39,17,15,20,3,0,0,3,449.28,1,1,1,256.42,256.42,0.5,0.333,0.0,3.333,1
cust_5093,6,70,1403.15,233.86,31,10.2,9,6,10,1,0,1,2,244.57,0,1,0,0.0,0.0,0.333,0.5,0.032,1.667,0
cust_5094,10,104,582.21,58.22,49,2.11,18,3,21,3,1,0,2,261.84,0,0,0,0.0,0.0,0.2,0.0,0.0,2.1,1
cust_5095,2,23,374.18,187.09,15,9.02,5,4,9,1,0,0,1,142.55,0,0,0,0.0,0.0,0.5,0.0,0.0,4.5,0
cust_5096,3,32,473.62,157.87,21,5.7,7,1,9,1,0,1,2,160.33,0,0,0,0.0,0.0,0.667,0.0,0.048,3.0,0
cust_5097,4,38,260.59,65.15,17,2.64,6,3,7,1,1,0,2,269.02,0,0,0,0.0,0.0,0.5,0.0,0.0,1.75,0
cust_5098,7,60,1110.14,158.59,34,16.05,15,9,18,1,0,1,1,165.74,2,1,0,0.0,0.0,0.143,1.0,0.029,2.571,0
cust_5099,7,31,3807.18,543.88,14,1.62,2,2,4,2,2,0,0,0.0,1,0,1,177.94,177.94,0.0,0.0,0.0,0.571,0
cust_5100,11,148,2731.07,248.28,83,9.95,25,7,25,3,1,0,2,331.02,0,1,1,183.46,183.46,0.182,0.5,0.0,2.273,1
cust_5101,4,54,1288.05,322.01,27,9.44,7,4,11,1,0,0,2,208.68,0,1,0,0.0,0.0,0.5,0.5,0.0,2.75,0
cust_5102,9,94,1907.79,211.98,47,3.62,22,12,26,1,0,0,3,176.19,0,1,0,0.0,0.0,0.333,0.333,0.0,2.889,1
cust_5103,1,6,172.51,172.51,3,5.61,1,1,3,1,0,3,3,234.4,2,1,2,524.33,262.17,3.0,0.333,1.0,3.0,1
cust_5104,4,17,810.98,202.74,8,1.24,3,3,5,2,0,0,0,0.0,0,0,0,0.0,0.0,0.0,0.0,0.0,1.25,0
cust_5105,2,8,608.95,304.47,4,0.26,2,1,3,1,0,0,1,94.77,1,0,1,294.91,294.91,0.5,0.0,0.0,1.5,0
cust_5106,3,14,605.22,201.74,9,0.13,2,2,5,1,0,0,4,443.5,1,0,1,264.13,264.13,1.333,0.0,0.0,1.667,1
cust_5107,5,39,870.76,174.15,24,1.92,9,2,9,0,0,0,1,93.77,0,1,0,0.0,0.0,0.2,1.0,0.0,1.8,0
cust_5108,2,12,237.88,118.94,6,20.17,3,2,4,1,0,0,1,132.96,1,2,2,340.52,170.26,0.5,2.0,0.0,2.0,0
cust_5109,8,55,596.67,74.58,25,7.39,8,8,9,0,0,0,3,771.83,0,0,0,0.0,0.0,0.375,0.0,0.0,1.125,1
cust_5110,5,58,245.11,49.02,34,1.25,17,11,17,1,0,1,0,0.0,0,0,0,0.0,0.0,0.0,0.0,0.029,3.4,0
cust_5111,7,101,1042.41,148.92,64,23.59,27,19,31,2,0,0,4,508.26,3,1,0,0.0,0.0,0.571,0.25,0.0,4.429,1
cust_5112,4,25,603.96,150.99,16,8.41,9,6,10,2,0,0,2,166.92,1,1,1,188.09,188.09,0.5,0.5,0.0,2.5,0
cust_5113,1,9,336.35,336.35,5,0.28,1,1,5,5,0,0,2,225.03,0,2,0,0.0,0.0,2.0,1.0,0.0,5.0,1
cust_5114,5,74,1169.97,233.99,41,14.39,15,4,18,1,1,1,1,98.95,1,0,1,56.3,56.3,0.2,0.0,0.024,3.6,0
cust_5115,12,170,2838.66,236.55,104,6.41,27,7,29,2,0,0,1,159.83,0,0,0,0.0,0.0,0.083,0.0,0.0,2.417,1
cust_5116,4,31,602.39,150.6,14,7.61,3,1,6,2,1,1,2,42.27,3,0,0,0.0,0.0,0.5,0.0,0.071,1.5,0
cust_5117,2,15,327.64,163.82,9,9.5,4,2,6,3,0,0,2,217.52,1,0,1,57.68,57.68,1.0,0.0,0.0,3.0,0
cust_5118,1,6,406.05,406.05,2,0.99,0,0,1,1,0,0,5,548.77,1,1,1,191.14,191.14,5.0,0.2,0.0,1.0,1
cust_5119,3,17,637.18,212.39,9,29.52,4,4,6,0,0,0,1,25.64,1,2,0,0.0,0.0,0.333,2.0,0.0,2.0,0
cust_5120,6,54,374.26,62.38,31,2.95,15,5,15,0,1,0,1,108.84,2,0,0,0.0,0.0,0.167,0.0,0.0,2.5,0
cust_5121,12,93,1112.75,92.73,45,9.72,16,9,16,2,0,1,3,351.31,1,1,1,179.89,179.89,0.25,0.333,0.022,1.333,1
cust_5122,5,60,1276.87,255.37,24,19.35,13,1,16,1,0,0,1,61.0,0,1,0,0.0,0.0,0.2,1.0,0.0,3.2,0
cust_5123,3,19,378.83,126.28,11,4.03,6,4,6,0,1,1,3,131.53,1,0,0,0.0,0.0,1.0,0.0,0.091,2.0,0
cust_5124,9,108,1132.59,125.84,43,9.88,20,2,23,3,1,0,1,231.68,1,3,0,0.0,0.0,0.111,3.0,0.0,2.556,1
cust_5125,3,21,207.64,69.21,9,44.99,5,1,9,0,0,1,1,79.49,1,0,2,350.66,175.33,0.333,0.0,0.111,3.0,0
cust_5126,6,63,579.54,96.59,35,19.09,7,6,11,2,1,1,2,90.46,3,0,1,85.96,85.96,0.333,0.0,0.029,1.833,0
cust_5127,2,22,186.75,93.37,15,15.11,3,2,6,1,0,3,0,0.0,0,0,0,0.0,0.0,0.0,0.0,0.2,3.0,0
cust_5128,7,79,1393.33,199.05,33,5.79,7,1,10,1,0,0,0,0.0,0,0,2,607.36,303.68,0.0,0.0,0.0,1.429,0
cust_5129,2,11,230.82,115.41,6,6.0,3,2,6,1,0,0,1,104.14,0,3,0,0.0,0.0,0.5,3.0,0.0,3.0,0
cust_5130,2,14,357.04,178.52,6,6.65,2,1,4,1,1,1,0,0.0,1,0,0,0.0,0.0,0.0,0.0,0.167,2.0,0
cust_5131,10,67,369.23,36.92,40,11.73,22,9,22,1,0,0,0,0.0,1,0,1,196.96,196.96,0.0,0.0,0.0,2.2,0
cust_5132,1,10,54.78,54.78,6,1.56,1,1,3,0,1,2,1,32.39,3,0,0,0.0,0.0,1.0,0.0,0.333,3.0,0
cust_5133,5,24,240.26,48.05,11,19.73,2,2,4,1,0,0,3,144.94,1,0,1,167.01,167.01,0.6,0.0,0.0,0.8,0
cust_5134,4,38,712.56,178.14,26,0.18,10,5,12,5,0,0,2,81.04,1,0,0,0.0,0.0,0.5,0.0,0.0,3.0,0
cust_5135,2,9,374.69,187.34,5,1.86,1,1,5,1,0,1,2,295.99,1,0,1,104.43,104.43,1.0,0.0,0.2,2.5,1
cust_5136,6,46,298.68,49.78,26,6.57,14,3,18,1,0,4,1,99.27,1,1,1,45.77,45.77,0.167,1.0,0.154,3.0,1
cust_5137,2,23,390.45,195.22,14,2.91,5,4,7,2,0,2,1,53.72,0,1,1,115.4,115.4,0.5,1.0,0.143,3.5,0
cust_5138,5,42,682.63,136.53,27,4.55,13,12,14,2,0,1,1,121.7,0,1,0,0.0,0.0,0.2,1.0,0.037,2.8,0
cust_5139,3,21,269.5,89.83,13,4.04,5,4,7,0,1,0,0,0.0,1,0,0,0.0,0.0,0.0,0.0,0.0,2.333,0
cust_5140,1,10,244.72,244.72,4,3.13,1,1,2,0,0,0,0,0.0,0,0,0,0.0,0.0,0.0,0.0,0.0,2.0,0
cust_5141,8,97,1368.51,171.06,62,4.78,29,19,30,2,0,1,1,77.26,1,0,0,0.0,0.0,0.125,0.0,0.016,3.75,0
cust_5142,5,34,653.52,130.7,16,7.04,5,1,5,3,0,2,2,105.12,1,1,0,0.0,0.0,0.4,0.5,0.125,1.0,0
cust_5143,3,21,351.06,117.02,13,6.47,7,1,10,2,0,1,1,236.36,2,2,0,0.0,0.0,0.333,2.0,0.077,3.333,1
cust_5144,4,44,552.98,138.25,20,16.71,7,5,9,0,0,2,2,285.82,0,0,1,132.67,132.67,0.5,0.0,0.1,2.25,0
cust_5145,6,87,366.16,61.03,49,3.68,17,17,19,1,0,0,0,0.0,0,0,2,431.76,215.88,0.0,0.0,0.0,3.167,0
cust_5146,2,12,132.47,66.23,7,3.31,3,1,5,0,0,0,3,476.6,2,0,0,0.0,0.0,1.5,0.0,0.0,2.5,0
cust_5147,3,33,499.24,166.41,17,7.02,7,2,10,2,0,0,1,80.29,1,0,0,0.0,0.0,0.333,0.0,0.0,3.333,0
cust_5148,2,27,412.48,206.24,17,0.49,10,10,11,1,0,1,0,0.0,0,0,0,0.0,0.0,0.0,0.0,0.059,5.5,0
cust_5149,4,36,1211.01,302.75,24,1.19,12,6,14,0,0,2,2,241.35,1,2,0,0.0,0.0,0.5,1.0,0.083,3.5,1
cust_5150,3,22,868.28,289.43,10,16.25,3,2,5,1,0,2,6,303.47,1,0,0,0.0,0.0,2.0,0.0,0.2,1.667,0
cust_5151,17,192,537.1,31.59,78,6.81,18,2,21,1,0,0,0,0.0,0,0,0,0.0,0.0,0.0,0.0,0.0,1.235,0
cust_5152,3,13,1182.21,394.07,7,0.69,1,1,5,1,1,1,3,465.02,1,1,2,254.57,127.28,1.0,0.333,0.143,1.667,1
cust_5153,2,15,304.45,152.23,8,5.81,2,2,5,1,0,0,3,295.4,0,0,0,0.0,0.0,1.5,0.0,0.0,2.5,0
cust_5154,3,20,173.62,57.87,10,5.08,3,1,6,0,0,2,0,0.0,3,0,0,0.0,0.0,0.0,0.0,0.2,2.0,0
cust_5155,5,32,385.23,77.05,20,2.83,9,4,13,1,0,2,1,177.3,1,0,0,0.0,0.0,0.2,0.0,0.1,2.6,0
cust_5156,8,47,525.03,65.63,30,4.65,16,3,16,0,1,0,1,136.18,0,1,0,0.0,0.0,0.125,1.0,0.0,2.0,1
cust_5157,2,24,169.1,84.55,11,2.09,6,2,9,1,0,1,0,0.0,1,0,0,0.0,0.0,0.0,0.0,0.091,4.5,0
cust_5158,3,43,629.45,209.82,26,5.96,9,2,12,1,0,1,2,174.66,0,1,1,159.86,159.86,0.667,0.5,0.038,4.0,1
cust_5159,4,32,361.0,90.25,18,5.25,7,5,9,2,0,1,1,100.74,0,1,0,0.0,0.0,0.25,1.0,0.056,2.25,0
cust_5160,2,9,88.97,44.49,4,9.35,1,1,2,1,0,1,2,170.09,0,1,0,0.0,0.0,1.0,0.5,0.25,1.0,0
cust_5161,23,273,4295.7,186.77,188,28.49,79,15,80,2,0,0,5,387.16,1,1,1,70.31,70.31,0.217,0.2,0.0,3.478,1
cust_5162,2,19,141.87,70.94,9,2.05,2,2,5,2,0,0,2,103.01,3,2,0,0.0,0.0,1.0,1.0,0.0,2.5,1
cust_5163,5,59,995.95,199.19,34,5.4,8,7,9,2,0,0,1,70.07,0,0,1,92.81,92.81,0.2,0.0,0.0,1.8,0
cust_5164,3,33,1516.47,505.49,16,8.26,8,5,10,3,1,2,1,20.37,0,0,2,222.75,111.38,0.333,0.0,0.125,3.333,0
cust_5165,3,41,614.84,204.95,16,7.92,7,6,10,2,0,1,1,149.19,0,1,1,116.29,116.29,0.333,1.0,0.062,3.333,1
cust_5166,4,22,500.0,125.0,9,10.83,4,3,7,5,1,0,4,631.47,1,1,0,0.0,0.0,1.0,0.25,0.0,1.75,1
cust_5167,10,58,558.61,55.86,27,3.12,14,3,17,1,0,2,3,692.99,0,1,0,0.0,0.0,0.3,0.333,0.074,1.7,1
cust_5168,1,7,267.4,267.4,4,10.07,0,0,2,3,0,0,3,364.76,3,0,2,704.84,352.42,3.0,0.0,0.0,2.0,0
cust_5169,9,84,1111.98,123.55,44,2.25,16,2,17,3,0,2,0,0.0,2,0,0,0.0,0.0,0.0,0.0,0.045,1.889,0
cust_5170,7,99,237.7,33.96,57,1.34,17,5,20,1,0,0,3,384.08,2,0,0,0.0,0.0,0.429,0.0,0.0,2.857,1
cust_5171,10,139,1040.88,104.09,94,17.82,43,14,47,0,0,0,2,178.67,0,1,0,0.0,0.0,0.2,0.5,0.0,4.7,1
cust_5172,2,27,210.92,105.46,11,6.42,3,3,6,0,0,3,1,87.91,1,0,1,109.38,109.38,0.5,0.0,0.273,3.0,0
cust_5173,3,19,721.67,240.56,12,5.06,5,2,6,2,0,0,1,288.28,0,1,0,0.0,0.0,0.333,1.0,0.0,2.0,0
cust_5174,13,156,530.2,40.78,80,26.38,28,6,28,1,0,0,2,255.43,3,1,0,0.0,0.0,0.154,0.5,0.0,2.154,1
cust_5175,8,65,953.3,119.16,32,12.37,12,9,12,1,0,2,0,0.0,2,0,1,74.26,74.26,0.0,0.0,0.062,1.5,0
cust_5176,13,185,2361.3,181.64,108,11.31,56,12,56,0,0,2,0,0.0,0,0,3,677.72,225.91,0.0,0.0,0.019,4.308,1
cust_5177,6,38,880.45,146.74,25,2.16,8,8,12,5,0,3,0,0.0,1,0,0,0.0,0.0,0.0,0.0,0.12,2.0,0
cust_5178,5,27,2004.99,401.0,13,2.35,3,3,3,1,1,2,4,606.4,2,1,1,195.48,195.48,0.8,0.25,0.154,0.6,1
cust_5179,5,66,502.46,100.49,41,6.6,22,5,24,1,0,0,2,156.13,1,2,0,0.0,0.0,0.4,1.0,0.0,4.8,1
cust_5180,3,35,520.99,173.66,14,10.56,6,5,8,2,0,0,2,280.05,0,0,0,0.0,0.0,0.667,0.0,0.0,2.667,0
cust_5181,3,39,319.36,106.45,22,5.03,7,4,7,1,0,0,4,366.19,0,2,0,0.0,0.0,1.333,0.5,0.0,2.333,1
cust_5182,3,17,321.3,107.1,10,0.66,3,3,3,5,0,0,2,288.82,0,0,2,268.59,134.29,0.667,0.0,0.0,1.0,0
cust_5183,11,151,906.16,82.38,85,11.49,28,5,29,1,0,1,1,38.61,1,1,0,0.0,0.0,0.091,1.0,0.012,2.636,0
cust_5184,6,68,1266.94,211.16,46,14.86,19,18,21,0,0,2,0,0.0,0,0,0,0.0,0.0,0.0,0.0,0.043,3.5,0
cust_5185,5,55,2148.14,429.63,37,28.88,9,5,10,0,0,1,2,115.24,0,1,0,0.0,0.0,0.4,0.5,0.027,2.0,0
cust_5186,2,20,256.16,128.08,10,5.26,5,4,6,1,0,1,3,459.42,0,1,0,0.0,0.0,1.5,0.333,0.1,3.0,1
cust_5187,6,74,1610.03,268.34,39,2.98,16,2,16,1,0,0,2,313.07,2,2,1,262.54,262.54,0.333,1.0,0.0,2.667,1
cust_5188,8,68,2418.14,302.27,43,26.01,15,5,16,2,0,1,2,277.18,0,1,2,212.66,106.33,0.25,0.5,0.023,2.0,1
cust_5189,4,21,307.12,76.78,13,12.56,5,5,5,2,0,1,1,87.36,0,0,2,193.89,96.94,0.25,0.0,0.077,1.25,0
cust_5190,4,39,472.39,118.1,20,0.66,5,3,5,3,0,0,2,295.94,1,1,0,0.0,0.0,0.5,0.5,0.0,1.25,1
cust_5191,9,110,3024.56,336.06,55,8.68,12,11,15,1,0,1,1,56.7,0,2,0,0.0,0.0,0.111,2.0,0.018,1.667,1
cust_5192,3,17,339.26,113.09,10,0.29,4,1,6,0,0,1,2,114.98,2,2,0,0.0,0.0,0.667,1.0,0.1,2.0,1
cust_5193,6,38,298.47,49.74,19,2.57,4,3,8,1,0,0,2,238.96,1,1,1,213.23,213.23,0.333,0.5,0.0,1.333,1
cust_5194,3,34,878.48,292.83,17,0.74,7,5,9,1,0,1,3,223.74,1,2,0,0.0,0.0,1.0,0.667,0.059,3.0,1
cust_5195,2,13,624.41,312.2,5,2.29,2,1,6,1,0,1,2,81.82,3,1,0,0.0,0.0,1.0,0.5,0.2,3.0,0
cust_5196,6,35,1130.55,188.42,19,6.73,11,10,14,1,0,0,2,149.26,0,2,1,111.36,111.36,0.333,1.0,0.0,2.333,1
cust_5197,2,27,225.89,112.95,13,3.55,6,1,9,1,0,1,3,63.44,0,1,0,0.0,0.0,1.5,0.333,0.077,4.5,0
cust_5198,13,75,961.74,73.98,43,0.92,25,13,27,0,1,1,0,0.0,1,0,1,143.74,143.74,0.0,0.0,0.023,2.077,1
cust_5199,2,15,1083.78,541.89,8,6.58,1,1,4,1,0,1,0,0.0,1,0,1,100.28,100.28,0.0,0.0,0.125,2.0,0
cust_5200,13,113,1118.76,86.06,70,12.33,29,15,32,2,0,2,4,721.42,1,2,1,108.75,108.75,0.308,0.5,0.029,2.462,1
cust_5201,10,92,1234.22,123.42,44,0.55,11,2,11,1,0,1,0,0.0,0,0,1,129.91,129.91,0.0,0.0,0.023,1.1,0
cust_5202,7,55,1377.41,196.77,24,21.4,7,1,10,1,0,1,2,444.97,0,1,0,0.0,0.0,0.286,0.5,0.042,1.429,1
cust_5203,2,28,129.27,64.64,17,10.59,8,1,9,3,0,1,0,0.0,0,0,0,0.0,0.0,0.0,0.0,0.059,4.5,0
cust_5204,4,44,983.83,245.96,22,7.33,6,1,9,0,1,1,1,119.69,3,1,2,344.46,172.23,0.25,1.0,0.045,2.25,1
cust_5205,5,39,1565.25,313.05,22,5.05,5,5,9,3,0,0,4,629.97,0,0,1,150.05,150.05,0.8,0.0,0.0,1.8,1
cust_5206,5,39,550.74,110.15,26,5.0,9,4,11,1,0,1,0,0.0,1,0,1,134.86,134.86,0.0,0.0,0.038,2.2,0
cust_5207,5,47,916.63,183.33,25,4.09,5,4,9,2,1,0,1,51.0,1,1,0,0.0,0.0,0.2,1.0,0.0,1.8,0
cust_5208,2,8,435.73,217.86,3,1.23,0,0,0,1,1,3,3,149.61,2,0,0,0.0,0.0,1.5,0.0,1.0,0.0,0
cust_5209,3,42,356.9,118.97,22,0.83,5,4,8,1,0,1,0,0.0,1,0,0,0.0,0.0,0.0,0.0,0.045,2.667,0
cust_5210,5,32,520.66,104.13,17,3.69,4,3,5,1,1,1,1,121.05,0,0,0,0.0,0.0,0.2,0.0,0.059,1.0,0
cust_5211,8,93,1398.68,174.84,58,11.0,31,12,31,0,1,0,2,163.23,0,1,0,0.0,0.0,0.25,0.5,0.0,3.875,1
cust_5212,3,37,266.49,88.83,16,3.4,5,5,7,1,0,0,1,160.76,0,2,0,0.0,0.0,0.333,2.0,0.0,2.333,1
cust_5213,10,131,667.78,66.78,66,16.73,20,5,23,0,0,1,2,204.65,1,2,0,0.0,0.0,0.2,1.0,0.015,2.3,1
cust_5214,7,40,447.19,63.88,16,4.79,4,3,6,2,0,0,5,416.1,1,1,0,0.0,0.0,0.714,0.2,0.0,0.857,1
cust_5215,8,79,1219.54,152.44,48,9.97,9,6,9,3,0,0,0,0.0,0,0,1,94.77,94.77,0.0,0.0,0.0,1.125,0
cust_5216,3,14,363.75,121.25,8,5.65,2,1,3,3,0,1,0,0.0,1,0,2,238.17,119.08,0.0,0.0,0.125,1.0,0
cust_5217,14,179,3092.87,220.92,96,6.89,46,13,48,2,0,1,2,223.29,2,2,1,139.71,139.71,0.143,1.0,0.01,3.429,1
cust_5218,2,18,448.7,224.35,10,2.88,5,3,8,0,0,1,3,622.19,2,1,0,0.0,0.0,1.5,0.333,0.1,4.0,1
cust_5219,6,34,1841.08,306.85,21,7.21,10,6,14,0,0,1,0,0.0,0,0,0,0.0,0.0,0.0,0.0,0.048,2.333,0
cust_5220,21,250,3857.58,183.69,120,1.17,64,6,68,1,0,1,1,155.01,0,0,2,409.15,204.58,0.048,0.0,0.008,3.238,1
cust_5221,16,122,1700.05,106.25,71,4.89,36,11,38,1,3,2,0,0.0,1,0,1,204.77,204.77,0.0,0.0,0.028,2.375,1
cust_5222,7,36,826.99,118.14,24,5.95,7,3,8,0,0,1,0,0.0,0,0,0,0.0,0.0,0.0,0.0,0.042,1.143,0
cust_5223,2,18,158.91,79.45,10,12.17,4,4,4,1,0,3,2,459.76,0,1,0,0.0,0.0,1.0,0.5,0.3,2.0,1
cust_5224,7,46,1338.11,191.16,19,5.11,9,3,12,3,0,4,1,194.57,1,2,1,50.02,50.02,0.143,2.0,0.211,1.714,1
cust_5225,2,28,225.61,112.81,13,10.95,3,2,5,2,0,0,2,153.74,0,2,0,0.0,0.0,1.0,1.0,0.0,2.5,0
cust_5226,10,79,2885.3,288.53,43,1.92,24,18,27,1,0,1,2,197.96,1,2,0,0.0,0.0,0.2,1.0,0.023,2.7,1
cust_5227,4,41,820.72,205.18,17,0.26,10,3,11,0,0,0,1,102.14,3,0,0,0.0,0.0,0.25,0.0,0.0,2.75,0
cust_5228,2,28,200.9,100.45,16,7.05,6,6,10,1,0,1,2,113.62,0,1,0,0.0,0.0,1.0,0.5,0.062,5.0,0
cust_5229,7,58,676.77,96.68,34,6.42,11,3,11,1,1,0,1,90.96,1,1,1,190.66,190.66,0.143,1.0,0.0,1.571,0
cust_5230,3,23,1558.37,519.46,15,11.08,5,3,9,0,0,1,1,85.49,1,1,1,38.31,38.31,0.333,1.0,0.067,3.0,1
cust_5231,3,17,339.95,113.32,9,3.76,3,2,3,2,1,1,1,268.33,1,0,0,0.0,0.0,0.333,0.0,0.111,1.0,0
cust_5232,2,28,122.65,61.32,17,0.3,3,2,7,1,0,1,1,61.14,1,0,1,257.48,257.48,0.5,0.0,0.059,3.5,0
cust_5233,3,38,167.83,55.94,17,12.86,5,3,7,2,0,3,2,86.56,0,1,2,594.38,297.19,0.667,0.5,0.176,2.333,1
cust_5234,7,45,642.27,91.75,18,28.51,3,2,4,1,0,2,4,319.12,0,0,1,217.82,217.82,0.571,0.0,0.111,0.571,0
cust_5235,2,15,223.75,111.87,6,5.01,2,1,6,2,0,1,2,229.83,0,1,0,0.0,0.0,1.0,0.5,0.167,3.0,1
cust_5236,5,70,548.23,109.65,29,9.45,12,12,13,0,0,1,1,112.46,2,0,3,585.1,195.03,0.2,0.0,0.034,2.6,0
cust_5237,1,9,76.09,76.09,4,7.87,1,1,5,0,0,1,1,154.0,0,0,1,58.74,58.74,1.0,0.0,0.25,5.0,0
cust_5238,6,60,1537.4,256.23,32,8.35,8,1,11,2,0,0,0,0.0,0,0,1,99.29,99.29,0.0,0.0,0.0,1.833,0
cust_5239,2,22,503.64,251.82,13,20.2,7,7,11,2,0,0,2,72.08,2,1,1,82.55,82.55,1.0,0.5,0.0,5.5,0
cust_5240,8,99,630.59,78.82,43,13.33,17,3,17,5,0,0,0,0.0,0,0,0,0.0,0.0,0.0,0.0,0.0,2.125,0
cust_5241,6,85,407.94,67.99,39,14.69,16,15,19,1,0,0,1,122.33,0,1,0,0.0,0.0,0.167,1.0,0.0,3.167,1
cust_5242,1,12,187.52,187.52,7,0.94,2,2,4,2,0,2,0,0.0,1,0,0,0.0,0.0,0.0,0.0,0.286,4.0,0
cust_5243,7,99,2720.34,388.62,56,1.59,22,5,24,2,0,1,4,521.44,0,0,1,141.43,141.43,0.571,0.0,0.018,3.429,1
cust_5244,11,143,823.37,74.85,58,10.89,33,1,35,3,0,0,1,64.57,2,0,0,0.0,0.0,0.091,0.0,0.0,3.182,1
cust_5245,3,13,766.24,255.41,8,7.78,3,1,4,1,0,0,2,150.88,0,2,0,0.0,0.0,0.667,1.0,0.0,1.333,0
cust_5246,1,5,178.47,178.47,2,14.88,0,0,2,1,0,0,1,47.78,0,0,0,0.0,0.0,1.0,0.0,0.0,2.0,0
cust_5247,14,192,2943.4,210.24,87,0.98,44,15,48,1,0,0,2,76.93,0,1,0,0.0,0.0,0.143,0.5,0.0,3.429,1
cust_5248,8,34,1036.05,129.51,16,8.36,4,2,7,0,1,0,3,329.19,0,1,0,0.0,0.0,0.375,0.333,0.0,0.875,1
cust_5249,9,114,613.09,68.12,64,6.66,17,10,17,0,0,1,2,427.06,3,1,0,0.0,0.0,0.222,0.5,0.016,1.889,1
cust_5250,8,106,1106.7,138.34,60,19.29,22,14,24,1,0,0,3,81.01,1,0,1,254.07,254.07,0.375,0.0,0.0,3.0,0
cust_5251,5,42,898.76,179.75,26,2.07,5,4,5,0,0,4,1,95.53,1,0,0,0.0,0.0,0.2,0.0,0.154,1.0,1
cust_5252,2,15,265.34,132.67,7,4.29,2,1,3,0,0,0,1,51.42,0,0,0,0.0,0.0,0.5,0.0,0.0,1.5,0
cust_5253,8,49,2258.94,282.37,27,1.63,9,8,10,4,0,1,1,89.17,3,0,2,397.52,198.76,0.125,0.0,0.037,1.25,1
cust_5254,5,22,836.59,167.32,12,6.01,5,5,5,3,0,1,1,120.96,1,1,0,0.0,0.0,0.2,1.0,0.083,1.0,0
cust_5255,9,109,1367.04,151.89,61,21.32,25,4,29,1,0,1,1,99.04,1,0,1,159.16,159.16,0.111,0.0,0.016,3.222,0
cust_5256,3,14,659.35,219.78,5,11.1,1,1,1,1,0,0,2,131.39,2,0,1,147.73,147.73,0.667,0.0,0.0,0.333,0
cust_5257,3,43,335.3,111.77,22,13.64,7,1,10,0,0,1,0,0.0,2,0,1,145.81,145.81,0.0,0.0,0.045,3.333,0
cust_5258,2,14,325.51,162.75,7,0.98,1,1,3,1,0,0,1,371.91,2,1,1,112.22,112.22,0.5,1.0,0.0,1.5,1
cust_5259,11,140,2344.07,213.1,97,6.02,53,5,57,3,0,0,1,53.24,1,0,0,0.0,0.0,0.091,0.0,0.0,5.182,1
cust_5260,4,18,660.61,165.15,9,18.24,2,2,2,1,0,0,3,245.24,0,1,0,0.0,0.0,0.75,0.333,0.0,0.5,0
cust_5261,8,79,227.7,28.46,41,18.17,14,1,17,0,0,2,2,42.47,2,1,0,0.0,0.0,0.25,0.5,0.049,2.125,0
cust_5262,8,62,1385.04,173.13,33,44.25,6,3,6,0,0,0,1,83.47,0,1,0,0.0,0.0,0.125,1.0,0.0,0.75,0
cust_5263,5,21,1235.56,247.11,14,7.47,8,2,10,3,0,0,1,124.74,0,1,1,185.73,185.73,0.2,1.0,0.0,2.0,0
cust_5264,13,145,3619.14,278.4,84,0.02,33,14,34,0,0,0,0,0.0,2,0,1,265.84,265.84,0.0,0.0,0.0,2.615,1
cust_5265,7,100,649.5,92.79,51,22.93,10,8,10,5,0,2,3,513.2,0,2,0,0.0,0.0,0.429,0.667,0.039,1.429,1
cust_5266,7,28,1059.81,151.4,18,31.28,5,1,8,1,1,0,3,376.34,2,2,0,0.0,0.0,0.429,0.667,0.0,1.143,1
cust_5267,9,62,1862.94,206.99,42,26.28,23,16,23,1,0,0,0,0.0,0,0,1,195.6,195.6,0.0,0.0,0.0,2.556,0
cust_5268,1,11,173.02,173.02,5,14.78,1,1,3,1,0,0,2,222.3,0,2,0,0.0,0.0,2.0,1.0,0.0,3.0,0
cust_5269,3,40,438.01,146.0,20,2.38,9,6,12,2,1,1,1,119.39,1,2,0,0.0,0.0,0.333,2.0,0.05,4.0,1
cust_5270,3,18,694.5,231.5,12,1.5,5,2,6,2,0,0,2,307.96,1,2,0,0.0,0.0,0.667,1.0,0.0,2.0,1
cust_5271,9,43,1201.72,133.52,24,12.07,9,6,11,2,0,1,2,227.59,2,1,0,0.0,0.0,0.222,0.5,0.042,1.222,1
cust_5272,10,40,1216.82,121.68,21,1.51,11,5,11,1,0,0,3,189.29,2,0,0,0.0,0.0,0.3,0.0,0.0,1.1,0
cust_5273,6,38,391.23,65.2,17,30.64,3,3,7,3,0,1,1,20.48,1,1,2,182.65,91.32,0.167,1.0,0.059,1.167,0
cust_5274,5,23,560.96,112.19,11,5.9,6,5,6,1,0,1,4,391.9,1,1,0,0.0,0.0,0.8,0.25,0.091,1.2,1
cust_5275,5,39,384.88,76.98,22,0.31,10,9,11,1,0,0,1,48.38,1,0,0,0.0,0.0,0.2,0.0,0.0,2.2,0
cust_5276,8,70,466.77,58.35,28,1.63,15,13,15,1,0,0,1,67.24,0,1,1,53.99,53.99,0.125,1.0,0.0,1.875,1
cust_5277,14,129,1084.71,77.48,54,3.43,11,10,15,0,0,1,2,124.87,1,1,1,226.64,226.64,0.143,0.5,0.019,1.071,1
cust_5278,7,38,692.71,98.96,15,12.17,3,2,4,1,0,1,3,335.82,1,0,0,0.0,0.0,0.429,0.0,0.067,0.571,0
cust_5279,2,18,207.15,103.58,8,13.37,2,1,3,1,0,0,1,87.97,0,2,0,0.0,0.0,0.5,2.0,0.0,1.5,0
cust_5280,5,20,679.9,135.98,9,2.4,3,2,3,0,0,1,3,197.78,1,0,0,0.0,0.0,0.6,0.0,0.111,0.6,0
cust_5281,7,46,1488.59,212.66,30,10.46,7,5,9,0,0,2,3,462.99,0,0,0,0.0,0.0,0.429,0.0,0.067,1.286,1
cust_5282,7,56,1408.13,201.16,25,0.32,14,3,15,0,1,0,1,75.84,0,0,1,228.8,228.8,0.143,0.0,0.0,2.143,0
cust_5283,3,15,115.52,38.51,8,1.09,3,3,6,2,0,0,3,376.03,0,0,1,149.34,149.34,1.0,0.0,0.0,2.0,0
cust_5284,6,77,625.07,104.18,33,7.66,17,11,18,1,0,0,1,58.67,0,1,1,123.17,123.17,0.167,1.0,0.0,3.0,1
cust_5285,1,6,249.96,249.96,3,12.17,1,1,4,1,1,1,0,0.0,2,0,0,0.0,0.0,0.0,0.0,0.333,4.0,0
cust_5286,3,36,353.21,117.74,19,24.58,8,2,10,0,0,2,2,205.38,0,2,0,0.0,0.0,0.667,1.0,0.105,3.333,1
cust_5287,1,9,183.68,183.68,4,5.76,1,1,5,1,1,0,1,48.06,1,3,0,0.0,0.0,1.0,3.0,0.0,5.0,0
cust_5288,13,120,1596.18,122.78,78,1.28,43,3,46,4,0,0,4,313.04,1,0,1,185.27,185.27,0.308,0.0,0.0,3.538,1
cust_5289,4,44,545.18,136.3,19,26.45,8,5,11,1,0,2,5,519.79,0,0,0,0.0,0.0,1.25,0.0,0.105,2.75,1
cust_5290,2,8,284.26,142.13,4,5.75,1,1,5,0,1,0,2,223.24,1,1,1,405.23,405.23,1.0,0.5,0.0,2.5,1
cust_5291,2,9,55.83,27.91,5,6.88,2,1,3,3,1,0,1,94.55,2,3,0,0.0,0.0,0.5,3.0,0.0,1.5,1
cust_5292,11,83,1313.17,119.38,50,19.27,27,8,30,0,0,1,3,210.91,1,2,1,50.28,50.28,0.273,0.667,0.02,2.727,1
cust_5293,8,68,707.2,88.4,47,8.81,9,5,12,0,0,0,1,172.23,0,0,0,0.0,0.0,0.125,0.0,0.0,1.5,0
cust_5294,6,52,277.88,46.31,20,3.59,11,5,15,0,0,0,1,55.46,0,0,0,0.0,0.0,0.167,0.0,0.0,2.5,0
cust_5295,5,57,673.1,134.62,37,7.78,12,5,13,2,0,1,2,201.49,0,0,0,0.0,0.0,0.4,0.0,0.027,2.6,0
cust_5296,2,8,212.59,106.29,4,9.8,1,1,1,0,0,2,2,252.45,0,1,1,72.1,72.1,1.0,0.5,0.5,0.5,0
cust_5297,4,58,361.55,90.39,23,22.05,5,2,8,0,0,0,0,0.0,0,0,0,0.0,0.0,0.0,0.0,0.0,2.0,0
cust_5298,3,17,409.09,136.36,9,2.68,4,3,6,0,0,0,1,46.26,3,1,1,160.89,160.89,0.333,1.0,0.0,2.0,1
cust_5299,10,67,867.15,86.71,42,8.2,17,16,21,1,0,0,2,102.27,1,0,0,0.0,0.0,0.2,0.0,0.0,2.1,0
cust_5300,5,69,252.59,50.52,31,25.32,17,17,20,0,0,1,0,0.0,1,0,0,0.0,0.0,0.0,0.0,0.032,4.0,0
cust_5301,5,20,704.95,140.99,12,0.47,6,4,7,1,0,0,2,177.05,5,2,0,0.0,0.0,0.4,1.0,0.0,1.4,1
cust_5302,11,163,2308.12,209.83,72,2.16,40,8,42,0,0,0,0,0.0,0,0,0,0.0,0.0,0.0,0.0,0.0,3.818,1
cust_5303,11,48,583.07,53.01,30,4.25,17,9,17,0,1,1,4,192.73,0,1,0,0.0,0.0,0.364,0.25,0.033,1.545,0
cust_5304,14,74,905.24,64.66,42,11.35,23,15,25,0,2,0,4,709.22,0,1,0,0.0,0.0,0.286,0.25,0.0,1.786,1
cust_5305,3,19,198.17,66.06,7,18.44,1,1,4,0,1,0,2,314.79,0,1,0,0.0,0.0,0.667,0.5,0.0,1.333,0
cust_5306,6,52,399.68,66.61,22,2.22,5,3,7,1,0,0,2,156.82,0,1,0,0.0,0.0,0.333,0.5,0.0,1.167,0
cust_5307,4,38,765.1,191.27,25,2.83,11,10,11,1,1,1,1,237.57,2,1,0,0.0,0.0,0.25,1.0,0.04,2.75,0
cust_5308,6,30,742.16,123.69,12,17.33,3,2,4,0,0,0,1,169.99,0,1,0,0.0,0.0,0.167,1.0,0.0,0.667,0
cust_5309,4,19,868.85,217.21,9,1.61,4,3,4,2,0,0,2,163.71,1,1,0,0.0,0.0,0.5,0.5,0.0,1.0,0
cust_5310,1,4,287.02,287.02,2,3.03,1,1,1,3,0,0,2,228.41,0,0,1,169.49,169.49,2.0,0.0,0.0,1.0,0
cust_5311,2,13,277.45,138.73,6,13.19,1,1,5,1,1,1,2,133.84,1,0,0,0.0,0.0,1.0,0.0,0.167,2.5,0
cust_5312,3,42,796.5,265.5,19,1.82,5,3,9,2,0,2,3,217.77,0,0,1,207.56,207.56,1.0,0.0,0.105,3.0,0
cust_5313,8,66,769.52,96.19,41,17.6,18,4,18,2,0,1,2,105.67,2,0,0,0.0,0.0,0.25,0.0,0.024,2.25,0
cust_5314,1,12,49.47,49.47,5,6.74,2,1,4,2,0,1,1,174.11,2,2,1,290.88,290.88,1.0,2.0,0.2,4.0,1
cust_5315,8,48,261.82,32.73,19,5.93,7,7,9,2,2,1,2,175.72,1,1,1,300.65,300.65,0.25,0.5,0.053,1.125,1
cust_5316,4,18,1612.6,403.15,11,1.45,3,2,3,2,1,0,1,121.18,1,1,0,0.0,0.0,0.25,1.0,0.0,0.75,0
cust_5317,5,50,552.92,110.58,34,11.38,10,5,12,2,1,0,2,380.62,1,0,0,0.0,0.0,0.4,0.0,0.0,2.4,0
cust_5318,5,65,422.84,84.57,42,21.54,19,1,20,2,0,1,4,343.71,0,1,1,185.0,185.0,0.8,0.25,0.024,4.0,1
cust_5319,11,152,997.41,90.67,85,11.78,42,17,44,0,0,1,0,0.0,0,0,4,674.04,168.51,0.0,0.0,0.012,4.0,1
cust_5320,1,10,206.37,206.37,5,3.81,1,1,3,1,0,0,1,50.36,1,1,1,220.18,220.18,1.0,1.0,0.0,3.0,0
cust_5321,3,21,188.14,62.71,14,12.0,4,3,4,0,0,1,1,85.63,1,1,2,83.24,41.62,0.333,1.0,0.071,1.333,0
cust_5322,2,10,256.45,128.23,6,7.13,2,1,4,0,1,0,4,464.26,0,2,1,207.35,207.35,2.0,0.5,0.0,2.0,1
cust_5323,9,102,1038.98,115.44,58,19.22,22,18,24,0,0,0,2,156.09,1,1,1,251.93,251.93,0.222,0.5,0.0,2.667,1
cust_5324,17,120,3110.69,182.98,79,6.16,42,4,46,0,4,3,4,176.38,2,2,0,0.0,0.0,0.235,0.5,0.038,2.706,1
cust_5325,9,119,1660.23,184.47,69,2.71,25,14,29,0,0,0,1,31.72,1,1,0,0.0,0.0,0.111,1.0,0.0,3.222,1
cust_5326,2,21,230.42,115.21,14,1.07,8,3,10,1,1,1,0,0.0,0,0,1,190.21,190.21,0.0,0.0,0.071,5.0,0
cust_5327,4,53,1219.04,304.76,34,3.3,11,1,13,1,0,0,1,52.24,0,1,0,0.0,0.0,0.25,1.0,0.0,3.25,0
cust_5328,8,81,1939.69,242.46,45,8.29,21,10,21,1,0,1,3,151.49,1,1,0,0.0,0.0,0.375,0.333,0.022,2.625,1
cust_5329,11,137,957.47,87.04,92,1.86,46,19,47,1,0,2,2,241.27,3,1,0,0.0,0.0,0.182,0.5,0.022,4.273,1
cust_5330,1,7,155.11,155.11,3,0.41,1,1,5,2,0,0,0,0.0,0,0,0,0.0,0.0,0.0,0.0,0.0,5.0,0
cust_5331,4,38,759.31,189.83,23,5.96,7,6,10,1,0,0,0,0.0,0,0,1,110.78,110.78,0.0,0.0,0.0,2.5,0
cust_5332,5,21,1159.41,231.88,9,4.27,2,2,4,2,0,0,2,392.19,1,1,0,0.0,0.0,0.4,0.5,0.0,0.8,1
cust_5333,5,53,292.37,58.47,35,5.45,15,15,18,0,1,1,0,0.0,1,0,0,0.0,0.0,0.0,0.0,0.029,3.6,0
cust_5334,2,19,344.96,172.48,9,6.05,4,2,4,2,0,0,2,253.75,0,0,0,0.0,0.0,1.0,0.0,0.0,2.0,0
cust_5335,11,135,925.64,84.15,92,14.53,27,19,30,2,1,2,1,46.1,1,2,0,0.0,0.0,0.091,2.0,0.022,2.727,1
cust_5336,8,96,436.07,54.51,38,32.42,12,4,13,1,0,0,2,196.25,1,1,0,0.0,0.0,0.25,0.5,0.0,1.625,0
cust_5337,6,65,1601.51,266.92,39,3.04,21,14,22,1,0,0,0,0.0,1,0,0,0.0,0.0,0.0,0.0,0.0,3.667,0
cust_5338,7,32,1497.54,213.93,14,28.54,7,7,7,0,1,0,0,0.0,2,0,0,0.0,0.0,0.0,0.0,0.0,1.0,0
cust_5339,3,41,485.8,161.93,25,2.59,6,5,10,1,0,2,2,81.44,0,2,0,0.0,0.0,0.667,1.0,0.08,3.333,0
cust_5340,7,29,1691.74,241.68,15,14.06,8,3,10,2,1,0,0,0.0,0,0,0,0.0,0.0,0.0,0.0,0.0,1.429,0
cust_5341,13,166,3054.58,234.97,111,11.44,50,19,53,1,0,0,1,98.36,1,1,2,187.16,93.58,0.077,1.0,0.0,4.077,1
cust_5342,2,18,278.63,139.31,11,0.54,4,1,4,2,0,2,0,0.0,1,0,0,0.0,0.0,0.0,0.0,0.182,2.0,0
cust_5343,6,77,824.39,137.4,48,12.91,13,8,14,1,0,1,2,357.18,2,2,0,0.0,0.0,0.333,1.0,0.021,2.333,1
cust_5344,6,54,526.37,87.73,23,23.14,11,5,12,2,0,0,4,173.43,2,1,0,0.0,0.0,0.667,0.25,0.0,2.0,0
cust_5345,6,66,2191.31,365.22,28,26.62,15,7,15,1,0,0,0,0.0,1,0,0,0.0,0.0,0.0,0.0,0.0,2.5,0
cust_5346,1,7,159.37,159.37,4,11.56,0,0,0,0,0,1,0,0.0,1,0,1,74.72,74.72,0.0,0.0,0.25,0.0,0
cust_5347,2,24,342.04,171.02,11,15.45,4,4,4,1,0,1,4,345.88,1,1,1,94.36,94.36,2.0,0.25,0.091,2.0,1
cust_5348,16,108,1967.55,122.97,71,0.74,39,14,42,1,0,1,0,0.0,3,0,0,0.0,0.0,0.0,0.0,0.014,2.625,1
cust_5349,5,59,530.38,106.08,26,1.76,15,6,16,2,0,1,2,160.9,0,1,0,0.0,0.0,0.4,0.5,0.038,3.2,1
cust_5350,3,18,484.18,161.39,8,3.04,1,1,1,1,0,1,0,0.0,1,0,1,358.73,358.73,0.0,0.0,0.125,0.333,0
cust_5351,7,83,1595.81,227.97,56,7.58,28,16,30,2,1,0,2,92.28,0,0,1,69.82,69.82,0.286,0.0,0.0,4.286,1
cust_5352,9,65,950.06,105.56,42,4.88,13,8,13,0,0,0,2,68.05,0,0,1,220.59,220.59,0.222,0.0,0.0,1.444,0
cust_5353,2,14,522.73,261.37,5,10.7,2,2,2,2,2,0,1,64.09,1,3,1,218.95,218.95,0.5,3.0,0.0,1.0,1
cust_5354,4,51,134.99,33.75,27,5.9,13,6,16,2,0,0,3,105.55,3,0,0,0.0,0.0,0.75,0.0,0.0,4.0,0
cust_5355,3,38,272.85,90.95,25,14.92,10,7,14,1,0,1,2,197.77,1,0,0,0.0,0.0,0.667,0.0,0.04,4.667,0
cust_5356,20,232,2985.33,149.27,93,12.5,22,8,23,0,0,0,2,206.16,1,3,1,114.21,114.21,0.1,1.5,0.0,1.15,1
cust_5357,10,141,651.79,65.18,60,13.75,26,18,26,1,0,1,1,41.2,0,0,3,249.82,83.27,0.1,0.0,0.017,2.6,1
cust_5358,10,57,2040.82,204.08,33,17.65,8,6,11,3,1,0,4,284.09,2,2,0,0.0,0.0,0.4,0.5,0.0,1.1,1
cust_5359,6,41,632.35,105.39,17,17.97,5,4,9,2,0,0,3,550.91,1,1,1,93.9,93.9,0.5,0.333,0.0,1.5,1
cust_5360,3,21,482.83,160.94,11,15.12,4,1,8,0,0,2,2,274.44,1,2,1,49.28,49.28,0.667,1.0,0.182,2.667,1
cust_5361,9,66,1483.89,164.88,36,0.68,21,19,25,0,1,0,0,0.0,0,0,0,0.0,0.0,0.0,0.0,0.0,2.778,0
cust_5362,4,30,564.03,141.01,19,9.76,9,9,9,0,0,0,1,93.44,0,1,0,0.0,0.0,0.25,1.0,0.0,2.25,0
cust_5363,5,58,539.42,107.88,39,0.2,12,9,12,1,0,0,1,119.08,0,3,0,0.0,0.0,0.2,3.0,0.0,2.4,1
cust_5364,3,20,236.28,78.76,11,13.62,6,3,9,1,0,2,1,256.35,1,0,0,0.0,0.0,0.333,0.0,0.182,3.0,0
cust_5365,9,64,1447.2,160.8,35,0.63,10,3,11,2,0,1,1,187.76,1,0,1,139.87,139.87,0.111,0.0,0.029,1.222,0
cust_5366,2,20,283.9,141.95,12,40.87,4,1,7,0,0,1,1,77.89,0,1,0,0.0,0.0,0.5,1.0,0.083,3.5,0
cust_5367,9,55,790.4,87.82,25,9.52,11,7,15,1,0,2,1,118.08,3,0,0,0.0,0.0,0.111,0.0,0.08,1.667,0
cust_5368,5,40,347.88,69.58,27,2.01,9,8,11,1,1,1,2,338.99,2,1,1,420.04,420.04,0.4,0.5,0.037,2.2,1
cust_5369,12,55,1939.96,161.66,22,6.32,10,7,11,1,0,0,3,109.6,0,2,1,33.86,33.86,0.25,0.667,0.0,0.917,1
cust_5370,11,159,2597.67,236.15,63,17.53,28,11,31,1,0,0,2,240.2,1,1,0,0.0,0.0,0.182,0.5,0.0,2.818,1
cust_5371,3,22,607.09,202.36,12,1.98,5,5,6,0,0,1,3,244.51,1,1,1,190.78,190.78,1.0,0.333,0.083,2.0,1
cust_5372,1,13,232.57,232.57,6,7.7,2,1,4,2,1,0,2,92.63,0,0,0,0.0,0.0,2.0,0.0,0.0,4.0,0
cust_5373,2,19,215.12,107.56,9,0.04,1,1,5,1,0,0,4,208.71,1,1,0,0.0,0.0,2.0,0.25,0.0,2.5,0
cust_5374,4,26,1421.73,355.43,12,15.53,6,2,9,0,0,0,4,206.88,1,1,0,0.0,0.0,1.0,0.25,0.0,2.25,0
cust_5375,12,73,2196.53,183.04,38,2.16,8,4,9,0,1,0,3,326.66,1,1,1,184.2,184.2,0.25,0.333,0.0,0.75,1
cust_5376,4,46,1841.48,460.37,29,4.9,11,1,12,2,0,0,3,227.01,0,0,0,0.0,0.0,0.75,0.0,0.0,3.0,0
cust_5377,8,116,374.75,46.84,70,7.56,22,10,22,0,0,0,1,169.06,2,1,0,0.0,0.0,0.125,1.0,0.0,2.75,1
cust_5378,17,102,4011.93,236.0,43,1.56,13,4,17,2,0,0,3,427.46,2,0,1,259.98,259.98,0.176,0.0,0.0,1.0,1
cust_5379,6,31,1029.07,171.51,12,26.13,3,3,6,0,0,0,0,0.0,2,0,1,281.03,281.03,0.0,0.0,0.0,1.0,0
cust_5380,6,49,1328.93,221.49,27,6.33,8,4,12,0,0,1,2,120.87,3,0,0,0.0,0.0,0.333,0.0,0.037,2.0,0
cust_5381,6,49,466.18,77.7,30,2.64,17,15,17,2,0,0,1,103.92,1,1,0,0.0,0.0,0.167,1.0,0.0,2.833,1
cust_5382,9,115,951.62,105.74,68,13.29,40,6,42,0,0,0,1,242.25,1,1,1,162.17,162.17,0.111,1.0,0.0,4.667,1
cust_5383,6,54,1023.61,170.6,35,22.46,14,1,18,1,0,1,1,40.76,1,1,0,0.0,0.0,0.167,1.0,0.029,3.0,0
cust_5384,9,42,1441.44,160.16,18,24.38,7,4,7,2,0,2,0,0.0,0,0,1,340.1,340.1,0.0,0.0,0.111,0.778,0
cust_5385,15,211,1343.48,89.57,122,5.64,26,17,28,2,0,0,2,396.87,0,1,0,0.0,0.0,0.133,0.5,0.0,1.867,1
cust_5386,4,32,2288.77,572.19,20,4.45,10,1,14,0,0,1,2,161.34,3,1,0,0.0,0.0,0.5,0.5,0.05,3.5,1
cust_5387,12,136,876.8,73.07,92,26.49,24,12,26,2,0,0,2,142.26,0,0,1,234.57,234.57,0.167,0.0,0.0,2.167,0
cust_5388,6,68,824.06,137.34,29,0.54,7,3,10,2,0,0,2,246.32,1,1,1,120.17,120.17,0.333,0.5,0.0,1.667,1
cust_5389,1,4,109.45,109.45,1,13.88,0,0,1,1,0,1,1,81.43,1,0,0,0.0,0.0,1.0,0.0,1.0,1.0,0
cust_5390,7,28,1282.38,183.2,14,1.95,4,2,6,1,0,0,2,70.2,1,0,1,68.71,68.71,0.286,0.0,0.0,0.857,0
cust_5391,8,39,1533.73,191.72,21,6.26,5,2,6,2,0,1,2,214.82,0,1,2,153.43,76.72,0.25,0.5,0.048,0.75,1
cust_5392,3,43,510.27,170.09,22,30.72,5,1,8,2,0,1,2,185.12,0,1,0,0.0,0.0,0.667,0.5,0.045,2.667,0
cust_5393,6,76,1036.74,172.79,50,8.7,29,16,31,0,0,0,0,0.0,1,0,0,0.0,0.0,0.0,0.0,0.0,5.167,0
cust_5394,1,5,275.64,275.64,3,7.41,1,1,2,0,0,0,0,0.0,1,0,0,0.0,0.0,0.0,0.0,0.0,2.0,0
cust_5395,4,43,709.16,177.29,18,0.64,7,1,9,1,0,1,4,348.13,2,0,0,0.0,0.0,1.0,0.0,0.056,2.25,1
cust_5396,3,32,730.72,243.57,19,3.25,6,5,6,2,0,2,3,507.55,3,1,1,138.26,138.26,1.0,0.333,0.105,2.0,1
cust_5397,12,48,2440.33,203.36,20,0.03,7,1,9,1,1,1,4,481.46,0,1,2,216.18,108.09,0.333,0.25,0.05,0.75,1
cust_5398,2,17,212.1,106.05,11,20.79,4,2,6,1,0,0,2,533.07,1,0,0,0.0,0.0,1.0,0.0,0.0,3.0,1
cust_5399,5,59,1436.35,287.27,26,10.35,13,9,17,3,0,2,1,85.87,1,1,0,0.0,0.0,0.2,1.0,0.077,3.4,1
cust_5400,2,12,582.98,291.49,8,1.26,4,3,8,3,0,0,0,0.0,0,0,1,353.84,353.84,0.0,0.0,0.0,4.0,0
cust_5401,1,13,250.6,250.6,6,4.52,1,1,4,3,0,2,3,443.42,0,0,0,0.0,0.0,3.0,0.0,0.333,4.0,0
cust_5402,7,78,1227.46,175.35,40,16.68,11,1,14,2,0,1,3,345.96,3,1,0,0.0,0.0,0.429,0.333,0.025,2.0,1
cust_5403,3,12,180.17,60.06,6,1.51,2,2,5,1,0,1,5,142.34,1,1,0,0.0,0.0,1.667,0.2,0.167,1.667,1
cust_5404,1,13,473.13,473.13,6,2.62,3,3,4,1,0,1,3,240.06,1,0,0,0.0,0.0,3.0,0.0,0.167,4.0,0
cust_5405,7,29,1841.59,263.08,13,7.8,4,2,7,1,0,2,1,5.89,2,0,0,0.0,0.0,0.143,0.0,0.154,1.0,0
cust_5406,1,13,244.06,244.06,7,1.57,3,3,6,3,0,1,0,0.0,0,0,1,64.5,64.5,0.0,0.0,0.143,6.0,0
cust_5407,8,61,634.67,79.33,37,4.82,11,5,15,4,0,0,2,267.25,0,1,0,0.0,0.0,0.25,0.5,0.0,1.875,0
cust_5408,4,46,603.39,150.85,31,40.25,16,11,18,1,0,0,1,40.54,1,2,0,0.0,0.0,0.25,2.0,0.0,4.5,0
cust_5409,8,101,1885.79,235.72,52,7.85,22,11,25,0,0,0,4,488.71,0,0,0,0.0,0.0,0.5,0.0,0.0,3.125,1
cust_5410,12,85,1113.4,92.78,51,12.09,17,11,20,5,0,1,0,0.0,0,0,2,392.04,196.02,0.0,0.0,0.02,1.667,0
cust_5411,2,15,182.15,91.08,9,10.89,3,3,5,0,1,1,2,179.28,2,2,0,0.0,0.0,1.0,1.0,0.111,2.5,1
cust_5412,13,124,1693.02,130.23,80,2.38,38,3,42,2,0,2,3,505.15,0,2,0,0.0,0.0,0.231,0.667,0.025,3.231,1
cust_5413,2,20,218.37,109.18,8,18.72,2,1,6,0,1,0,2,33.74,2,1,1,51.75,51.75,1.0,0.5,0.0,3.0,0
cust_5414,7,50,730.88,104.41,25,1.3,8,1,10,0,0,2,1,89.16,2,0,0,0.0,0.0,0.143,0.0,0.08,1.429,0
cust_5415,5,74,401.4,80.28,29,25.46,8,8,12,1,0,2,0,0.0,2,0,1,105.63,105.63,0.0,0.0,0.069,2.4,0
cust_5416,2,24,354.54,177.27,13,2.43,7,3,11,0,0,1,2,101.85,2,0,0,0.0,0.0,1.0,0.0,0.077,5.5,0
cust_5417,11,77,796.4,72.4,50,30.95,10,10,10,1,0,1,2,67.21,0,0,0,0.0,0.0,0.182,0.0,0.02,0.909,0
cust_5418,12,132,1616.84,134.74,85,15.99,18,15,19,0,0,3,1,42.26,1,0,0,0.0,0.0,0.083,0.0,0.035,1.583,0
cust_5419,4,35,288.98,72.25,22,1.88,7,5,9,0,0,2,1,53.87,0,2,0,0.0,0.0,0.25,2.0,0.091,2.25,1
cust_5420,8,107,3188.52,398.57,54,1.75,22,2,23,2,0,0,2,55.1,0,1,0,0.0,0.0,0.25,0.5,0.0,2.875,1
cust_5421,6,45,204.52,34.09,18,0.88,5,5,7,0,1,2,0,0.0,2,0,0,0.0,0.0,0.0,0.0,0.111,1.167,0
cust_5422,12,72,4255.53,354.63,32,2.84,17,11,17,2,0,1,1,113.53,1,0,0,0.0,0.0,0.083,0.0,0.031,1.417,0
cust_5423,6,27,625.13,104.19,16,10.76,4,1,6,3,0,1,1,90.75,2,1,0,0.0,0.0,0.167,1.0,0.062,1.0,0
cust_5424,3,44,140.39,46.8,19,7.35,6,1,8,0,0,1,3,273.54,1,1,0,0.0,0.0,1.0,0.333,0.053,2.667,1
cust_5425,12,95,1052.28,87.69,41,9.5,16,10,18,1,1,0,0,0.0,1,0,1,76.97,76.97,0.0,0.0,0.0,1.5,0
cust_5426,5,32,675.79,135.16,16,0.32,4,3,4,1,1,0,2,256.84,0,1,0,0.0,0.0,0.4,0.5,0.0,0.8,1
cust_5427,12,112,2376.03,198.0,47,0.83,14,2,18,2,0,0,0,0.0,1,0,0,0.0,0.0,0.0,0.0,0.0,1.5,0
cust_5428,3,21,150.84,50.28,10,11.78,5,3,8,1,0,0,2,202.42,1,2,1,183.53,183.53,0.667,1.0,0.0,2.667,1
cust_5429,6,39,1419.41,236.57,26,18.83,10,8,11,2,0,0,1,156.99,1,1,0,0.0,0.0,0.167,1.0,0.0,1.833,0
cust_5430,9,97,1358.09,150.9,39,4.45,21,18,22,1,0,1,1,120.95,1,0,0,0.0,0.0,0.111,0.0,0.026,2.444,1
cust_5431,9,43,2584.08,287.12,27,1.82,8,3,9,2,0,0,2,121.64,0,1,1,19.46,19.46,0.222,0.5,0.0,1.0,0
cust_5432,3,28,267.13,89.04,19,3.69,8,2,11,1,0,0,1,75.31,1,0,0,0.0,0.0,0.333,0.0,0.0,3.667,0
cust_5433,3,24,554.06,184.69,12,5.31,6,1,10,0,0,0,1,224.63,0,1,0,0.0,0.0,0.333,1.0,0.0,3.333,0
cust_5434,1,9,146.16,146.16,6,9.95,2,2,2,2,1,1,0,0.0,1,0,1,129.42,129.42,0.0,0.0,0.167,2.0,0
cust_5435,5,37,540.26,108.05,17,5.27,7,2,9,2,0,0,0,0.0,2,0,2,369.93,184.96,0.0,0.0,0.0,1.8,0
cust_5436,5,51,483.07,96.61,35,22.73,19,5,21,3,0,1,2,850.33,0,1,0,0.0,0.0,0.4,0.5,0.029,4.2,1
cust_5437,6,29,1476.48,246.08,19,5.13,4,3,8,0,1,1,1,55.11,1,0,1,102.29,102.29,0.167,0.0,0.053,1.333,0
cust_5438,3,24,433.29,144.43,15,2.0,5,1,5,0,0,0,2,178.54,0,1,1,226.31,226.31,0.667,0.5,0.0,1.667,0
cust_5439,9,59,1688.5,187.61,25,2.85,13,1,15,2,0,0,1,62.49,0,1,1,175.9,175.9,0.111,1.0,0.0,1.667,0
cust_5440,8,70,758.47,94.81,46,6.26,13,4,13,4,0,1,0,0.0,0,0,0,0.0,0.0,0.0,0.0,0.022,1.625,0
cust_5441,2,16,482.94,241.47,10,15.25,4,3,8,0,0,1,1,152.45,0,3,1,289.31,289.31,0.5,3.0,0.1,4.0,1
cust_5442,4,43,457.69,114.42,27,20.36,10,7,14,0,1,1,1,96.24,1,0,0,0.0,0.0,0.25,0.0,0.037,3.5,0
cust_5443,3,32,247.07,82.36,13,2.05,6,1,10,3,0,0,0,0.0,1,0,0,0.0,0.0,0.0,0.0,0.0,3.333,0
cust_5444,4,34,555.43,138.86,14,0.03,6,6,8,1,1,1,1,91.57,0,1,0,0.0,0.0,0.25,1.0,0.071,2.0,0
cust_5445,5,29,774.0,154.8,14,20.36,6,6,6,2,2,0,2,202.29,0,2,0,0.0,0.0,0.4,1.0,0.0,1.2,0
cust_5446,6,62,659.92,109.99,37,2.59,21,14,22,1,0,0,1,247.86,1,0,0,0.0,0.0,0.167,0.0,0.0,3.667,1
cust_5447,10,146,1604.34,160.43,58,17.24,15,4,16,1,0,1,2,64.14,0,1,0,0.0,0.0,0.2,0.5,0.017,1.6,0
cust_5448,4,24,389.27,97.32,16,8.0,8,8,10,1,1,2,1,55.36,0,1,0,0.0,0.0,0.25,1.0,0.125,2.5,1
cust_5449,6,28,774.36,129.06,15,5.18,5,5,8,0,0,0,1,96.04,0,1,1,112.45,112.45,0.167,1.0,0.0,1.333,0
cust_5450,3,20,224.43,74.81,10,1.59,4,3,7,0,1,0,1,192.54,0,1,0,0.0,0.0,0.333,1.0,0.0,2.333,0
cust_5451,9,76,633.34,70.37,43,11.15,13,11,17,1,0,0,1,78.26,0,0,0,0.0,0.0,0.111,0.0,0.0,1.889,0
cust_5452,2,14,208.75,104.38,8,17.05,1,1,1,2,0,0,2,285.0,2,1,0,0.0,0.0,1.0,0.5,0.0,0.5,0
cust_5453,4,52,122.47,30.62,25,6.18,12,2,13,3,0,0,0,0.0,3,0,0,0.0,0.0,0.0,0.0,0.0,3.25,0
cust_5454,12,113,1113.76,92.81,55,5.91,16,2,20,0,0,1,2,425.38,1,0,1,173.18,173.18,0.167,0.0,0.018,1.667,1
cust_5455,5,33,313.76,62.75,17,14.08,6,2,8,1,0,3,3,294.96,0,1,1,160.22,160.22,0.6,0.333,0.176,1.6,1
cust_5456,2,28,483.18,241.59,16,6.93,3,1,6,1,0,1,1,191.15,1,2,0,0.0,0.0,0.5,2.0,0.062,3.0,1
cust_5457,4,21,219.43,54.86,12,15.4,5,3,7,0,0,2,2,317.4,0,0,0,0.0,0.0,0.5,0.0,0.167,1.75,0
cust_5458,6,32,505.32,84.22,15,0.56,7,6,7,2,1,0,2,99.49,0,1,0,0.0,0.0,0.333,0.5,0.0,1.167,0
cust_5459,1,6,71.51,71.51,2,19.49,1,1,1,0,0,0,2,288.1,0,1,0,0.0,0.0,2.0,0.5,0.0,1.0,0
cust_5460,5,24,1108.42,221.68,13,3.04,7,5,7,0,0,0,1,159.12,1,1,1,116.56,116.56,0.2,1.0,0.0,1.4,1
cust_5461,4,49,149.45,37.36,27,1.85,13,12,16,1,0,0,0,0.0,0,0,1,168.22,168.22,0.0,0.0,0.0,4.0,0
cust_5462,4,29,958.8,239.7,17,0.33,5,3,8,1,0,0,0,0.0,1,0,0,0.0,0.0,0.0,0.0,0.0,2.0,0
cust_5463,4,48,1644.82,411.2,28,17.96,9,2,13,2,0,1,4,572.01,1,2,1,115.56,115.56,1.0,0.5,0.036,3.25,1
cust_5464,3,37,714.19,238.06,18,0.62,6,1,8,1,0,0,1,159.51,0,2,2,379.66,189.83,0.333,2.0,0.0,2.667,1
cust_5465,5,33,877.11,175.42,16,30.89,4,3,5,0,0,0,1,196.94,3,1,1,72.08,72.08,0.2,1.0,0.0,1.0,0
cust_5466,13,126,1219.68,93.82,62,8.32,35,9,36,0,0,1,2,126.19,0,0,0,0.0,0.0,0.154,0.0,0.016,2.769,1
cust_5467,1,9,171.8,171.8,5,12.0,2,2,3,3,0,1,1,52.11,2,0,1,254.94,254.94,1.0,0.0,0.2,3.0,0
cust_5468,7,95,437.25,62.46,50,12.92,12,8,15,3,0,0,1,119.28,3,0,3,532.84,177.61,0.143,0.0,0.0,2.143,0
cust_5469,6,25,707.59,117.93,11,3.46,6,5,10,0,0,1,2,162.45,0,1,0,0.0,0.0,0.333,0.5,0.091,1.667,0
cust_5470,3,22,508.13,169.38,8,16.42,4,3,4,0,0,0,1,52.33,3,2,0,0.0,0.0,0.333,2.0,0.0,1.333,0
cust_5471,9,123,1289.32,143.26,50,29.23,28,10,28,0,0,0,0,0.0,2,0,1,204.38,204.38,0.0,0.0,0.0,3.111,0
cust_5472,15,99,1703.72,113.58,65,4.62,20,6,24,1,1,1,1,75.72,2,0,0,0.0,0.0,0.067,0.0,0.015,1.6,0
cust_5473,8,44,526.82,65.85,23,18.04,7,4,10,1,1,0,3,120.87,0,2,0,0.0,0.0,0.375,0.667,0.0,1.25,0
cust_5474,2,20,147.64,73.82,11,14.79,4,4,5,1,0,3,1,144.58,0,0,1,129.3,129.3,0.5,0.0,0.273,2.5,0
cust_5475,7,51,1422.04,203.15,34,8.91,9,7,11,3,0,2,3,104.0,0,2,0,0.0,0.0,0.429,0.667,0.059,1.571,1
cust_5476,3,27,134.15,44.72,11,4.58,4,2,7,0,0,2,3,371.99,0,1,0,0.0,0.0,1.0,0.333,0.182,2.333,1
cust_5477,5,65,544.14,108.83,34,5.36,6,2,7,1,0,0,2,75.64,1,0,1,318.08,318.08,0.4,0.0,0.0,1.4,0
cust_5478,7,68,634.98,90.71,38,3.68,20,1,20,2,0,3,2,168.71,0,3,2,213.09,106.54,0.286,1.5,0.079,2.857,1
cust_5479,2,19,269.03,134.51,12,5.56,3,3,7,3,0,1,2,348.91,2,1,0,0.0,0.0,1.0,0.5,0.083,3.5,1
cust_5480,1,7,174.9,174.9,4,45.69,1,1,5,2,1,1,0,0.0,1,0,0,0.0,0.0,0.0,0.0,0.25,5.0,0
cust_5481,6,76,392.73,65.46,46,4.52,26,9,27,3,1,1,0,0.0,0,0,0,0.0,0.0,0.0,0.0,0.022,4.5,1
cust_5482,8,97,898.75,112.34,57,10.95,30,8,33,3,0,1,1,96.71,0,0,0,0.0,0.0,0.125,0.0,0.018,4.125,1
cust_5483,4,26,612.17,153.04,17,3.85,8,3,9,3,0,2,0,0.0,0,0,0,0.0,0.0,0.0,0.0,0.118,2.25,0
cust_5484,6,45,773.88,128.98,29,6.29,12,1,15,1,0,0,2,270.64,0,1,1,195.96,195.96,0.333,0.5,0.0,2.5,1
cust_5485,3,38,635.22,211.74,25,0.87,9,2,9,0,0,0,0,0.0,0,0,0,0.0,0.0,0.0,0.0,0.0,3.0,0
cust_5486,14,111,3483.25,248.8,44,14.41,16,11,20,1,1,0,0,0.0,0,0,2,331.94,165.97,0.0,0.0,0.0,1.429,0
cust_5487,15,126,1047.6,69.84,69,10.82,16,12,19,1,0,0,0,0.0,0,0,1,147.62,147.62,0.0,0.0,0.0,1.267,0
cust_5488,3,24,320.58,106.86,15,4.27,3,2,3,0,0,0,0,0.0,1,0,0,0.0,0.0,0.0,0.0,0.0,1.0,0
cust_5489,5,28,682.37,136.47,12,7.44,6,3,8,1,0,0,4,822.1,1,0,0,0.0,0.0,0.8,0.0,0.0,1.6,1
cust_5490,5,38,870.72,174.14,23,20.57,8,7,9,0,0,0,1,38.08,1,2,0,0.0,0.0,0.2,2.0,0.0,1.8,0
cust_5491,18,230,1482.32,82.35,92,0.45,20,18,23,2,1,0,3,190.01,0,2,1,98.29,98.29,0.167,0.667,0.0,1.278,1
cust_5492,1,9,338.71,338.71,5,26.62,2,2,3,2,0,0,0,0.0,0,0,2,125.42,62.71,0.0,0.0,0.0,3.0,0
cust_5493,5,45,397.25,79.45,29,6.36,13,8,14,0,0,2,3,391.08,1,0,0,0.0,0.0,0.6,0.0,0.069,2.8,1
cust_5494,2,11,424.03,212.02,5,19.64,1,1,5,1,0,1,1,39.34,2,1,0,0.0,0.0,0.5,1.0,0.2,2.5,0
cust_5495,15,89,2128.03,141.87,55,19.77,20,5,21,1,0,1,3,125.1,0,0,0,0.0,0.0,0.2,0.0,0.018,1.4,0
cust_5496,1,4,205.65,205.65,2,0.61,0,0,2,1,0,0,1,149.69,0,0,1,160.9,160.9,1.0,0.0,0.0,2.0,0
cust_5497,3,12,350.3,116.77,7,15.21,3,1,7,0,0,2,0,0.0,2,0,0,0.0,0.0,0.0,0.0,0.286,2.333,0
cust_5498,1,9,254.54,254.54,4,13.2,1,1,2,1,0,0,2,117.81,1,1,1,173.15,173.15,2.0,0.5,0.0,2.0,0
cust_5499,1,8,170.03,170.03,4,0.44,1,1,3,0,0,3,3,669.6,1,0,0,0.0,0.0,3.0,0.0,0.75,3.0,1
cust_5500,2,14,146.31,73.16,9,28.22,2,2,5,2,0,0,2,373.59,1,2,1,125.73,125.73,1.0,1.0,0.0,2.5,1
cust_5501,5,74,959.79,191.96,31,10.07,6,6,6,1,0,0,2,139.53,0,0,0,0.0,0.0,0.4,0.0,0.0,1.2,0
cust_5502,8,67,1057.91,132.24,38,1.83,14,1,16,1,1,1,1,117.0,2,0,0,0.0,0.0,0.125,0.0,0.026,2.0,0
cust_5503,16,202,645.28,40.33,87,1.31,24,19,27,0,0,0,1,103.64,0,1,1,35.12,35.12,0.062,1.0,0.0,1.688,1
cust_5504,7,44,1129.8,161.4,25,8.25,14,7,17,4,0,0,1,149.41,1,2,0,0.0,0.0,0.143,2.0,0.0,2.429,1
cust_5505,2,13,331.82,165.91,8,0.61,3,2,6,0,0,0,0,0.0,2,0,0,0.0,0.0,0.0,0.0,0.0,3.0,0
cust_5506,1,10,106.32,106.32,4,1.8,1,1,1,0,0,2,3,274.84,0,0,0,0.0,0.0,3.0,0.0,0.5,1.0,0
cust_5507,13,52,1917.02,147.46,27,29.65,9,7,10,0,0,1,2,284.25,0,2,0,0.0,0.0,0.154,1.0,0.037,0.769,1
cust_5508,2,8,193.23,96.62,5,13.65,1,1,2,2,0,0,4,359.78,4,1,1,56.06,56.06,2.0,0.25,0.0,1.0,0
cust_5509,2,11,243.21,121.61,5,9.51,1,1,2,1,0,1,2,122.45,0,0,0,0.0,0.0,1.0,0.0,0.2,1.0,0
cust_5510,5,32,640.79,128.16,17,2.34,3,2,5,1,2,1,1,135.6,1,1,2,298.33,149.16,0.2,1.0,0.059,1.0,1
cust_5511,7,68,790.99,113.0,29,2.47,13,13,13,1,0,0,1,113.81,1,1,0,0.0,0.0,0.143,1.0,0.0,1.857,1
cust_5512,1,11,134.05,134.05,5,5.9,2,2,6,0,1,3,3,379.01,0,1,1,151.97,151.97,3.0,0.333,0.6,6.0,1
cust_5513,7,52,608.46,86.92,31,14.03,16,5,16,3,0,1,1,63.87,0,0,0,0.0,0.0,0.143,0.0,0.032,2.286,0
cust_5514,1,6,172.84,172.84,3,0.04,1,1,5,1,1,2,2,171.26,1,1,0,0.0,0.0,2.0,0.5,0.667,5.0,0
cust_5515,2,26,155.18,77.59,15,0.45,8,3,11,1,0,1,1,131.5,1,0,0,0.0,0.0,0.5,0.0,0.067,5.5,0
cust_5516,4,23,242.32,60.58,14,20.41,8,2,9,1,0,1,1,91.93,0,1,0,0.0,0.0,0.25,1.0,0.071,2.25,0
cust_5517,1,11,38.17,38.17,6,16.82,3,2,7,2,1,2,0,0.0,0,0,0,0.0,0.0,0.0,0.0,0.333,7.0,0
cust_5518,6,85,758.53,126.42,54,11.86,23,12,24,1,0,0,1,110.07,3,2,0,0.0,0.0,0.167,2.0,0.0,4.0,1
cust_5519,1,6,164.8,164.8,4,6.92,1,1,1,1,0,0,0,0.0,0,0,1,119.88,119.88,0.0,0.0,0.0,1.0,0
cust_5520,21,104,2152.2,102.49,44,1.57,10,5,11,1,0,1,1,57.67,1,1,1,120.48,120.48,0.048,1.0,0.023,0.524,0
cust_5521,4,59,808.26,202.06,32,1.08,19,6,20,0,0,1,1,51.08,0,0,0,0.0,0.0,0.25,0.0,0.031,5.0,0
cust_5522,8,55,2488.79,311.1,25,23.58,8,3,10,4,0,0,1,187.12,1,2,0,0.0,0.0,0.125,2.0,0.0,1.25,1
cust_5523,5,35,769.22,153.84,18,4.82,3,1,7,2,1,0,0,0.0,0,0,1,283.37,283.37,0.0,0.0,0.0,1.4,0
cust_5524,5,46,399.66,79.93,25,11.9,8,3,10,0,0,0,2,210.47,1,2,0,0.0,0.0,0.4,1.0,0.0,2.0,1
cust_5525,6,39,588.67,98.11,22,6.09,10,6,10,3,0,0,2,92.22,2,1,1,220.16,220.16,0.333,0.5,0.0,1.667,1
cust_5526,6,89,2375.92,395.99,47,13.13,26,9,29,0,0,0,0,0.0,0,0,0,0.0,0.0,0.0,0.0,0.0,4.833,0
cust_5527,7,31,1272.45,181.78,15,2.15,5,3,8,0,1,1,3,143.33,2,3,0,0.0,0.0,0.429,1.0,0.067,1.143,1
cust_5528,12,107,844.31,70.36,44,6.63,13,2,14,1,0,0,0,0.0,3,0,1,180.19,180.19,0.0,0.0,0.0,1.167,0
cust_5529,2,20,136.78,68.39,8,4.73,4,1,7,1,0,1,1,221.89,1,0,1,183.12,183.12,0.5,0.0,0.125,3.5,0
cust_5530,7,63,878.23,125.46,28,2.81,11,11,13,0,2,0,1,20.99,0,0,1,154.74,154.74,0.143,0.0,0.0,1.857,0
cust_5531,2,19,113.02,56.51,10,9.11,2,2,3,1,0,0,3,163.94,1,1,0,0.0,0.0,1.5,0.333,0.0,1.5,0
cust_5532,3,44,172.3,57.43,23,7.7,12,12,13,0,0,0,1,67.73,0,0,1,63.36,63.36,0.333,0.0,0.0,4.333,0
cust_5533,13,177,2398.86,184.53,80,6.85,36,17,40,0,1,1,0,0.0,3,0,0,0.0,0.0,0.0,0.0,0.012,3.077,1
cust_5534,2,14,158.86,79.43,9,8.94,1,1,2,0,0,2,2,111.68,0,1,0,0.0,0.0,1.0,0.5,0.222,1.0,0
cust_5535,11,110,1395.37,126.85,66,1.54,13,1,16,0,0,0,3,383.69,1,1,0,0.0,0.0,0.273,0.333,0.0,1.455,1
cust_5536,2,8,120.25,60.13,4,4.63,0,0,4,1,1,1,3,351.81,1,2,1,259.42,259.42,1.5,0.667,0.25,2.0,1
cust_5537,16,136,2771.77,173.24,86,3.93,45,11,47,3,0,0,0,0.0,2,0,2,386.96,193.48,0.0,0.0,0.0,2.938,1
cust_5538,15,87,4188.83,279.26,60,14.66,23,8,26,0,1,2,1,207.97,0,0,2,243.16,121.58,0.067,0.0,0.033,1.733,1
cust_5539,3,35,511.91,170.64,16,0.36,5,2,8,0,0,0,4,869.04,1,0,0,0.0,0.0,1.333,0.0,0.0,2.667,1
cust_5540,2,12,109.58,54.79,6,3.31,1,1,4,2,1,1,2,89.24,1,1,0,0.0,0.0,1.0,0.5,0.167,2.0,0
cust_5541,5,61,1428.74,285.75,42,25.05,16,15,18,3,0,0,3,170.76,1,2,1,45.66,45.66,0.6,0.667,0.0,3.6,1
cust_5542,6,44,473.35,78.89,19,3.57,4,1,8,0,0,0,1,70.27,0,1,2,448.37,224.18,0.167,1.0,0.0,1.333,0
cust_5543,3,42,748.05,249.35,17,1.65,7,2,11,1,0,0,3,339.79,2,0,0,0.0,0.0,1.0,0.0,0.0,3.667,0
cust_5544,5,44,599.34,119.87,24,14.16,8,1,11,2,0,0,1,62.07,0,1,1,124.05,124.05,0.2,1.0,0.0,2.2,0
cust_5545,4,52,700.45,175.11,28,0.49,15,4,16,2,1,1,4,665.76,1,1,0,0.0,0.0,1.0,0.25,0.036,4.0,1
cust_5546,9,98,1245.23,138.36,41,5.56,20,13,21,0,0,0,1,60.65,2,1,1,337.94,337.94,0.111,1.0,0.0,2.333,1
cust_5547,6,88,397.53,66.26,42,19.33,8,6,11,0,1,1,2,496.46,2,1,0,0.0,0.0,0.333,0.5,0.024,1.833,1
cust_5548,4,48,726.32,181.58,25,30.81,6,3,7,1,0,1,0,0.0,0,0,0,0.0,0.0,0.0,0.0,0.04,1.75,0
cust_5549,5,60,1102.24,220.45,38,2.86,14,4,16,2,0,0,2,193.39,0,0,2,267.59,133.79,0.4,0.0,0.0,3.2,1
cust_5550,7,48,1624.72,232.1,29,3.51,13,12,17,1,0,0,0,0.0,2,0,1,91.47,91.47,0.0,0.0,0.0,2.429,0
cust_5551,1,9,102.55,102.55,6,8.38,2,2,4,1,0,0,4,282.1,1,3,0,0.0,0.0,4.0,0.75,0.0,4.0,1
cust_5552,7,50,988.61,141.23,24,2.57,12,4,15,0,0,0,1,106.54,1,0,0,0.0,0.0,0.143,0.0,0.0,2.143,0
cust_5553,3,12,404.59,134.86,5,1.63,1,1,2,1,0,1,0,0.0,1,0,0,0.0,0.0,0.0,0.0,0.2,0.667,0
cust_5554,4,47,178.93,44.73,25,5.55,5,3,8,2,0,2,0,0.0,1,0,0,0.0,0.0,0.0,0.0,0.08,2.0,0
cust_5555,6,39,371.22,61.87,15,0.75,6,1,8,0,0,0,2,285.95,3,1,0,0.0,0.0,0.333,0.5,0.0,1.333,1
cust_5556,3,25,464.87,154.96,11,22.46,5,5,9,2,1,0,0,0.0,2,0,0,0.0,0.0,0.0,0.0,0.0,3.0,0
cust_5557,3,21,343.45,114.48,9,4.07,4,3,4,1,0,0,3,479.61,1,0,1,375.4,375.4,1.0,0.0,0.0,1.333,0
cust_5558,6,37,813.03,135.51,15,4.1,3,1,6,3,0,1,1,283.23,1,0,0,0.0,0.0,0.167,0.0,0.067,1.0,0
cust_5559,6,28,1074.13,179.02,15,15.67,8,4,11,3,0,0,2,321.88,4,3,0,0.0,0.0,0.333,1.5,0.0,1.833,1
cust_5560,4,30,363.39,90.85,20,4.18,5,3,8,1,0,1,1,171.5,1,0,0,0.0,0.0,0.25,0.0,0.05,2.0,0
cust_5561,2,9,342.98,171.49,3,14.31,0,0,3,0,1,1,2,154.21,1,1,0,0.0,0.0,1.0,0.5,0.333,1.5,0
cust_5562,2,19,472.7,236.35,11,2.0,2,1,6,3,0,0,3,394.06,2,1,0,0.0,0.0,1.5,0.333,0.0,3.0,1
cust_5563,3,12,588.87,196.29,7,7.53,1,1,5,1,1,0,1,48.37,3,1,1,163.28,163.28,0.333,1.0,0.0,1.667,0
cust_5564,5,71,661.56,132.31,30,14.63,15,2,17,2,0,0,3,238.9,0,1,0,0.0,0.0,0.6,0.333,0.0,3.4,0
cust_5565,1,14,57.28,57.28,9,5.98,1,1,1,0,0,1,3,257.1,0,0,2,143.03,71.52,3.0,0.0,0.111,1.0,0
cust_5566,8,58,1448.88,181.11,37,0.75,14,13,17,0,0,0,1,191.64,2,0,0,0.0,0.0,0.125,0.0,0.0,2.125,0
cust_5567,1,6,279.09,279.09,2,13.35,0,0,2,2,0,1,2,300.97,1,1,0,0.0,0.0,2.0,0.5,0.5,2.0,0
cust_5568,5,25,549.88,109.98,16,6.81,3,2,7,2,0,0,2,158.06,2,1,0,0.0,0.0,0.4,0.5,0.0,1.4,0
cust_5569,5,69,860.83,172.17,44,3.8,25,14,26,2,0,0,3,302.52,0,1,0,0.0,0.0,0.6,0.333,0.0,5.2,1
cust_5570,3,31,942.69,314.23,13,49.33,6,5,10,2,0,2,4,417.13,1,0,0,0.0,0.0,1.333,0.0,0.154,3.333,0
cust_5571,6,64,700.7,116.78,41,20.88,14,14,18,0,1,2,1,87.61,0,0,3,632.69,210.9,0.167,0.0,0.049,3.0,0
cust_5572,5,69,414.32,82.86,38,0.39,14,12,15,0,0,1,1,30.42,2,0,0,0.0,0.0,0.2,0.0,0.026,3.0,0
cust_5573,3,42,492.25,164.08,27,9.01,14,13,15,3,0,1,1,42.67,1,1,0,0.0,0.0,0.333,1.0,0.037,5.0,1
cust_5574,1,13,177.67,177.67,7,4.38,3,1,5,2,0,1,2,323.22,0,1,0,0.0,0.0,2.0,0.5,0.143,5.0,0
cust_5575,7,87,988.58,141.23,45,0.38,21,17,21,1,0,2,0,0.0,0,0,0,0.0,0.0,0.0,0.0,0.044,3.0,0
cust_5576,3,40,527.51,175.84,23,0.11,9,2,9,2,1,0,0,0.0,2,0,1,249.48,249.48,0.0,0.0,0.0,3.0,0
cust_5577,2,27,240.61,120.3,15,8.76,6,3,10,2,0,0,1,142.73,1,1,1,22.27,22.27,0.5,1.0,0.0,5.0,1
cust_5578,1,8,196.47,196.47,5,3.86,1,1,2,1,0,0,2,329.04,0,1,0,0.0,0.0,2.0,0.5,0.0,2.0,0
cust_5579,7,102,559.71,79.96,66,12.15,27,10,31,2,0,0,0,0.0,5,0,1,335.65,335.65,0.0,0.0,0.0,4.429,1
cust_5580,4,47,481.42,120.35,28,6.06,11,8,11,1,0,0,0,0.0,2,0,0,0.0,0.0,0.0,0.0,0.0,2.75,0
cust_5581,15,121,1519.24,101.28,84,14.55,45,19,45,2,0,2,2,108.42,0,1,0,0.0,0.0,0.133,0.5,0.024,3.0,1
cust_5582,5,44,566.92,113.38,27,16.77,7,3,10,1,0,0,0,0.0,0,0,0,0.0,0.0,0.0,0.0,0.0,2.0,0
cust_5583,5,57,795.4,159.08,38,10.71,11,7,11,1,0,1,1,106.13,0,2,1,144.12,144.12,0.2,2.0,0.026,2.2,1
cust_5584,6,47,628.98,104.83,23,5.41,6,1,9,1,0,0,0,0.0,1,0,1,57.32,57.32,0.0,0.0,0.0,1.5,0
cust_5585,17,222,1668.53,98.15,109,44.63,47,12,51,1,0,1,3,129.11,1,1,0,0.0,0.0,0.176,0.333,0.009,3.0,1
cust_5586,4,22,1328.95,332.24,11,3.66,5,4,7,1,0,1,1,41.59,0,1,0,0.0,0.0,0.25,1.0,0.091,1.75,0
cust_5587,11,153,4139.39,376.31,81,7.23,23,12,23,2,0,0,2,132.78,2,0,2,220.15,110.08,0.182,0.0,0.0,2.091,1
cust_5588,7,51,1597.91,228.27,35,7.35,16,13,19,2,0,1,0,0.0,1,0,0,0.0,0.0,0.0,0.0,0.029,2.714,0
cust_5589,4,22,982.98,245.75,9,5.59,4,2,6,0,0,2,2,164.41,1,0,0,0.0,0.0,0.5,0.0,0.222,1.5,0
cust_5590,2,26,262.47,131.23,14,1.29,4,1,6,1,0,1,3,233.81,0,0,2,101.12,50.56,1.5,0.0,0.071,3.0,0
cust_5591,7,46,1497.56,213.94,20,4.37,5,2,9,2,0,0,2,140.21,2,1,0,0.0,0.0,0.286,0.5,0.0,1.286,0
cust_5592,1,13,317.04,317.04,8,2.42,4,1,5,1,0,1,0,0.0,1,0,0,0.0,0.0,0.0,0.0,0.125,5.0,0
cust_5593,5,36,714.55,142.91,14,23.01,5,5,7,1,0,1,6,209.71,3,0,0,0.0,0.0,1.2,0.0,0.071,1.4,0
cust_5594,4,57,546.06,136.51,30,10.65,14,6,18,1,0,2,4,292.41,0,1,1,173.9,173.9,1.0,0.25,0.067,4.5,1
cust_5595,1,6,81.89,81.89,3,3.39,1,1,2,1,0,2,2,129.72,2,0,0,0.0,0.0,2.0,0.0,0.667,2.0,0
cust_5596,3,14,90.39,30.13,5,8.34,1,1,3,1,0,0,2,452.6,1,1,0,0.0,0.0,0.667,0.5,0.0,1.0,0
cust_5597,9,128,1599.54,177.73,65,19.19,22,18,26,2,0,1,1,41.83,2,0,1,81.92,81.92,0.111,0.0,0.015,2.889,1
cust_5598,6,34,1321.34,220.22,21,27.25,7,6,11,1,1,0,1,233.53,3,2,0,0.0,0.0,0.167,2.0,0.0,1.833,0
cust_5599,6,86,934.88,155.81,37,0.78,10,1,13,1,0,0,1,83.43,1,1,0,0.0,0.0,0.167,1.0,0.0,2.167,1
cust_5600,2,26,276.13,138.06,18,15.46,9,7,13,1,0,1,3,250.24,0,1,0,0.0,0.0,1.5,0.333,0.056,6.5,0
cust_5601,13,63,599.91,46.15,26,33.9,6,6,8,2,0,3,1,134.53,0,1,1,123.66,123.66,0.077,1.0,0.115,0.615,1
cust_5602,2,17,146.51,73.26,8,6.3,2,2,4,0,0,0,1,95.67,2,1,0,0.0,0.0,0.5,1.0,0.0,2.0,0
cust_5603,6,28,1430.33,238.39,17,54.11,4,4,4,1,0,0,0,0.0,0,0,1,175.08,175.08,0.0,0.0,0.0,0.667,0
cust_5604,6,45,1515.39,252.56,22,31.48,12,11,14,1,0,0,0,0.0,1,0,0,0.0,0.0,0.0,0.0,0.0,2.333,0
cust_5605,3,23,102.25,34.08,12,10.7,5,2,6,1,0,0,4,206.1,1,1,0,0.0,0.0,1.333,0.25,0.0,2.0,1
cust_5606,15,158,5657.01,377.13,72,18.81,35,7,35,3,0,1,3,736.13,2,3,0,0.0,0.0,0.2,1.0,0.014,2.333,1
cust_5607,12,176,927.49,77.29,108,3.52,26,13,30,1,0,0,2,493.09,1,0,0,0.0,0.0,0.167,0.0,0.0,2.5,1
cust_5608,2,11,430.82,215.41,4,24.95,1,1,1,1,0,0,2,190.02,0,1,0,0.0,0.0,1.0,0.5,0.0,0.5,0
cust_5609,7,53,652.71,93.24,34,8.96,17,10,18,1,0,0,0,0.0,2,0,0,0.0,0.0,0.0,0.0,0.0,2.571,0
cust_5610,5,52,322.69,64.54,29,7.13,12,7,12,3,1,1,3,581.56,0,0,0,0.0,0.0,0.6,0.0,0.034,2.4,1
cust_5611,7,41,996.61,142.37,23,18.06,5,4,6,1,0,0,4,215.19,3,0,1,230.88,230.88,0.571,0.0,0.0,0.857,0
cust_5612,3,35,158.11,52.7,23,22.03,9,6,13,0,1,1,1,71.63,0,1,0,0.0,0.0,0.333,1.0,0.043,4.333,0
cust_5613,8,67,390.2,48.78,42,12.08,16,3,16,3,0,0,4,1402.7,2,0,0,0.0,0.0,0.5,0.0,0.0,2.0,1
cust_5614,1,14,80.5,80.5,8,0.25,2,2,4,2,0,0,0,0.0,1,0,0,0.0,0.0,0.0,0.0,0.0,4.0,0
cust_5615,4,43,433.49,108.37,28,9.09,12,1,14,0,0,1,3,762.9,2,0,3,348.11,116.04,0.75,0.0,0.036,3.5,1
cust_5616,9,71,593.33,65.93,30,17.24,8,8,9,2,0,3,2,161.57,1,1,1,117.53,117.53,0.222,0.5,0.1,1.0,1
cust_5617,5,59,398.28,79.66,36,7.88,18,16,19,3,1,0,1,130.91,1,1,1,137.2,137.2,0.2,1.0,0.0,3.8,1
cust_5618,6,79,550.31,91.72,37,27.31,16,12,17,0,0,0,1,13.46,1,0,1,162.56,162.56,0.167,0.0,0.0,2.833,0
cust_5619,10,128,2091.29,209.13,61,22.76,33,2,37,2,0,0,2,164.76,1,0,0,0.0,0.0,0.2,0.0,0.0,3.7,1
cust_5620,4,27,545.14,136.29,10,7.54,3,1,4,0,0,0,1,152.3,0,1,1,296.2,296.2,0.25,1.0,0.0,1.0,0
cust_5621,3,25,241.88,80.63,16,5.17,6,4,8,1,0,0,0,0.0,3,0,0,0.0,0.0,0.0,0.0,0.0,2.667,0
cust_5622,4,35,504.36,126.09,21,0.57,10,10,12,0,0,1,1,192.76,3,2,1,71.6,71.6,0.25,2.0,0.048,3.0,1
cust_5623,3,24,275.55,91.85,10,10.01,4,4,5,2,0,1,2,260.11,1,0,0,0.0,0.0,0.667,0.0,0.1,1.667,0
cust_5624,3,22,272.54,90.85,10,3.09,4,4,7,3,0,0,1,71.52,0,0,1,86.69,86.69,0.333,0.0,0.0,2.333,0
cust_5625,7,85,700.14,100.02,46,11.04,19,9,20,1,1,0,2,103.75,0,1,0,0.0,0.0,0.286,0.5,0.0,2.857,1
cust_5626,4,16,1338.82,334.71,8,16.03,3,3,6,2,1,0,3,706.43,2,2,1,196.43,196.43,0.75,0.667,0.0,1.5,1
cust_5627,6,43,395.29,65.88,24,5.25,12,4,12,1,0,0,3,58.29,0,0,2,113.79,56.9,0.5,0.0,0.0,2.0,0
cust_5628,2,11,333.41,166.71,5,0.16,1,1,1,0,0,2,2,265.67,1,2,1,239.23,239.23,1.0,1.0,0.4,0.5,1
cust_5629,3,16,357.18,119.06,9,20.04,5,5,7,2,0,0,1,43.38,0,1,0,0.0,0.0,0.333,1.0,0.0,2.333,0
cust_5630,6,42,1140.52,190.09,27,7.96,14,11,14,2,0,1,2,179.7,0,1,0,0.0,0.0,0.333,0.5,0.037,2.333,1
cust_5631,6,74,928.12,154.69,38,3.78,18,11,18,0,0,0,1,86.32,1,1,0,0.0,0.0,0.167,1.0,0.0,3.0,0
cust_5632,11,161,1611.83,146.53,106,10.05,59,13,59,0,0,1,0,0.0,2,0,2,523.08,261.54,0.0,0.0,0.009,5.364,1
cust_5633,4,38,649.2,162.3,17,11.22,7,1,11,2,0,1,3,392.85,1,1,1,233.46,233.46,0.75,0.333,0.059,2.75,1
cust_5634,2,15,240.54,120.27,6,1.6,3,1,7,1,0,0,1,48.03,0,1,1,111.81,111.81,0.5,1.0,0.0,3.5,0
cust_5635,13,170,2842.15,218.63,80,10.4,23,11,24,0,0,2,2,78.55,2,1,0,0.0,0.0,0.154,0.5,0.025,1.846,1
cust_5636,2,9,172.24,86.12,4,3.38,0,0,3,1,0,1,2,173.33,3,1,2,385.97,192.98,1.0,0.5,0.25,1.5,0
cust_5637,1,5,132.33,132.33,3,16.28,1,1,3,2,1,0,0,0.0,3,0,0,0.0,0.0,0.0,0.0,0.0,3.0,0
cust_5638,1,7,65.12,65.12,3,28.39,0,0,4,1,0,2,0,0.0,2,0,1,101.68,101.68,0.0,0.0,0.667,4.0,0
cust_5639,3,26,605.65,201.88,15,1.08,6,4,10,2,1,1,1,88.86,1,0,0,0.0,0.0,0.333,0.0,0.067,3.333,0
cust_5640,13,166,2473.02,190.23,101,24.93,23,12,25,0,0,0,1,94.18,1,2,0,0.0,0.0,0.077,2.0,0.0,1.923,1
cust_5641,9,127,2829.63,314.4,67,23.38,39,12,43,0,0,1,0,0.0,2,0,0,0.0,0.0,0.0,0.0,0.015,4.778,1
cust_5642,6,59,1329.22,221.54,27,4.2,10,3,12,2,0,1,1,189.14,1,1,0,0.0,0.0,0.167,1.0,0.037,2.0,0
cust_5643,1,9,178.15,178.15,4,0.29,0,0,1,0,0,0,1,40.69,1,2,0,0.0,0.0,1.0,2.0,0.0,1.0,0
cust_5644,4,25,802.07,200.52,13,10.88,5,4,6,0,0,0,1,52.67,2,1,1,240.26,240.26,0.25,1.0,0.0,1.5,0
cust_5645,3,26,125.11,41.7,17,4.23,8,1,8,2,0,4,0,0.0,1,0,0,0.0,0.0,0.0,0.0,0.235,2.667,0
cust_5646,9,127,2076.61,230.73,72,2.13,39,18,41,0,0,0,0,0.0,1,0,0,0.0,0.0,0.0,0.0,0.0,4.556,1
cust_5647,2,16,454.5,227.25,11,1.15,4,2,6,3,0,0,2,183.07,3,1,1,194.92,194.92,1.0,0.5,0.0,3.0,1
cust_5648,13,82,3505.28,269.64,46,2.18,11,7,12,2,0,0,1,193.01,1,0,0,0.0,0.0,0.077,0.0,0.0,0.923,0
cust_5649,2,15,98.69,49.34,6,2.71,3,3,7,2,0,0,1,47.03,1,0,1,149.03,149.03,0.5,0.0,0.0,3.5,0
cust_5650,3,28,498.87,166.29,14,15.89,8,6,10,0,0,2,3,197.56,0,0,0,0.0,0.0,1.0,0.0,0.143,3.333,0
cust_5651,7,74,923.99,132.0,47,15.32,10,3,12,1,1,0,2,153.24,0,1,0,0.0,0.0,0.286,0.5,0.0,1.714,0
cust_5652,6,52,690.96,115.16,27,6.82,6,4,10,0,0,2,0,0.0,1,0,0,0.0,0.0,0.0,0.0,0.074,1.667,0
cust_5653,18,222,2081.22,115.62,95,8.06,40,18,41,1,1,0,1,59.01,1,0,2,407.69,203.84,0.056,0.0,0.0,2.278,1
cust_5654,5,52,661.33,132.27,22,24.99,9,5,11,1,0,0,0,0.0,1,0,1,218.26,218.26,0.0,0.0,0.0,2.2,0
cust_5655,16,181,2897.69,181.11,85,23.86,37,10,39,1,0,0,1,38.67,0,2,1,109.15,109.15,0.062,2.0,0.0,2.438,1
cust_5656,3,40,331.4,110.47,22,17.64,7,7,11,3,1,1,1,158.39,1,1,1,110.83,110.83,0.333,1.0,0.045,3.667,0
cust_5657,6,81,726.43,121.07,52,4.69,11,2,11,0,0,0,1,190.08,2,1,0,0.0,0.0,0.167,1.0,0.0,1.833,1
cust_5658,12,74,4138.78,344.9,41,4.57,17,15,21,1,0,0,1,105.88,0,0,0,0.0,0.0,0.083,0.0,0.0,1.75,0
cust_5659,4,43,356.15,89.04,26,21.88,6,6,10,1,0,0,2,129.43,2,2,1,219.84,219.84,0.5,1.0,0.0,2.5,1
cust_5660,6,71,350.72,58.45,42,26.11,14,13,14,2,0,1,2,201.07,0,1,2,377.45,188.72,0.333,0.5,0.024,2.333,0
cust_5661,17,95,748.53,44.03,52,16.02,22,2,24,1,0,0,3,271.76,0,0,2,514.47,257.24,0.176,0.0,0.0,1.412,1
cust_5662,7,92,1340.28,191.47,42,14.15,11,2,11,1,1,0,1,105.51,2,0,1,30.17,30.17,0.143,0.0,0.0,1.571,0
cust_5663,5,29,415.58,83.12,19,8.17,7,2,10,2,0,0,1,72.45,2,0,1,316.76,316.76,0.2,0.0,0.0,2.0,0
cust_5664,3,38,260.99,87.0,18,4.13,8,3,8,1,0,0,0,0.0,0,0,0,0.0,0.0,0.0,0.0,0.0,2.667,0
cust_5665,12,69,4506.26,375.52,32,2.75,7,2,8,1,0,2,1,35.47,1,1,0,0.0,0.0,0.083,1.0,0.062,0.667,0
cust_5666,8,97,1523.12,190.39,46,1.51,20,9,22,2,0,0,0,0.0,1,0,0,0.0,0.0,0.0,0.0,0.0,2.75,0
cust_5667,6,33,1172.45,195.41,14,13.03,5,2,8,2,0,1,3,220.91,0,0,2,360.3,180.15,0.5,0.0,0.071,1.333,0
cust_5668,5,40,647.35,129.47,21,15.0,5,5,8,3,0,3,3,307.87,1,1,0,0.0,0.0,0.6,0.333,0.143,1.6,1
cust_5669,4,22,580.28,145.07,10,4.44,4,4,4,0,0,0,0,0.0,4,0,0,0.0,0.0,0.0,0.0,0.0,1.0,0
cust_5670,1,6,98.64,98.64,3,0.06,0,0,3,1,0,1,2,118.01,1,1,2,311.5,155.75,2.0,0.5,0.333,3.0,1
cust_5671,7,103,1118.43,159.78,55,27.9,15,9,17,1,1,1,0,0.0,0,0,0,0.0,0.0,0.0,0.0,0.018,2.429,0
cust_5672,3,15,377.39,125.8,8,5.75,2,2,4,3,0,1,2,180.45,1,1,0,0.0,0.0,0.667,0.5,0.125,1.333,0
cust_5673,5,42,1050.68,210.14,20,36.73,8,5,12,0,2,0,4,953.56,0,1,1,167.04,167.04,0.8,0.25,0.0,2.4,1
cust_5674,3,34,1271.06,423.69,21,11.31,9,7,13,2,0,0,1,94.71,1,0,1,163.04,163.04,0.333,0.0,0.0,4.333,0
cust_5675,2,10,503.94,251.97,5,1.32,1,1,2,0,0,0,1,66.44,1,1,1,176.99,176.99,0.5,1.0,0.0,1.0,0
cust_5676,16,83,1640.5,102.53,38,3.96,21,2,21,1,0,2,3,230.58,3,0,1,214.71,214.71,0.188,0.0,0.053,1.312,1
cust_5677,6,33,2090.19,348.36,22,10.7,7,2,10,1,0,0,1,203.37,2,0,0,0.0,0.0,0.167,0.0,0.0,1.667,0
cust_5678,5,55,562.06,112.41,23,10.48,7,7,11,1,1,0,2,236.21,2,2,0,0.0,0.0,0.4,1.0,0.0,2.2,1
cust_5679,2,28,98.31,49.15,17,2.64,4,2,6,1,0,0,3,504.76,1,2,0,0.0,0.0,1.5,0.667,0.0,3.0,1
cust_5680,2,26,301.51,150.76,15,1.95,3,3,6,0,0,1,1,68.44,2,0,0,0.0,0.0,0.5,0.0,0.067,3.0,0
cust_5681,2,29,222.15,111.08,12,3.24,7,5,7,0,0,0,2,301.01,1,1,1,91.8,91.8,1.0,0.5,0.0,3.5,1
cust_5682,17,176,951.07,55.95,117,15.46,54,6,57,3,0,0,1,79.04,4,0,1,129.5,129.5,0.059,0.0,0.0,3.353,1
cust_5683,1,14,158.12,158.12,6,2.77,3,1,6,1,0,2,1,170.2,0,1,0,0.0,0.0,1.0,1.0,0.333,6.0,0
cust_5684,3,22,325.57,108.52,13,12.1,4,4,5,2,0,1,2,235.59,1,1,0,0.0,0.0,0.667,0.5,0.077,1.667,0
cust_5685,3,25,1322.01,440.67,12,20.4,4,4,4,1,0,0,0,0.0,0,0,0,0.0,0.0,0.0,0.0,0.0,1.333,0
cust_5686,1,8,101.77,101.77,4,4.97,2,2,5,3,0,0,1,52.76,1,1,0,0.0,0.0,1.0,1.0,0.0,5.0,0
cust_5687,6,27,807.58,134.6,18,0.07,5,2,7,1,0,0,4,739.13,0,1,0,0.0,0.0,0.667,0.25,0.0,1.167,1
cust_5688,2,26,447.75,223.88,15,1.53,4,2,6,1,0,0,2,174.43,4,0,1,186.65,186.65,1.0,0.0,0.0,3.0,0
cust_5689,8,34,626.44,78.31,16,3.74,4,1,5,3,1,0,0,0.0,1,0,0,0.0,0.0,0.0,0.0,0.0,0.625,0
cust_5690,6,72,1684.62,280.77,38,2.11,11,8,15,1,0,0,1,139.62,1,1,0,0.0,0.0,0.167,1.0,0.0,2.5,1
cust_5691,4,33,985.58,246.39,19,3.42,8,7,8,1,0,4,0,0.0,2,0,0,0.0,0.0,0.0,0.0,0.211,2.0,0
cust_5692,1,4,203.09,203.09,2,7.85,0,0,3,4,0,2,1,43.43,2,0,1,195.11,195.11,1.0,0.0,1.0,3.0,0
cust_5693,4,28,582.0,145.5,18,0.21,9,1,10,4,0,2,1,140.19,0,2,0,0.0,0.0,0.25,2.0,0.111,2.5,1
cust_5694,5,39,649.24,129.85,25,0.66,5,2,7,1,0,1,2,169.8,0,0,0,0.0,0.0,0.4,0.0,0.04,1.4,0
cust_5695,4,58,985.44,246.36,25,19.36,8,4,11,2,1,0,0,0.0,2,0,0,0.0,0.0,0.0,0.0,0.0,2.75,0
cust_5696,6,67,2334.68,389.11,42,7.39,22,18,24,1,0,1,6,1055.91,0,0,1,70.19,70.19,1.0,0.0,0.024,4.0,1
cust_5697,4,39,287.56,71.89,26,27.42,11,5,14,0,0,0,0,0.0,0,0,0,0.0,0.0,0.0,0.0,0.0,3.5,0
cust_5698,10,53,1272.83,127.28,26,0.03,13,11,13,1,1,2,0,0.0,0,0,1,93.52,93.52,0.0,0.0,0.077,1.3,0
cust_5699,1,8,242.39,242.39,3,0.01,0,0,2,2,0,0,1,86.3,1,0,0,0.0,0.0,1.0,0.0,0.0,2.0,0
cust_5700,7,30,1255.28,179.33,12,13.46,4,3,5,2,0,0,1,10.73,0,1,0,0.0,0.0,0.143,1.0,0.0,0.714,0
cust_5701,22,272,2974.05,135.18,118,6.47,65,5,66,1,1,2,1,116.62,1,0,1,93.33,93.33,0.045,0.0,0.017,3.0,1
cust_5702,6,34,620.64,103.44,23,24.51,11,3,12,2,0,0,0,0.0,0,0,0,0.0,0.0,0.0,0.0,0.0,2.0,0
cust_5703,4,42,432.44,108.11,21,15.45,7,5,8,0,0,1,1,60.2,1,0,1,60.07,60.07,0.25,0.0,0.048,2.0,0
cust_5704,2,23,300.47,150.24,11,7.01,3,1,7,1,0,0,2,400.29,1,0,0,0.0,0.0,1.0,0.0,0.0,3.5,1
cust_5705,3,24,1166.65,388.88,11,6.51,2,2,5,2,0,0,1,31.46,1,1,0,0.0,0.0,0.333,1.0,0.0,1.667,0
cust_5706,1,10,88.2,88.2,4,16.67,2,2,5,3,0,1,2,39.69,3,1,1,209.03,209.03,2.0,0.5,0.25,5.0,0
cust_5707,1,12,96.83,96.83,6,16.28,2,1,5,3,0,0,1,120.79,1,2,0,0.0,0.0,1.0,2.0,0.0,5.0,0
cust_5708,9,54,1079.2,119.91,33,3.24,14,1,18,3,0,2,1,192.92,0,0,1,114.69,114.69,0.111,0.0,0.061,2.0,0
cust_5709,20,212,6825.63,341.28,119,11.23,60,13,61,1,0,1,2,346.1,0,0,1,159.57,159.57,0.1,0.0,0.008,3.05,1
cust_5710,3,36,270.9,90.3,14,10.31,7,6,7,1,0,1,1,168.37,1,0,1,117.99,117.99,0.333,0.0,0.071,2.333,0
cust_5711,9,71,3451.78,383.53,45,19.39,22,14,23,0,0,0,1,79.15,0,0,1,145.61,145.61,0.111,0.0,0.0,2.556,0
cust_5712,2,11,398.69,199.34,7,20.29,2,1,6,2,1,1,1,117.04,0,1,1,281.46,281.46,0.5,1.0,0.143,3.0,0
cust_5713,24,171,1867.88,77.83,90,3.12,24,12,24,2,0,0,2,130.67,1,1,0,0.0,0.0,0.083,0.5,0.0,1.0,1
cust_5714,6,85,858.23,143.04,43,21.18,20,1,24,4,0,0,1,156.3,1,1,1,116.48,116.48,0.167,1.0,0.0,4.0,1
cust_5715,4,31,297.05,74.26,14,25.85,4,3,6,2,0,0,1,128.53,0,0,0,0.0,0.0,0.25,0.0,0.0,1.5,0
cust_5716,2,10,569.08,284.54,4,1.16,2,1,5,2,0,1,2,259.43,1,1,1,135.4,135.4,1.0,0.5,0.25,2.5,0
cust_5717,2,9,145.85,72.93,5,8.53,1,1,4,2,0,4,0,0.0,0,0,0,0.0,0.0,0.0,0.0,0.8,2.0,0
cust_5718,6,35,486.37,81.06,22,5.74,5,1,9,2,1,1,4,1243.08,0,1,0,0.0,0.0,0.667,0.25,0.045,1.5,1
cust_5719,10,54,2310.87,231.09,26,5.14,7,4,7,1,0,1,2,221.39,1,1,0,0.0,0.0,0.2,0.5,0.038,0.7,0
cust_5720,3,28,440.34,146.78,14,12.2,4,3,6,2,1,1,0,0.0,0,0,2,421.41,210.7,0.0,0.0,0.071,2.0,0
cust_5721,5,39,719.54,143.91,20,1.39,7,7,9,0,0,2,0,0.0,0,0,1,98.94,98.94,0.0,0.0,0.1,1.8,0
cust_5722,2,26,188.27,94.13,11,17.14,3,3,4,2,0,0,1,192.81,1,0,0,0.0,0.0,0.5,0.0,0.0,2.0,0
cust_5723,6,82,779.27,129.88,55,0.27,15,13,16,2,0,0,1,63.55,1,0,0,0.0,0.0,0.167,0.0,0.0,2.667,0
cust_5724,6,55,2827.63,471.27,33,8.63,11,8,11,0,1,1,1,17.99,1,1,1,170.69,170.69,0.167,1.0,0.03,1.833,1
cust_5725,1,13,175.71,175.71,6,2.55,3,2,4,1,0,1,1,82.77,0,0,0,0.0,0.0,1.0,0.0,0.167,4.0,0
cust_5726,3,26,208.84,69.61,11,11.01,2,1,5,1,0,1,0,0.0,1,0,0,0.0,0.0,0.0,0.0,0.091,1.667,0
cust_5727,9,99,2855.73,317.3,64,7.45,20,10,24,2,0,2,0,0.0,3,0,0,0.0,0.0,0.0,0.0,0.031,2.667,1
cust_5728,6,34,643.71,107.29,18,83.03,7,5,10,1,0,1,0,0.0,0,0,1,191.72,191.72,0.0,0.0,0.056,1.667,0
cust_5729,6,27,2022.4,337.07,17,19.83,9,5,11,2,0,1,1,75.14,0,2,0,0.0,0.0,0.167,2.0,0.059,1.833,0
cust_5730,1,5,156.27,156.27,2,4.1,0,0,2,1,0,0,3,315.83,1,1,0,0.0,0.0,3.0,0.333,0.0,2.0,0
cust_5731,6,40,562.86,93.81,19,7.52,6,1,10,2,0,0,0,0.0,0,0,0,0.0,0.0,0.0,0.0,0.0,1.667,0
cust_5732,3,36,339.52,113.17,21,3.82,10,8,10,1,0,0,3,601.23,3,1,1,44.56,44.56,1.0,0.333,0.0,3.333,1
cust_5733,3,17,547.6,182.53,9,13.05,3,1,5,3,1,0,6,555.26,0,0,1,127.41,127.41,2.0,0.0,0.0,1.667,0
cust_5734,13,70,1204.79,92.68,34,5.49,18,7,18,1,0,0,2,259.97,0,0,0,0.0,0.0,0.154,0.0,0.0,1.385,0
cust_5735,7,99,1362.85,194.69,45,1.23,17,13,20,0,0,2,4,764.5,2,3,0,0.0,0.0,0.571,0.75,0.044,2.857,1
cust_5736,8,92,3003.61,375.45,45,10.81,19,7,20,0,0,2,1,146.45,0,0,1,72.29,72.29,0.125,0.0,0.044,2.5,0
cust_5737,1,9,164.6,164.6,5,0.11,2,1,6,3,2,0,0,0.0,0,0,1,257.86,257.86,0.0,0.0,0.0,6.0,0
cust_5738,8,40,1261.74,157.72,18,3.53,4,2,5,2,0,0,0,0.0,3,0,1,108.74,108.74,0.0,0.0,0.0,0.625,0
cust_5739,3,40,125.86,41.95,23,23.77,7,6,7,0,0,0,0,0.0,0,0,0,0.0,0.0,0.0,0.0,0.0,2.333,0
cust_5740,2,10,344.26,172.13,5,0.99,1,1,1,0,0,1,1,112.6,0,0,1,252.58,252.58,0.5,0.0,0.2,0.5,0
cust_5741,3,32,608.08,202.69,20,7.02,9,5,12,0,0,0,5,356.04,0,2,0,0.0,0.0,1.667,0.4,0.0,4.0,1
cust_5742,7,79,822.47,117.5,36,15.85,20,18,23,0,1,0,1,142.38,0,1,1,95.04,95.04,0.143,1.0,0.0,3.286,1
cust_5743,3,25,291.65,97.22,12,23.49,3,1,3,1,0,2,0,0.0,2,0,2,616.37,308.18,0.0,0.0,0.167,1.0,0
cust_5744,12,168,2259.16,188.26,87,8.21,20,7,23,1,0,2,1,66.14,0,1,2,283.67,141.84,0.083,1.0,0.023,1.917,1
cust_5745,1,4,166.88,166.88,1,1.66,0,0,4,4,1,0,1,179.04,0,1,0,0.0,0.0,1.0,1.0,0.0,4.0,0
cust_5746,9,116,446.86,49.65,62,28.28,22,5,24,3,0,0,2,230.94,1,0,0,0.0,0.0,0.222,0.0,0.0,2.667,0
cust_5747,4,40,1151.69,287.92,20,13.83,4,2,8,2,0,0,0,0.0,0,0,0,0.0,0.0,0.0,0.0,0.0,2.0,0
cust_5748,14,150,2570.39,183.6,104,5.04,59,18,59,2,1,0,1,147.99,0,1,1,356.56,356.56,0.071,1.0,0.0,4.214,1
cust_5749,4,59,409.21,102.3,34,3.24,19,13,21,0,0,1,1,201.95,1,0,0,0.0,0.0,0.25,0.0,0.029,5.25,1
cust_5750,2,20,115.92,57.96,8,0.49,4,2,4,0,0,0,2,293.1,1,0,0,0.0,0.0,1.0,0.0,0.0,2.0,0
cust_5751,5,63,838.17,167.63,33,2.12,10,4,14,2,0,2,0,0.0,0,0,0,0.0,0.0,0.0,0.0,0.061,2.8,0
cust_5752,2,11,762.31,381.15,7,15.04,1,1,1,1,0,0,1,117.37,1,1,1,50.61,50.61,0.5,1.0,0.0,0.5,0
cust_5753,1,12,132.81,132.81,7,1.15,3,3,6,0,0,1,3,846.83,2,1,0,0.0,0.0,3.0,0.333,0.143,6.0,1
cust_5754,2,24,223.66,111.83,16,1.39,5,1,5,1,0,0,0,0.0,0,0,0,0.0,0.0,0.0,0.0,0.0,2.5,0
cust_5755,3,43,140.04,46.68,28,2.18,7,4,11,0,0,1,1,167.26,2,1,0,0.0,0.0,0.333,1.0,0.036,3.667,1
cust_5756,9,128,1705.37,189.49,57,5.03,26,5,29,0,0,0,3,322.41,3,1,0,0.0,0.0,0.333,0.333,0.0,3.222,1
cust_5757,12,76,1407.01,117.25,30,2.1,15,8,17,2,0,0,3,168.14,1,2,0,0.0,0.0,0.25,0.667,0.0,1.417,1
cust_5758,1,9,103.67,103.67,5,23.47,2,1,6,1,1,0,0,0.0,0,0,2,71.32,35.66,0.0,0.0,0.0,6.0,0
cust_5759,2,28,193.35,96.67,17,2.98,5,5,6,3,1,1,5,312.91,0,1,1,364.46,364.46,2.5,0.2,0.059,3.0,0
cust_5760,3,33,394.95,131.65,14,25.19,5,5,6,0,0,1,0,0.0,0,0,1,211.77,211.77,0.0,0.0,0.071,2.0,0
cust_5761,1,9,194.98,194.98,4,41.96,1,1,5,1,1,3,0,0.0,3,0,0,0.0,0.0,0.0,0.0,0.75,5.0,0
cust_5762,3,15,425.8,141.93,10,14.06,2,1,6,2,0,1,3,481.98,1,1,0,0.0,0.0,1.0,0.333,0.1,2.0,1
cust_5763,10,78,1050.66,105.07,53,0.07,20,3,21,0,0,0,1,93.03,1,1,0,0.0,0.0,0.1,1.0,0.0,2.1,1
cust_5764,8,90,2250.68,281.33,40,2.74,17,13,18,1,0,0,1,230.0,2,0,0,0.0,0.0,0.125,0.0,0.0,2.25,1
cust_5765,12,150,2233.93,186.16,71,3.11,17,13,18,0,0,0,1,61.41,2,2,3,180.4,60.13,0.083,2.0,0.0,1.5,1
cust_5766,3,26,354.23,118.08,17,7.83,6,1,10,2,0,1,2,156.94,0,1,0,0.0,0.0,0.667,0.5,0.059,3.333,0
cust_5767,7,32,637.63,91.09,16,1.72,5,3,8,1,0,0,1,58.99,0,3,1,88.35,88.35,0.143,3.0,0.0,1.143,1
cust_5768,7,76,591.23,84.46,48,0.8,26,16,26,1,0,1,1,135.82,0,0,1,128.92,128.92,0.143,0.0,0.021,3.714,0
cust_5769,4,56,205.29,51.32,29,1.94,11,6,11,3,0,1,0,0.0,2,0,0,0.0,0.0,0.0,0.0,0.034,2.75,0
cust_5770,4,37,613.5,153.37,22,3.97,8,4,11,2,0,1,0,0.0,2,0,0,0.0,0.0,0.0,0.0,0.045,2.75,0
cust_5771,1,14,216.99,216.99,7,0.5,2,1,2,0,0,0,3,196.04,0,2,0,0.0,0.0,3.0,0.667,0.0,2.0,0
cust_5772,3,23,149.1,49.7,15,2.17,8,7,11,0,0,1,1,124.17,2,1,0,0.0,0.0,0.333,1.0,0.067,3.667,0
cust_5773,17,233,4011.94,236.0,115,1.83,67,8,70,0,0,0,2,189.14,1,0,0,0.0,0.0,0.118,0.0,0.0,4.118,1
cust_5774,1,12,224.7,224.7,6,14.8,2,2,2,2,0,1,0,0.0,1,0,0,0.0,0.0,0.0,0.0,0.167,2.0,0
cust_5775,1,14,547.53,547.53,7,1.86,4,1,4,1,1,0,0,0.0,1,0,3,591.35,197.12,0.0,0.0,0.0,4.0,0
cust_5776,3,38,292.07,97.36,22,15.68,9,2,9,5,1,0,0,0.0,1,0,0,0.0,0.0,0.0,0.0,0.0,3.0,0
cust_5777,9,67,275.62,30.62,32,7.1,16,3,18,0,0,0,3,232.33,1,3,0,0.0,0.0,0.333,1.0,0.0,2.0,1
cust_5778,4,55,640.25,160.06,32,14.18,7,3,7,2,0,1,1,195.29,1,0,2,474.15,237.08,0.25,0.0,0.031,1.75,0
cust_5779,7,79,639.6,91.37,34,5.98,7,5,11,0,0,3,1,162.55,1,2,0,0.0,0.0,0.143,2.0,0.088,1.571,1
cust_5780,10,57,2037.04,203.7,38,23.13,15,13,19,0,0,0,3,342.34,1,1,0,0.0,0.0,0.3,0.333,0.0,1.9,1
cust_5781,5,22,707.66,141.53,9,3.24,2,1,4,1,0,1,2,425.39,1,1,1,46.88,46.88,0.4,0.5,0.111,0.8,1
cust_5782,9,72,2782.93,309.21,46,14.56,25,15,29,1,0,0,3,80.19,1,1,1,295.27,295.27,0.333,0.333,0.0,3.222,1
cust_5783,1,12,98.8,98.8,7,1.78,3,1,3,1,0,4,1,54.78,2,0,1,82.06,82.06,1.0,0.0,0.571,3.0,0
cust_5784,11,118,732.29,66.57,59,21.43,28,15,30,3,0,1,2,45.47,1,2,1,129.72,129.72,0.182,1.0,0.017,2.727,1
cust_5785,7,68,1931.61,275.94,33,0.29,7,6,8,2,1,0,1,63.45,1,2,0,0.0,0.0,0.143,2.0,0.0,1.143,0
cust_5786,3,12,1090.83,363.61,8,6.11,3,1,4,1,0,1,3,274.45,1,1,3,122.97,40.99,1.0,0.333,0.125,1.333,1
cust_5787,15,131,633.43,42.23,60,5.47,13,9,16,0,0,2,2,190.49,2,1,0,0.0,0.0,0.133,0.5,0.033,1.067,1
cust_5788,6,34,2498.95,416.49,20,9.78,11,9,11,1,0,1,1,351.29,4,0,2,201.44,100.72,0.167,0.0,0.05,1.833,1
cust_5789,14,126,1969.83,140.7,57,5.81,25,15,28,0,0,0,1,133.38,1,0,1,176.4,176.4,0.071,0.0,0.0,2.0,1
cust_5790,8,119,1766.62,220.83,79,8.89,20,12,21,1,1,0,3,273.07,0,1,2,232.9,116.45,0.375,0.333,0.0,2.625,1
cust_5791,5,68,1406.53,281.31,42,19.78,17,13,21,0,0,1,2,190.28,1,1,0,0.0,0.0,0.4,0.5,0.024,4.2,1
cust_5792,2,14,176.65,88.33,9,1.53,2,1,4,2,0,1,2,302.95,2,1,0,0.0,0.0,1.0,0.5,0.111,2.0,1
cust_5793,2,21,474.3,237.15,13,2.8,3,2,4,1,0,1,2,238.59,0,0,0,0.0,0.0,1.0,0.0,0.077,2.0,0
cust_5794,2,19,338.82,169.41,10,16.24,2,1,5,0,0,1,3,183.84,2,2,0,0.0,0.0,1.5,0.667,0.1,2.5,1
cust_5795,1,5,187.37,187.37,2,2.59,1,1,5,0,0,1,1,109.82,0,3,0,0.0,0.0,1.0,3.0,0.5,5.0,1
cust_5796,1,14,125.58,125.58,6,23.61,2,2,4,1,1,0,0,0.0,3,0,0,0.0,0.0,0.0,0.0,0.0,4.0,0
cust_5797,2,17,383.16,191.58,7,7.78,2,2,6,0,1,0,2,435.46,0,1,0,0.0,0.0,1.0,0.5,0.0,3.0,0
cust_5798,5,47,854.16,170.83,21,0.85,4,3,5,2,0,0,3,262.92,3,2,1,65.19,65.19,0.6,0.667,0.0,1.0,1
cust_5799,3,33,391.76,130.59,17,0.21,6,5,10,2,0,1,1,77.32,0,0,0,0.0,0.0,0.333,0.0,0.059,3.333,0
cust_5800,9,54,1349.62,149.96,35,14.39,14,1,18,1,0,1,1,54.22,1,3,1,252.49,252.49,0.111,3.0,0.029,2.0,1
cust_5801,6,38,1419.81,236.64,15,19.4,5,2,8,1,0,2,4,188.53,1,0,0,0.0,0.0,0.667,0.0,0.133,1.333,0
cust_5802,2,12,185.17,92.58,5,2.74,1,1,5,0,0,0,4,794.13,1,0,0,0.0,0.0,2.0,0.0,0.0,2.5,1
cust_5803,9,74,1374.69,152.74,42,2.75,10,4,12,1,0,1,1,60.72,0,2,0,0.0,0.0,0.111,2.0,0.024,1.333,1
cust_5804,1,6,174.69,174.69,3,30.81,1,1,2,1,0,0,2,131.76,2,0,0,0.0,0.0,2.0,0.0,0.0,2.0,0
cust_5805,5,70,516.48,103.3,34,10.68,10,9,10,1,0,1,1,198.58,0,0,0,0.0,0.0,0.2,0.0,0.029,2.0,0
cust_5806,13,154,2831.58,217.81,79,1.83,45,1,49,1,0,1,0,0.0,3,0,0,0.0,0.0,0.0,0.0,0.013,3.769,1
cust_5807,9,124,1241.27,137.92,63,5.95,25,13,26,0,0,0,1,86.8,3,2,0,0.0,0.0,0.111,2.0,0.0,2.889,1
cust_5808,22,293,1824.0,82.91,143,24.13,77,6,81,0,0,0,0,0.0,1,0,0,0.0,0.0,0.0,0.0,0.0,3.682,1
cust_5809,1,11,128.5,128.5,6,9.71,2,2,6,2,0,0,0,0.0,2,0,0,0.0,0.0,0.0,0.0,0.0,6.0,0
cust_5810,2,13,309.2,154.6,7,5.23,3,2,6,2,0,0,1,67.48,1,2,1,294.72,294.72,0.5,2.0,0.0,3.0,0
cust_5811,5,53,476.53,95.31,34,1.64,6,2,7,0,0,0,2,597.32,1,0,1,89.61,89.61,0.4,0.0,0.0,1.4,1
cust_5812,4,24,721.28,180.32,16,12.95,4,2,6,2,0,0,3,240.58,3,0,0,0.0,0.0,0.75,0.0,0.0,1.5,0
cust_5813,3,16,189.24,63.08,10,3.23,3,2,3,1,0,0,0,0.0,1,0,1,93.27,93.27,0.0,0.0,0.0,1.0,0
cust_5814,7,76,1704.98,243.57,42,8.35,13,7,17,2,1,1,1,96.15,0,0,1,105.95,105.95,0.143,0.0,0.024,2.429,0
cust_5815,2,21,101.79,50.9,9,9.17,5,5,6,0,0,0,2,198.16,0,2,1,139.66,139.66,1.0,1.0,0.0,3.0,1
cust_5816,6,34,966.81,161.14,15,8.11,5,4,6,1,0,1,3,561.57,1,0,1,225.73,225.73,0.5,0.0,0.067,1.0,1
cust_5817,16,126,2128.43,133.03,72,2.83,42,14,46,1,0,0,1,68.3,0,0,0,0.0,0.0,0.062,0.0,0.0,2.875,1
cust_5818,4,18,266.39,66.6,12,12.32,5,1,5,1,1,1,0,0.0,0,0,1,126.03,126.03,0.0,0.0,0.083,1.25,0
cust_5819,6,71,437.35,72.89,39,8.35,20,1,24,0,0,0,4,676.44,1,0,0,0.0,0.0,0.667,0.0,0.0,4.0,1
cust_5820,6,89,721.04,120.17,60,5.17,21,8,21,2,0,0,2,64.15,3,2,0,0.0,0.0,0.333,1.0,0.0,3.5,1
cust_5821,9,109,2273.79,252.64,52,0.54,14,11,15,1,0,0,0,0.0,0,0,1,241.91,241.91,0.0,0.0,0.0,1.667,0
cust_5822,13,172,2470.78,190.06,73,4.02,16,1,20,0,0,1,1,112.34,1,0,0,0.0,0.0,0.077,0.0,0.014,1.538,0
cust_5823,2,18,359.98,179.99,11,4.35,5,2,6,2,0,1,2,81.05,0,0,0,0.0,0.0,1.0,0.0,0.091,3.0,0
cust_5824,7,35,2026.62,289.52,23,15.66,13,10,17,1,1,2,4,465.37,5,2,0,0.0,0.0,0.571,0.5,0.087,2.429,1
cust_5825,10,119,1543.53,154.35,63,7.2,15,14,19,3,0,1,0,0.0,0,0,0,0.0,0.0,0.0,0.0,0.016,1.9,0
cust_5826,10,68,2542.93,254.29,29,26.9,14,4,16,0,0,0,3,180.33,0,0,2,586.37,293.18,0.3,0.0,0.0,1.6,0
cust_5827,3,24,462.69,154.23,9,13.89,3,2,6,1,1,2,2,239.79,1,1,1,264.35,264.35,0.667,0.5,0.222,2.0,1
cust_5828,6,70,858.54,143.09,29,7.72,17,1,21,1,0,2,3,224.86,1,1,0,0.0,0.0,0.5,0.333,0.069,3.5,1
cust_5829,2,27,683.87,341.94,14,1.85,7,1,11,0,0,3,1,115.26,0,0,0,0.0,0.0,0.5,0.0,0.214,5.5,0
cust_5830,3,28,841.31,280.44,13,2.5,3,3,4,2,0,1,1,122.41,1,1,0,0.0,0.0,0.333,1.0,0.077,1.333,0
cust_5831,2,29,380.33,190.16,15,1.74,7,1,7,0,0,1,3,424.15,1,1,1,119.57,119.57,1.5,0.333,0.067,3.5,1
cust_5832,4,38,477.36,119.34,20,5.85,9,2,10,6,0,0,1,156.54,4,0,1,225.11,225.11,0.25,0.0,0.0,2.5,0
cust_5833,5,26,525.75,105.15,13,12.82,6,5,9,0,0,0,3,166.7,0,1,2,515.82,257.91,0.6,0.333,0.0,1.8,0
cust_5834,10,97,2613.65,261.36,56,14.24,13,3,17,0,0,0,1,227.43,2,0,0,0.0,0.0,0.1,0.0,0.0,1.7,0
cust_5835,3,40,661.39,220.46,24,1.01,12,1,13,0,0,0,2,204.96,0,1,1,224.92,224.92,0.667,0.5,0.0,4.333,1
cust_5836,12,119,599.81,49.98,61,6.85,18,5,18,1,0,1,1,102.16,1,1,1,84.1,84.1,0.083,1.0,0.016,1.5,1
cust_5837,1,12,216.73,216.73,6,6.57,2,2,5,0,0,0,2,122.44,0,1,0,0.0,0.0,2.0,0.5,0.0,5.0,0
cust_5838,3,30,783.94,261.31,15,5.78,3,1,6,0,0,0,2,208.03,2,3,1,77.37,77.37,0.667,1.5,0.0,2.0,1
cust_5839,2,20,262.47,131.24,8,3.58,3,2,7,0,0,4,1,117.22,2,3,0,0.0,0.0,0.5,3.0,0.5,3.5,1
cust_5840,4,28,321.1,80.27,13,6.46,7,1,10,1,0,1,2,135.68,2,0,0,0.0,0.0,0.5,0.0,0.077,2.5,0
cust_5841,6,37,1336.13,222.69,17,7.27,4,4,4,3,0,0,2,275.55,2,0,1,273.53,273.53,0.333,0.0,0.0,0.667,0
cust_5842,4,28,377.96,94.49,13,9.16,7,5,8,0,0,0,2,79.21,1,0,1,105.22,105.22,0.5,0.0,0.0,2.0,0
cust_5843,1,8,46.45,46.45,4,4.74,1,1,4,2,0,1,1,187.39,1,3,2,217.83,108.92,1.0,3.0,0.25,4.0,1
cust_5844,4,51,620.7,155.18,35,29.02,11,3,13,1,0,1,0,0.0,2,0,2,196.25,98.12,0.0,0.0,0.029,3.25,0
cust_5845,7,91,1567.2,223.89,61,4.14,13,12,14,0,0,0,0,0.0,1,0,0,0.0,0.0,0.0,0.0,0.0,2.0,0
cust_5846,4,23,277.71,69.43,14,22.54,5,4,5,2,0,0,2,216.1,0,0,0,0.0,0.0,0.5,0.0,0.0,1.25,0
cust_5847,4,40,430.41,107.6,24,16.16,6,4,6,3,0,0,0,0.0,4,0,1,122.97,122.97,0.0,0.0,0.0,1.5,0
cust_5848,2,17,249.46,124.73,11,6.26,6,2,10,3,0,0,3,497.52,1,0,1,133.86,133.86,1.5,0.0,0.0,5.0,1
cust_5849,1,10,159.98,159.98,6,6.86,1,1,4,2,0,1,3,540.13,1,0,0,0.0,0.0,3.0,0.0,0.167,4.0,1
cust_5850,1,11,34.82,34.82,5,20.39,2,2,6,0,0,0,3,347.09,2,1,1,98.07,98.07,3.0,0.333,0.0,6.0,1
cust_5851,2,14,936.03,468.02,8,6.79,3,3,6,0,0,1,1,224.66,0,1,0,0.0,0.0,0.5,1.0,0.125,3.0,0
cust_5852,10,141,1327.17,132.72,69,11.37,23,16,24,1,0,1,0,0.0,0,0,3,399.01,133.0,0.0,0.0,0.014,2.4,1
cust_5853,2,28,744.18,372.09,11,16.57,5,1,9,2,0,2,2,188.31,0,3,0,0.0,0.0,1.0,1.5,0.182,4.5,1
cust_5854,2,10,240.24,120.12,5,23.85,1,1,5,3,1,3,5,433.28,1,2,2,211.0,105.5,2.5,0.4,0.6,2.5,1
cust_5855,8,93,1203.67,150.46,48,2.46,25,19,29,0,0,0,2,115.64,1,0,0,0.0,0.0,0.25,0.0,0.0,3.625,0
cust_5856,3,13,256.46,85.49,8,37.04,2,1,6,0,0,2,2,424.98,0,0,2,163.15,81.58,0.667,0.0,0.25,2.0,0
cust_5857,6,27,523.16,87.19,17,33.62,3,3,5,0,1,0,1,87.81,1,2,0,0.0,0.0,0.167,2.0,0.0,0.833,0
cust_5858,4,58,467.57,116.89,39,3.53,22,7,24,0,0,1,1,42.22,0,1,1,166.79,166.79,0.25,1.0,0.026,6.0,1
cust_5859,3,34,663.4,221.13,17,9.51,7,3,11,0,0,0,3,948.77,2,0,0,0.0,0.0,1.0,0.0,0.0,3.667,1
cust_5860,5,37,742.08,148.42,25,0.48,11,3,14,3,0,0,2,421.68,0,1,0,0.0,0.0,0.4,0.5,0.0,2.8,1
cust_5861,13,147,2533.94,194.92,94,1.84,28,18,32,0,0,0,3,107.68,1,1,1,70.16,70.16,0.231,0.333,0.0,2.462,1
cust_5862,12,159,1888.75,157.4,65,8.77,16,5,18,1,0,2,1,139.2,1,2,0,0.0,0.0,0.083,2.0,0.031,1.5,1
cust_5863,12,162,1689.39,140.78,93,10.5,44,17,46,0,1,1,3,96.7,0,0,1,65.8,65.8,0.25,0.0,0.011,3.833,1
cust_5864,1,4,180.91,180.91,2,7.65,0,0,4,0,0,2,5,174.54,2,0,1,106.57,106.57,5.0,0.0,1.0,4.0,0
cust_5865,2,26,217.39,108.7,10,12.2,3,3,7,2,0,1,4,545.22,0,1,0,0.0,0.0,2.0,0.25,0.1,3.5,1
cust_5866,1,13,135.22,135.22,7,15.75,2,2,5,1,0,2,1,81.79,1,1,0,0.0,0.0,1.0,1.0,0.286,5.0,0
cust_5867,8,84,623.51,77.94,48,1.84,26,14,28,2,0,0,1,63.24,1,0,1,240.88,240.88,0.125,0.0,0.0,3.5,0
cust_5868,3,27,477.36,159.12,12,10.78,6,4,10,0,1,1,2,312.47,2,2,1,71.13,71.13,0.667,1.0,0.083,3.333,1
cust_5869,7,36,759.06,108.44,24,8.27,7,4,7,0,0,0,2,72.41,0,1,0,0.0,0.0,0.286,0.5,0.0,1.0,0
cust_5870,10,66,829.37,82.94,38,1.25,19,12,23,0,0,1,2,101.27,1,1,0,0.0,0.0,0.2,0.5,0.026,2.3,1
cust_5871,17,159,1333.94,78.47,71,2.6,20,10,22,1,0,2,2,296.06,0,0,0,0.0,0.0,0.118,0.0,0.028,1.294,1
cust_5872,2,27,610.31,305.16,16,5.44,8,3,8,1,0,0,0,0.0,1,0,1,122.48,122.48,0.0,0.0,0.0,4.0,0
cust_5873,6,77,536.54,89.42,42,19.93,10,5,10,3,0,0,3,711.68,2,0,1,179.26,179.26,0.5,0.0,0.0,1.667,1
cust_5874,3,28,624.7,208.23,15,2.45,7,4,7,0,0,1,0,0.0,0,0,1,111.77,111.77,0.0,0.0,0.067,2.333,0
cust_5875,2,25,357.21,178.61,16,2.02,6,3,9,1,0,2,1,155.08,1,1,0,0.0,0.0,0.5,1.0,0.125,4.5,1
cust_5876,2,24,296.66,148.33,10,12.76,2,1,6,1,0,1,4,611.53,2,3,2,204.36,102.18,2.0,0.75,0.1,3.0,1
cust_5877,15,155,3332.71,222.18,84,37.21,37,10,37,1,0,0,2,148.52,1,2,0,0.0,0.0,0.133,1.0,0.0,2.467,1
cust_5878,13,83,2616.99,201.31,52,5.93,14,1,17,1,0,1,3,190.15,0,0,1,340.25,340.25,0.231,0.0,0.019,1.308,1
cust_5879,5,39,1015.12,203.02,23,4.31,6,3,8,1,0,1,0,0.0,2,0,2,567.45,283.73,0.0,0.0,0.043,1.6,0
cust_5880,8,46,2534.18,316.77,18,2.93,6,5,6,2,0,1,0,0.0,1,0,1,326.21,326.21,0.0,0.0,0.056,0.75,0
cust_5881,9,36,3373.52,374.84,22,0.51,12,9,16,1,0,1,0,0.0,0,0,1,75.54,75.54,0.0,0.0,0.045,1.778,0
cust_5882,4,19,706.59,176.65,12,1.97,6,4,6,3,0,2,2,148.41,1,1,0,0.0,0.0,0.5,0.5,0.167,1.5,1
cust_5883,10,123,1111.6,111.16,75,0.98,39,15,41,2,1,2,0,0.0,0,0,0,0.0,0.0,0.0,0.0,0.027,4.1,1
cust_5884,12,52,1862.16,155.18,34,6.81,18,2,20,2,0,1,0,0.0,1,0,0,0.0,0.0,0.0,0.0,0.029,1.667,0
cust_5885,4,33,301.53,75.38,16,38.26,6,5,6,2,0,0,2,453.49,2,2,0,0.0,0.0,0.5,1.0,0.0,1.5,1
cust_5886,1,14,330.77,330.77,7,15.48,2,1,6,3,0,0,1,177.69,0,0,0,0.0,0.0,1.0,0.0,0.0,6.0,0
cust_5887,4,50,588.8,147.2,24,9.21,13,9,16,1,0,1,0,0.0,1,0,0,0.0,0.0,0.0,0.0,0.042,4.0,0
cust_5888,4,49,2081.25,520.31,30,6.67,6,6,6,3,0,0,0,0.0,2,0,0,0.0,0.0,0.0,0.0,0.0,1.5,0
cust_5889,21,147,2316.22,110.3,100,9.6,59,9,61,2,1,0,4,510.59,0,1,1,90.07,90.07,0.19,0.25,0.0,2.905,1
cust_5890,2,22,127.99,64.0,14,4.72,5,3,8,1,1,0,2,213.68,1,0,0,0.0,0.0,1.0,0.0,0.0,4.0,0
cust_5891,12,113,3160.96,263.41,50,1.96,20,11,24,2,0,2,0,0.0,0,0,2,222.29,111.14,0.0,0.0,0.04,2.0,1
cust_5892,3,32,716.14,238.71,18,8.91,5,4,5,2,1,2,3,341.15,1,0,1,40.67,40.67,1.0,0.0,0.111,1.667,1
cust_5893,8,70,1743.11,217.89,48,7.51,12,11,14,3,0,1,1,64.63,1,3,2,376.63,188.32,0.125,3.0,0.021,1.75,1
cust_5894,4,39,350.98,87.74,19,28.92,8,7,11,0,1,1,1,9.76,1,0,2,249.84,124.92,0.25,0.0,0.053,2.75,0
cust_5895,5,74,571.33,114.27,43,10.49,14,3,15,0,0,1,0,0.0,0,0,1,147.65,147.65,0.0,0.0,0.023,3.0,0
cust_5896,5,38,642.06,128.41,25,14.85,8,1,11,2,0,0,1,104.59,0,1,1,233.52,233.52,0.2,1.0,0.0,2.2,0
cust_5897,10,63,1329.41,132.94,42,0.97,11,4,13,1,1,0,0,0.0,0,0,0,0.0,0.0,0.0,0.0,0.0,1.3,0
cust_5898,4,35,480.1,120.02,17,14.31,7,4,9,1,0,0,4,436.86,0,1,0,0.0,0.0,1.0,0.25,0.0,2.25,1
cust_5899,6,58,839.57,139.93,24,40.66,10,5,11,0,1,2,2,39.55,2,1,0,0.0,0.0,0.333,0.5,0.083,1.833,0
cust_5900,2,9,162.6,81.3,5,10.71,1,1,2,1,0,1,0,0.0,3,0,0,0.0,0.0,0.0,0.0,0.2,1.0,0
cust_5901,6,77,1505.08,250.85,52,13.55,10,4,11,0,0,0,0,0.0,0,0,1,43.97,43.97,0.0,0.0,0.0,1.833,0
cust_5902,10,86,2052.41,205.24,47,38.88,18,9,22,1,1,0,1,72.41,1,0,0,0.0,0.0,0.1,0.0,0.0,2.2,0
cust_5903,1,8,230.61,230.61,4,4.96,1,1,3,3,0,3,2,134.48,0,1,0,0.0,0.0,2.0,0.5,0.75,3.0,1
cust_5904,14,157,2343.51,167.39,103,17.38,26,5,26,3,0,2,1,139.88,2,0,0,0.0,0.0,0.071,0.0,0.019,1.857,0
cust_5905,3,37,767.74,255.91,19,5.1,8,6,12,1,0,0,2,70.5,0,1,1,98.93,98.93,0.667,0.5,0.0,4.0,0
cust_5906,2,29,90.53,45.26,17,5.55,7,7,9,0,1,0,1,164.88,1,0,0,0.0,0.0,0.5,0.0,0.0,4.5,0
cust_5907,3,17,176.7,58.9,8,10.74,3,2,6,2,0,2,1,127.45,1,0,1,133.36,133.36,0.333,0.0,0.25,2.0,0
cust_5908,5,39,876.77,175.35,20,2.96,8,1,9,1,0,0,2,164.93,2,0,0,0.0,0.0,0.4,0.0,0.0,1.8,0
cust_5909,5,29,808.5,161.7,13,49.31,5,1,8,1,1,0,0,0.0,0,0,1,157.86,157.86,0.0,0.0,0.0,1.6,0
cust_5910,6,82,594.05,99.01,34,3.99,8,1,8,0,0,1,1,115.53,1,0,0,0.0,0.0,0.167,0.0,0.029,1.333,0
cust_5911,10,100,2177.97,217.8,66,1.31,18,6,22,1,0,0,1,192.44,1,0,1,209.03,209.03,0.1,0.0,0.0,2.2,0
cust_5912,6,80,533.66,88.94,36,3.89,7,5,10,2,1,0,1,75.78,1,3,0,0.0,0.0,0.167,3.0,0.0,1.667,0
cust_5913,4,59,623.61,155.9,24,19.38,14,9,14,0,1,0,1,74.26,1,0,0,0.0,0.0,0.25,0.0,0.0,3.5,0
cust_5914,4,40,1077.41,269.35,22,3.77,6,6,9,1,1,1,2,118.85,0,1,0,0.0,0.0,0.5,0.5,0.045,2.25,0
cust_5915,4,21,468.76,117.19,11,9.45,5,2,7,0,0,0,0,0.0,1,0,0,0.0,0.0,0.0,0.0,0.0,1.75,0
cust_5916,1,7,77.84,77.84,3,27.38,1,1,4,1,0,1,0,0.0,0,0,0,0.0,0.0,0.0,0.0,0.333,4.0,0
cust_5917,8,35,3321.4,415.17,18,3.01,8,2,9,0,1,0,0,0.0,1,0,1,117.01,117.01,0.0,0.0,0.0,1.125,0
cust_5918,8,106,1571.23,196.4,46,1.41,17,12,18,0,0,0,1,99.73,0,1,0,0.0,0.0,0.125,1.0,0.0,2.25,0
cust_5919,9,37,1805.65,200.63,15,1.02,6,4,8,3,0,1,3,341.18,0,1,1,240.71,240.71,0.333,0.333,0.067,0.889,1
cust_5920,12,126,2478.82,206.57,52,5.8,14,5,18,1,0,2,1,190.23,2,2,0,0.0,0.0,0.083,2.0,0.038,1.5,1
cust_5921,6,31,497.68,82.95,21,1.1,5,5,6,0,0,0,1,41.47,2,2,0,0.0,0.0,0.167,2.0,0.0,1.0,1
cust_5922,2,8,425.25,212.63,4,6.05,1,1,4,0,0,1,1,78.99,4,1,0,0.0,0.0,0.5,1.0,0.25,2.0,0
cust_5923,10,68,1734.35,173.43,35,19.86,18,1,19,3,0,0,1,83.25,1,0,0,0.0,0.0,0.1,0.0,0.0,1.9,0
cust_5924,9,90,3113.39,345.93,47,15.03,20,9,22,1,1,0,1,137.76,1,1,0,0.0,0.0,0.111,1.0,0.0,2.444,1
cust_5925,1,4,189.37,189.37,2,8.72,1,1,5,1,0,0,3,266.42,1,0,1,255.37,255.37,3.0,0.0,0.0,5.0,0
cust_5926,6,64,589.21,98.2,32,19.0,17,4,19,1,0,0,4,597.57,0,3,0,0.0,0.0,0.667,0.75,0.0,3.167,1
cust_5927,4,45,562.3,140.58,28,1.06,11,5,14,0,0,1,4,453.6,0,0,0,0.0,0.0,1.0,0.0,0.036,3.5,1
cust_5928,2,29,68.05,34.02,13,9.4,4,1,5,4,0,1,2,107.23,0,0,2,425.29,212.64,1.0,0.0,0.077,2.5,0
cust_5929,8,111,524.81,65.6,56,1.23,30,16,33,1,0,2,0,0.0,0,0,0,0.0,0.0,0.0,0.0,0.036,4.125,1
cust_5930,3,30,429.63,143.21,20,6.58,5,1,6,2,0,1,2,133.42,0,1,1,115.17,115.17,0.667,0.5,0.05,2.0,0
cust_5931,4,50,482.23,120.56,23,6.23,4,1,5,3,0,0,2,149.66,0,0,2,155.92,77.96,0.5,0.0,0.0,1.25,0
cust_5932,4,32,1201.72,300.43,19,3.08,4,4,4,2,0,2,0,0.0,0,0,0,0.0,0.0,0.0,0.0,0.105,1.0,0
cust_5933,5,52,2090.27,418.05,26,17.71,11,10,13,1,0,0,3,100.83,0,2,1,150.77,150.77,0.6,0.667,0.0,2.6,1
cust_5934,14,118,1961.68,140.12,63,2.59,35,3,35,0,1,2,0,0.0,1,0,0,0.0,0.0,0.0,0.0,0.032,2.5,0
cust_5935,3,23,433.55,144.52,9,8.03,3,3,6,0,0,1,0,0.0,0,0,0,0.0,0.0,0.0,0.0,0.111,2.0,0
cust_5936,6,72,1114.85,185.81,32,6.58,11,8,14,1,0,1,2,168.83,1,3,1,20.77,20.77,0.333,1.5,0.031,2.333,1
cust_5937,3,21,880.5,293.5,9,5.65,3,3,7,1,1,1,3,298.27,1,0,0,0.0,0.0,1.0,0.0,0.111,2.333,0
cust_5938,2,16,138.32,69.16,10,0.34,4,2,5,0,0,0,1,74.39,1,0,1,375.7,375.7,0.5,0.0,0.0,2.5,0
cust_5939,8,64,951.95,118.99,44,11.93,22,5,22,2,0,2,2,97.14,1,0,0,0.0,0.0,0.25,0.0,0.045,2.75,0
cust_5940,10,135,875.27,87.53,56,0.13,18,2,22,2,0,0,1,103.99,0,1,0,0.0,0.0,0.1,1.0,0.0,2.2,1
cust_5941,2,11,146.67,73.34,4,17.18,1,1,1,1,0,1,1,43.17,0,2,1,114.57,114.57,0.5,2.0,0.25,0.5,0
cust_5942,1,8,51.49,51.49,4,3.1,0,0,3,1,0,1,1,162.83,1,3,1,168.82,168.82,1.0,3.0,0.25,3.0,1
cust_5943,4,55,496.85,124.21,30,1.28,13,5,17,4,0,0,1,50.62,1,1,3,837.44,279.15,0.25,1.0,0.0,4.25,1
cust_5944,7,29,3782.52,540.36,17,5.4,8,4,10,1,1,0,2,100.9,0,2,0,0.0,0.0,0.286,1.0,0.0,1.429,0
cust_5945,2,28,70.27,35.14,17,8.2,6,6,10,1,0,1,2,56.8,2,0,0,0.0,0.0,1.0,0.0,0.059,5.0,0
cust_5946,1,13,127.45,127.45,8,3.72,2,2,3,3,1,0,1,42.4,2,2,0,0.0,0.0,1.0,2.0,0.0,3.0,0
cust_5947,5,42,1853.1,370.62,18,1.3,5,1,8,1,0,2,1,128.12,1,1,0,0.0,0.0,0.2,1.0,0.111,1.6,1
cust_5948,4,44,304.78,76.2,18,0.18,8,5,10,2,0,1,0,0.0,0,0,0,0.0,0.0,0.0,0.0,0.056,2.5,0
cust_5949,2,29,189.82,94.91,19,12.17,6,1,9,0,0,0,0,0.0,1,0,0,0.0,0.0,0.0,0.0,0.0,4.5,0
cust_5950,7,70,1150.13,164.3,37,21.75,16,1,17,2,0,0,2,34.45,0,1,0,0.0,0.0,0.286,0.5,0.0,2.429,0
cust_5951,1,5,111.8,111.8,3,1.06,1,1,4,3,0,0,1,113.75,0,1,1,166.14,166.14,1.0,1.0,0.0,4.0,0
cust_5952,5,66,394.93,78.99,36,2.62,11,3,13,1,0,1,3,224.85,3,3,0,0.0,0.0,0.6,1.0,0.028,2.6,1
cust_5953,5,27,2426.84,485.37,14,0.2,3,2,7,0,0,0,2,139.55,1,0,1,246.02,246.02,0.4,0.0,0.0,1.4,0
cust_5954,2,13,506.57,253.28,7,21.63,3,1,7,0,1,0,1,127.68,0,0,0,0.0,0.0,0.5,0.0,0.0,3.5,0
cust_5955,1,13,107.57,107.57,5,5.88,1,1,5,1,1,0,0,0.0,2,0,2,186.7,93.35,0.0,0.0,0.0,5.0,0
cust_5956,14,95,2092.86,149.49,45,25.93,26,1,28,1,0,0,1,348.3,1,1,0,0.0,0.0,0.071,1.0,0.0,2.0,1
cust_5957,10,121,882.28,88.23,81,6.31,43,14,47,1,0,2,5,378.26,3,0,2,742.06,371.03,0.5,0.0,0.025,4.7,1
cust_5958,6,53,2090.22,348.37,24,19.82,8,6,8,0,1,1,2,506.92,2,1,1,107.21,107.21,0.333,0.5,0.042,1.333,1
cust_5959,4,49,193.67,48.42,23,30.31,10,6,10,0,0,1,0,0.0,0,0,0,0.0,0.0,0.0,0.0,0.043,2.5,0
cust_5960,13,85,2532.15,194.78,47,4.08,14,13,18,0,0,1,3,180.08,0,0,0,0.0,0.0,0.231,0.0,0.021,1.385,0
cust_5961,9,77,4721.72,524.64,45,10.24,10,5,11,2,0,0,1,259.34,0,1,0,0.0,0.0,0.111,1.0,0.0,1.222,0
cust_5962,10,74,1165.53,116.55,29,10.98,11,5,13,2,0,0,2,96.62,1,1,0,0.0,0.0,0.2,0.5,0.0,1.3,0
cust_5963,2,13,483.15,241.57,6,0.22,2,1,3,0,0,0,0,0.0,1,0,0,0.0,0.0,0.0,0.0,0.0,1.5,0
cust_5964,3,22,227.14,75.71,11,5.77,6,2,9,0,0,1,2,106.51,0,1,1,70.28,70.28,0.667,0.5,0.091,3.0,0
cust_5965,3,22,718.53,239.51,14,19.33,6,1,7,1,0,1,3,438.41,0,1,0,0.0,0.0,1.0,0.333,0.071,2.333,0
cust_5966,2,29,369.33,184.67,18,29.24,8,2,9,1,1,1,4,592.52,1,1,1,161.17,161.17,2.0,0.25,0.056,4.5,1
cust_5967,7,69,1161.35,165.91,46,22.95,11,10,12,4,0,0,1,97.97,0,1,0,0.0,0.0,0.143,1.0,0.0,1.714,0
cust_5968,2,18,257.24,128.62,11,36.08,5,1,9,0,0,1,0,0.0,0,0,1,128.93,128.93,0.0,0.0,0.091,4.5,0
cust_5969,1,9,105.88,105.88,5,10.59,1,1,4,2,1,1,0,0.0,1,0,1,210.65,210.65,0.0,0.0,0.2,4.0,0
cust_5970,5,74,401.94,80.39,48,2.65,21,5,24,2,0,1,0,0.0,0,0,0,0.0,0.0,0.0,0.0,0.021,4.8,0
cust_5971,4,44,1265.52,316.38,19,8.57,10,8,14,0,0,2,2,265.83,0,1,1,291.02,291.02,0.5,0.5,0.105,3.5,1
cust_5972,6,70,681.66,113.61,35,5.47,13,3,13,1,0,1,2,50.6,2,2,3,646.73,215.58,0.333,1.0,0.029,2.167,1
cust_5973,3,22,567.85,189.28,13,2.99,3,1,3,1,0,0,1,81.15,0,0,0,0.0,0.0,0.333,0.0,0.0,1.0,0
cust_5974,1,9,165.28,165.28,6,14.82,2,2,5,0,0,1,4,454.16,1,0,2,529.74,264.87,4.0,0.0,0.167,5.0,1
cust_5975,10,60,2334.12,233.41,36,9.92,19,16,21,0,0,1,3,239.6,1,1,0,0.0,0.0,0.3,0.333,0.028,2.1,1
cust_5976,2,23,644.03,322.01,10,15.61,4,3,8,1,0,2,0,0.0,0,0,1,72.22,72.22,0.0,0.0,0.2,4.0,0
cust_5977,2,15,208.09,104.05,10,3.14,4,4,5,1,0,1,1,72.3,0,1,0,0.0,0.0,0.5,1.0,0.1,2.5,0
cust_5978,1,12,314.3,314.3,7,23.42,3,2,5,3,0,1,1,30.83,0,0,0,0.0,0.0,1.0,0.0,0.143,5.0,0
cust_5979,8,50,1237.93,154.74,30,2.73,16,3,16,0,0,0,0,0.0,1,0,0,0.0,0.0,0.0,0.0,0.0,2.0,0
cust_5980,14,118,1230.57,87.9,74,9.21,19,3,22,1,0,0,0,0.0,0,0,0,0.0,0.0,0.0,0.0,0.0,1.571,0
cust_5981,1,9,172.39,172.39,5,0.59,2,1,2,0,1,1,1,148.11,1,1,0,0.0,0.0,1.0,1.0,0.2,2.0,0
cust_5982,2,11,207.98,103.99,4,7.79,2,1,5,1,1,1,3,429.55,1,2,1,79.81,79.81,1.5,0.667,0.25,2.5,1
cust_5983,10,47,1357.98,135.8,22,1.04,8,1,12,2,0,0,2,267.64,0,0,0,0.0,0.0,0.2,0.0,0.0,1.2,0
cust_5984,3,22,519.79,173.26,15,4.04,5,3,8,3,0,1,1,160.69,0,1,0,0.0,0.0,0.333,1.0,0.067,2.667,0
cust_5985,4,39,640.74,160.19,18,19.71,10,1,12,0,0,1,1,15.14,0,1,0,0.0,0.0,0.25,1.0,0.056,3.0,0
cust_5986,2,22,294.98,147.49,13,22.4,6,5,8,0,1,0,0,0.0,0,0,0,0.0,0.0,0.0,0.0,0.0,4.0,0
cust_5987,5,43,1294.93,258.99,22,14.58,13,9,15,1,0,1,2,85.46,1,0,1,126.98,126.98,0.4,0.0,0.045,3.0,0
cust_5988,11,104,2352.77,213.89,69,4.58,31,1,33,0,1,1,1,59.74,1,1,1,134.6,134.6,0.091,1.0,0.014,3.0,1
cust_5989,7,69,1862.0,266.0,39,8.64,8,4,9,2,0,0,2,576.17,1,0,0,0.0,0.0,0.286,0.0,0.0,1.286,1
cust_5990,6,57,621.76,103.63,33,2.54,8,2,8,2,1,0,0,0.0,1,0,0,0.0,0.0,0.0,0.0,0.0,1.333,0
cust_5991,1,4,103.62,103.62,1,11.34,0,0,4,0,0,1,4,1042.24,0,0,0,0.0,0.0,4.0,0.0,1.0,4.0,1
cust_5992,1,8,280.73,280.73,3,4.27,1,1,5,1,1,1,3,352.16,0,1,0,0.0,0.0,3.0,0.333,0.333,5.0,1
cust_5993,2,12,280.17,140.09,7,2.5,1,1,5,1,0,2,4,644.66,0,0,0,0.0,0.0,2.0,0.0,0.286,2.5,1
cust_5994,3,29,576.19,192.06,12,8.79,2,1,2,1,0,2,1,119.46,0,1,0,0.0,0.0,0.333,1.0,0.167,0.667,0
cust_5995,10,123,1036.13,103.61,75,1.19,22,12,25,1,1,2,2,145.21,3,1,0,0.0,0.0,0.2,0.5,0.027,2.5,1
cust_5996,8,82,1110.06,138.76,46,11.61,11,11,15,2,0,1,0,0.0,0,0,2,95.75,47.88,0.0,0.0,0.022,1.875,0
cust_5997,3,19,860.1,286.7,12,2.07,6,4,10,1,0,0,0,0.0,0,0,0,0.0,0.0,0.0,0.0,0.0,3.333,0
cust_5998,7,43,480.64,68.66,19,8.06,10,10,11,0,0,0,2,104.18,0,3,0,0.0,0.0,0.286,1.5,0.0,1.571,1
cust_5999,13,57,1954.49,150.35,32,4.98,17,17,21,1,0,1,0,0.0,0,0,2,137.13,68.56,0.0,0.0,0.031,1.615,1
cust_6000,6,52,2024.79,337.47,30,8.35,7,1,11,1,0,0,6,1039.82,1,0,0,0.0,0.0,1.0,0.0,0.0,1.833,1
